{
  "name": "sc.service.sc-integrations-brokers-api",
  "version": "3.8.9",
  "hostname": "ip-10-137-1-157",
  "pid": 2399,
  "type": "SC_BROKER",
  "level": 30,
  "context": {
    "options": {
      "accessToken": "REDACTED",
      "apiKey": "REDACTED",
      "apiSecret": "REDACTED",
      "buyAmount": 0,
      "sellAmount": 0,
      "stocksCount": 0
    },
    "response": {
      "error": null,
      "response": {
        "code": true,
        "reason": "success",
        "sufficientFunds": true,
        "requiredFunds": 0,
        "allowedSellValues": {
          "T0": 0,
          "T1": 1
        }
      }
    },
    "user": {
      "id": "69044940460b987a8555aba0"
    },
    "brokerFunctionLogId": "a9bd83dd-5419-4561-ab3e-69b5631ed143",
    "brokerApi": {
      "functionName": "Funds.check",
      "brokerName": "hdfcsky"
    }
  },
  "reqId": "6a29d170-c5ea-11f0-bcd3-515fe7353c87",
  "msg": "broker lib function response recieved",
  "time": "2025-11-20T08:25:04.266Z",
  "v": 0
},
{
  "name": "sc.service.sc-integrations-brokers-api",
  "version": "3.8.9",
  "hostname": "ip-10-137-1-157",
  "pid": 2390,
  "type": "SC_BROKER",
  "level": 30,
  "context": {
    "options": {
      "accessToken": "REDACTED",
      "apiKey": "REDACTED",
      "apiSecret": "REDACTED",
      "buyAmount": 0,
      "sellAmount": 0,
      "stocksCount": 0
    },
    "response": {
      "error": null,
      "response": {
        "code": true,
        "reason": "success",
        "sufficientFunds": true,
        "requiredFunds": 0,
        "allowedSellValues": {
          "T0": 0,
          "T1": 1
        }
      }
    },
    "user": {
      "id": "69044940460b987a8555aba0"
    },
    "brokerFunctionLogId": "2d6654e1-77c1-4031-86e2-39e3b09ad36e",
    "brokerApi": {
      "functionName": "Funds.check",
      "brokerName": "hdfcsky"
    }
  },
  "reqId": "6a1fe660-c5ea-11f0-997b-5f33bf0d7fc0",
  "msg": "broker lib function response recieved",
  "time": "2025-11-20T08:25:04.202Z",
  "v": 0
},
{
  "name": "sc.service.sc-integrations-brokers-api",
  "version": "3.8.9",
  "hostname": "ip-10-137-1-157",
  "pid": 2390,
  "type": "SC_BROKER",
  "level": 40,
  "err": {
    "message": "Failed to fetch holdings",
    "stack": "Error: HTTP 401: {\"error\":\"invalid credentials\"}\n    at requestBroker (/deployments/sc-integrations-broker-api/node_modules/@smallcase/sc-integrations-broker-lib/src/brokers/hdfcsky/services/request.js:82:32)\n    at processTicksAndRejections (node:internal/process/task_queues:95:5)\n    at holdings (/deployments/sc-integrations-broker-api/node_modules/@smallcase/sc-integrations-broker-lib/src/brokers/hdfcsky/services/portfolio.js:38:52)\n    at Object.liveHoldings (/deployments/sc-integrations-broker-api/node_modules/@smallcase/sc-integrations-broker-lib/src/brokers/hdfcsky/services/portfolio.js:133:72)\n    at Object.liveHoldings (/deployments/sc-integrations-broker-api/node_modules/@smallcase/sc-integrations-broker-lib/src/brokers/hdfcsky/api.js:125:60)"
  },
  "context": {
    "broker": "hdfcsky",
    "msg": "Error in fetching live holdings",
    "details": {
      "options": {
        "accessToken": "REDACTED",
        "brokeruserId": "S10272",
        "apiKey": "REDACTED",
        "apiSecret": "REDACTED"
      }
    },
    "userId": "69044940460b987a8555aba0",
    "brokerFunctionLogId": "79435ac6-cd26-4a49-9ed1-8f35949ed79a",
    "functionName": "Portfolio.liveHoldings",
    "brokerName": "hdfcsky"
  },
  "reqId": "6a162260-c5ea-11f0-997b-5f33bf0d7fc0",
  "msg": "",
  "time": "2025-11-20T08:25:04.157Z",
  "v": 0
},
{
  "name": "sc.service.sc-integrations-brokers-api",
  "version": "3.8.9",
  "hostname": "ip-10-137-1-157",
  "pid": 2390,
  "type": "SC_BROKER",
  "level": 30,
  "context": {
    "options": {
      "accessToken": "REDACTED",
      "brokeruserId": "S10272",
      "apiKey": "REDACTED",
      "apiSecret": "REDACTED"
    },
    "response": {
      "error": {
        "code": false,
        "reason": "error",
        "message": "Failed to fetch holdings",
        "stack": "Error: HTTP 401: {\"error\":\"invalid credentials\"}\n    at requestBroker (/deployments/sc-integrations-broker-api/node_modules/@smallcase/sc-integrations-broker-lib/src/brokers/hdfcsky/services/request.js:82:32)\n    at processTicksAndRejections (node:internal/process/task_queues:95:5)\n    at holdings (/deployments/sc-integrations-broker-api/node_modules/@smallcase/sc-integrations-broker-lib/src/brokers/hdfcsky/services/portfolio.js:38:52)\n    at Object.liveHoldings (/deployments/sc-integrations-broker-api/node_modules/@smallcase/sc-integrations-broker-lib/src/brokers/hdfcsky/services/portfolio.js:133:72)\n    at Object.liveHoldings (/deployments/sc-integrations-broker-api/node_modules/@smallcase/sc-integrations-broker-lib/src/brokers/hdfcsky/api.js:125:60)",
        "statusCode": 401,
        "body": {
          "error": "invalid credentials"
        }
      },
      "response": {
        "code": false,
        "reason": "error",
        "message": "Failed to fetch holdings",
        "stack": "Error: HTTP 401: {\"error\":\"invalid credentials\"}\n    at requestBroker (/deployments/sc-integrations-broker-api/node_modules/@smallcase/sc-integrations-broker-lib/src/brokers/hdfcsky/services/request.js:82:32)\n    at processTicksAndRejections (node:internal/process/task_queues:95:5)\n    at holdings (/deployments/sc-integrations-broker-api/node_modules/@smallcase/sc-integrations-broker-lib/src/brokers/hdfcsky/services/portfolio.js:38:52)\n    at Object.liveHoldings (/deployments/sc-integrations-broker-api/node_modules/@smallcase/sc-integrations-broker-lib/src/brokers/hdfcsky/services/portfolio.js:133:72)\n    at Object.liveHoldings (/deployments/sc-integrations-broker-api/node_modules/@smallcase/sc-integrations-broker-lib/src/brokers/hdfcsky/api.js:125:60)",
        "statusCode": 401,
        "body": {
          "error": "invalid credentials"
        }
      }
    },
    "userId": "69044940460b987a8555aba0",
    "brokerFunctionLogId": "79435ac6-cd26-4a49-9ed1-8f35949ed79a",
    "brokerApi": {
      "functionName": "Portfolio.liveHoldings",
      "brokerName": "hdfcsky"
    }
  },
  "reqId": "6a162260-c5ea-11f0-997b-5f33bf0d7fc0",
  "msg": "broker lib function response recieved",
  "time": "2025-11-20T08:25:04.157Z",
  "v": 0
},
{
  "name": "sc.service.sc-integrations-brokers-api",
  "version": "3.8.9",
  "hostname": "ip-10-137-1-157",
  "pid": 2390,
  "type": "SC_BROKER",
  "level": 50,
  "err": {
    "message": "Request failed with status code 401",
    "name": "AxiosError",
    "stack": "AxiosError: Request failed with status code 401\n    at settle (/deployments/sc-integrations-broker-api/node_modules/axios/lib/core/settle.js:17:12)\n    at IncomingMessage.handleStreamEnd (/deployments/sc-integrations-broker-api/node_modules/axios/lib/adapters/http.js:382:11)\n    at IncomingMessage.emit (node:events:525:35)\n    at endReadableNT (node:internal/streams/readable:1359:12)\n    at processTicksAndRejections (node:internal/process/task_queues:82:21)"
  },
  "context": {
    "broker": "hdfcsky",
    "msg": "Error in request - Request failed with status code 401",
    "details": {
      "request": {
        "url": "https://developer.hdfcsky.com/oapi/v1/holdings?api_key=1bc928ff1ce54970b0a2f2ae4740dc77&client_id=S10272",
        "method": "GET",
        "headers": {
          "Authorization": "REDACTED",
          "Content-Type": "application/json"
        },
        "timeout": 20000
      },
      "userId": "S10272",
      "accessToken": "REDACTED",
      "response": {
        "error": "invalid credentials"
      }
    },
    "userId": "69044940460b987a8555aba0",
    "brokerFunctionLogId": "79435ac6-cd26-4a49-9ed1-8f35949ed79a",
    "functionName": "Portfolio.liveHoldings",
    "brokerName": "hdfcsky"
  },
  "reqId": "6a162260-c5ea-11f0-997b-5f33bf0d7fc0",
  "msg": "",
  "time": "2025-11-20T08:25:04.156Z",
  "v": 0
},
{
  "name": "sc.service.sc-integrations-brokers-api",
  "version": "3.8.9",
  "hostname": "ip-10-137-1-157",
  "pid": 2390,
  "type": "SC_BROKER",
  "level": 30,
  "context": {
    "options": {
      "accessToken": "REDACTED",
      "brokeruserId": "S10272",
      "apiKey": "REDACTED",
      "apiSecret": "REDACTED"
    },
    "response": {
      "error": {
        "code": false,
        "reason": "error",
        "message": "Failed to fetch holdings",
        "stack": "Error: HTTP 401: {\"error\":\"invalid credentials\"}\n    at requestBroker (/deployments/sc-integrations-broker-api/node_modules/@smallcase/sc-integrations-broker-lib/src/brokers/hdfcsky/services/request.js:82:32)\n    at processTicksAndRejections (node:internal/process/task_queues:95:5)\n    at holdings (/deployments/sc-integrations-broker-api/node_modules/@smallcase/sc-integrations-broker-lib/src/brokers/hdfcsky/services/portfolio.js:38:52)\n    at Object.liveHoldings (/deployments/sc-integrations-broker-api/node_modules/@smallcase/sc-integrations-broker-lib/src/brokers/hdfcsky/services/portfolio.js:133:72)\n    at Object.liveHoldings (/deployments/sc-integrations-broker-api/node_modules/@smallcase/sc-integrations-broker-lib/src/brokers/hdfcsky/api.js:125:60)",
        "statusCode": 401,
        "body": {
          "error": "invalid credentials"
        }
      },
      "response": {
        "code": false,
        "reason": "error",
        "message": "Failed to fetch holdings",
        "stack": "Error: HTTP 401: {\"error\":\"invalid credentials\"}\n    at requestBroker (/deployments/sc-integrations-broker-api/node_modules/@smallcase/sc-integrations-broker-lib/src/brokers/hdfcsky/services/request.js:82:32)\n    at processTicksAndRejections (node:internal/process/task_queues:95:5)\n    at holdings (/deployments/sc-integrations-broker-api/node_modules/@smallcase/sc-integrations-broker-lib/src/brokers/hdfcsky/services/portfolio.js:38:52)\n    at Object.liveHoldings (/deployments/sc-integrations-broker-api/node_modules/@smallcase/sc-integrations-broker-lib/src/brokers/hdfcsky/services/portfolio.js:133:72)\n    at Object.liveHoldings (/deployments/sc-integrations-broker-api/node_modules/@smallcase/sc-integrations-broker-lib/src/brokers/hdfcsky/api.js:125:60)",
        "statusCode": 401,
        "body": {
          "error": "invalid credentials"
        }
      }
    },
    "userId": "69044940460b987a8555aba0",
    "brokerFunctionLogId": "56a52992-3656-4af9-bb0f-d10dff0f847a",
    "brokerApi": {
      "functionName": "Portfolio.liveHoldings",
      "brokerName": "hdfcsky"
    }
  },
  "reqId": "69f57b00-c5ea-11f0-997b-5f33bf0d7fc0",
  "msg": "broker lib function response recieved",
  "time": "2025-11-20T08:25:03.951Z",
  "v": 0
},
{
  "name": "sc.service.sc-integrations-brokers-api",
  "version": "3.8.9",
  "hostname": "ip-10-137-1-157",
  "pid": 2390,
  "type": "SC_BROKER",
  "level": 40,
  "err": {
    "message": "Failed to fetch holdings",
    "stack": "Error: HTTP 401: {\"error\":\"invalid credentials\"}\n    at requestBroker (/deployments/sc-integrations-broker-api/node_modules/@smallcase/sc-integrations-broker-lib/src/brokers/hdfcsky/services/request.js:82:32)\n    at processTicksAndRejections (node:internal/process/task_queues:95:5)\n    at holdings (/deployments/sc-integrations-broker-api/node_modules/@smallcase/sc-integrations-broker-lib/src/brokers/hdfcsky/services/portfolio.js:38:52)\n    at Object.liveHoldings (/deployments/sc-integrations-broker-api/node_modules/@smallcase/sc-integrations-broker-lib/src/brokers/hdfcsky/services/portfolio.js:133:72)\n    at Object.liveHoldings (/deployments/sc-integrations-broker-api/node_modules/@smallcase/sc-integrations-broker-lib/src/brokers/hdfcsky/api.js:125:60)"
  },
  "context": {
    "broker": "hdfcsky",
    "msg": "Error in fetching live holdings",
    "details": {
      "options": {
        "accessToken": "REDACTED",
        "brokeruserId": "S10272",
        "apiKey": "REDACTED",
        "apiSecret": "REDACTED"
      }
    },
    "userId": "69044940460b987a8555aba0",
    "brokerFunctionLogId": "56a52992-3656-4af9-bb0f-d10dff0f847a",
    "functionName": "Portfolio.liveHoldings",
    "brokerName": "hdfcsky"
  },
  "reqId": "69f57b00-c5ea-11f0-997b-5f33bf0d7fc0",
  "msg": "",
  "time": "2025-11-20T08:25:03.949Z",
  "v": 0
},
{
  "name": "sc.service.sc-integrations-brokers-api",
  "version": "3.8.9",
  "hostname": "ip-10-137-1-157",
  "pid": 2390,
  "type": "SC_BROKER",
  "level": 50,
  "err": {
    "message": "Request failed with status code 401",
    "name": "AxiosError",
    "stack": "AxiosError: Request failed with status code 401\n    at settle (/deployments/sc-integrations-broker-api/node_modules/axios/lib/core/settle.js:17:12)\n    at IncomingMessage.handleStreamEnd (/deployments/sc-integrations-broker-api/node_modules/axios/lib/adapters/http.js:382:11)\n    at IncomingMessage.emit (node:events:525:35)\n    at endReadableNT (node:internal/streams/readable:1359:12)\n    at processTicksAndRejections (node:internal/process/task_queues:82:21)"
  },
  "context": {
    "broker": "hdfcsky",
    "msg": "Error in request - Request failed with status code 401",
    "details": {
      "request": {
        "url": "https://developer.hdfcsky.com/oapi/v1/holdings?api_key=1bc928ff1ce54970b0a2f2ae4740dc77&client_id=S10272",
        "method": "GET",
        "headers": {
          "Authorization": "REDACTED",
          "Content-Type": "application/json"
        },
        "timeout": 20000
      },
      "userId": "S10272",
      "accessToken": "REDACTED",
      "response": {
        "error": "invalid credentials"
      }
    },
    "userId": "69044940460b987a8555aba0",
    "brokerFunctionLogId": "56a52992-3656-4af9-bb0f-d10dff0f847a",
    "functionName": "Portfolio.liveHoldings",
    "brokerName": "hdfcsky"
  },
  "reqId": "69f57b00-c5ea-11f0-997b-5f33bf0d7fc0",
  "msg": "",
  "time": "2025-11-20T08:25:03.946Z",
  "v": 0
},
{
  "name": "sc.service.sc-integrations-brokers-api",
  "version": "3.8.9",
  "hostname": "ip-10-137-1-157",
  "pid": 2399,
  "type": "SC_BROKER",
  "level": 30,
  "context": {
    "options": {
      "accessToken": "REDACTED",
      "apiKey": "REDACTED",
      "apiSecret": "REDACTED",
      "buyAmount": 0,
      "sellAmount": 0,
      "stocksCount": 0
    },
    "response": {
      "error": null,
      "response": {
        "code": true,
        "reason": "success",
        "sufficientFunds": true,
        "requiredFunds": 0,
        "allowedSellValues": {
          "T0": 0,
          "T1": 1
        }
      }
    },
    "user": {
      "id": "69044940460b987a8555aba0"
    },
    "brokerFunctionLogId": "9b41b66c-ca47-456d-aa4b-bd9debdae722",
    "brokerApi": {
      "functionName": "Funds.check",
      "brokerName": "hdfcsky"
    }
  },
  "reqId": "4a1ba430-c5ea-11f0-bcd3-515fe7353c87",
  "msg": "broker lib function response recieved",
  "time": "2025-11-20T08:24:10.485Z",
  "v": 0
},
{
  "name": "sc.service.sc-integrations-brokers-api",
  "version": "3.8.9",
  "hostname": "ip-10-137-1-157",
  "pid": 2390,
  "type": "SC_BROKER",
  "level": 30,
  "context": {
    "options": {
      "accessToken": "REDACTED",
      "brokeruserId": "S10272",
      "apiKey": "REDACTED",
      "apiSecret": "REDACTED"
    },
    "response": {
      "error": {
        "code": false,
        "reason": "error",
        "message": "Failed to fetch holdings",
        "stack": "Error: HTTP 401: {\"error\":\"invalid credentials\"}\n    at requestBroker (/deployments/sc-integrations-broker-api/node_modules/@smallcase/sc-integrations-broker-lib/src/brokers/hdfcsky/services/request.js:82:32)\n    at processTicksAndRejections (node:internal/process/task_queues:95:5)\n    at holdings (/deployments/sc-integrations-broker-api/node_modules/@smallcase/sc-integrations-broker-lib/src/brokers/hdfcsky/services/portfolio.js:38:52)\n    at Object.liveHoldings (/deployments/sc-integrations-broker-api/node_modules/@smallcase/sc-integrations-broker-lib/src/brokers/hdfcsky/services/portfolio.js:133:72)\n    at Object.liveHoldings (/deployments/sc-integrations-broker-api/node_modules/@smallcase/sc-integrations-broker-lib/src/brokers/hdfcsky/api.js:125:60)",
        "statusCode": 401,
        "body": {
          "error": "invalid credentials"
        }
      },
      "response": {
        "code": false,
        "reason": "error",
        "message": "Failed to fetch holdings",
        "stack": "Error: HTTP 401: {\"error\":\"invalid credentials\"}\n    at requestBroker (/deployments/sc-integrations-broker-api/node_modules/@smallcase/sc-integrations-broker-lib/src/brokers/hdfcsky/services/request.js:82:32)\n    at processTicksAndRejections (node:internal/process/task_queues:95:5)\n    at holdings (/deployments/sc-integrations-broker-api/node_modules/@smallcase/sc-integrations-broker-lib/src/brokers/hdfcsky/services/portfolio.js:38:52)\n    at Object.liveHoldings (/deployments/sc-integrations-broker-api/node_modules/@smallcase/sc-integrations-broker-lib/src/brokers/hdfcsky/services/portfolio.js:133:72)\n    at Object.liveHoldings (/deployments/sc-integrations-broker-api/node_modules/@smallcase/sc-integrations-broker-lib/src/brokers/hdfcsky/api.js:125:60)",
        "statusCode": 401,
        "body": {
          "error": "invalid credentials"
        }
      }
    },
    "userId": "69044940460b987a8555aba0",
    "brokerFunctionLogId": "6bd5e183-f58b-429a-8980-d2e89b7f63fc",
    "brokerApi": {
      "functionName": "Portfolio.liveHoldings",
      "brokerName": "hdfcsky"
    }
  },
  "reqId": "4a1366d0-c5ea-11f0-997b-5f33bf0d7fc0",
  "msg": "broker lib function response recieved",
  "time": "2025-11-20T08:24:10.452Z",
  "v": 0
},
{
  "name": "sc.service.sc-integrations-brokers-api",
  "version": "3.8.9",
  "hostname": "ip-10-137-1-157",
  "pid": 2390,
  "type": "SC_BROKER",
  "level": 50,
  "err": {
    "message": "Request failed with status code 401",
    "name": "AxiosError",
    "stack": "AxiosError: Request failed with status code 401\n    at settle (/deployments/sc-integrations-broker-api/node_modules/axios/lib/core/settle.js:17:12)\n    at IncomingMessage.handleStreamEnd (/deployments/sc-integrations-broker-api/node_modules/axios/lib/adapters/http.js:382:11)\n    at IncomingMessage.emit (node:events:525:35)\n    at endReadableNT (node:internal/streams/readable:1359:12)\n    at processTicksAndRejections (node:internal/process/task_queues:82:21)"
  },
  "context": {
    "broker": "hdfcsky",
    "msg": "Error in request - Request failed with status code 401",
    "details": {
      "request": {
        "url": "https://developer.hdfcsky.com/oapi/v1/holdings?api_key=1bc928ff1ce54970b0a2f2ae4740dc77&client_id=S10272",
        "method": "GET",
        "headers": {
          "Authorization": "REDACTED",
          "Content-Type": "application/json"
        },
        "timeout": 20000
      },
      "userId": "S10272",
      "accessToken": "REDACTED",
      "response": {
        "error": "invalid credentials"
      }
    },
    "userId": "69044940460b987a8555aba0",
    "brokerFunctionLogId": "6bd5e183-f58b-429a-8980-d2e89b7f63fc",
    "functionName": "Portfolio.liveHoldings",
    "brokerName": "hdfcsky"
  },
  "reqId": "4a1366d0-c5ea-11f0-997b-5f33bf0d7fc0",
  "msg": "",
  "time": "2025-11-20T08:24:10.451Z",
  "v": 0
},
{
  "name": "sc.service.sc-integrations-brokers-api",
  "version": "3.8.9",
  "hostname": "ip-10-137-1-157",
  "pid": 2390,
  "type": "SC_BROKER",
  "level": 40,
  "err": {
    "message": "Failed to fetch holdings",
    "stack": "Error: HTTP 401: {\"error\":\"invalid credentials\"}\n    at requestBroker (/deployments/sc-integrations-broker-api/node_modules/@smallcase/sc-integrations-broker-lib/src/brokers/hdfcsky/services/request.js:82:32)\n    at processTicksAndRejections (node:internal/process/task_queues:95:5)\n    at holdings (/deployments/sc-integrations-broker-api/node_modules/@smallcase/sc-integrations-broker-lib/src/brokers/hdfcsky/services/portfolio.js:38:52)\n    at Object.liveHoldings (/deployments/sc-integrations-broker-api/node_modules/@smallcase/sc-integrations-broker-lib/src/brokers/hdfcsky/services/portfolio.js:133:72)\n    at Object.liveHoldings (/deployments/sc-integrations-broker-api/node_modules/@smallcase/sc-integrations-broker-lib/src/brokers/hdfcsky/api.js:125:60)"
  },
  "context": {
    "broker": "hdfcsky",
    "msg": "Error in fetching live holdings",
    "details": {
      "options": {
        "accessToken": "REDACTED",
        "brokeruserId": "S10272",
        "apiKey": "REDACTED",
        "apiSecret": "REDACTED"
      }
    },
    "userId": "69044940460b987a8555aba0",
    "brokerFunctionLogId": "6bd5e183-f58b-429a-8980-d2e89b7f63fc",
    "functionName": "Portfolio.liveHoldings",
    "brokerName": "hdfcsky"
  },
  "reqId": "4a1366d0-c5ea-11f0-997b-5f33bf0d7fc0",
  "msg": "",
  "time": "2025-11-20T08:24:10.451Z",
  "v": 0
},
{
  "name": "sc.service.sc-integrations-brokers-api",
  "version": "3.8.9",
  "hostname": "ip-10-137-1-157",
  "pid": 2390,
  "type": "SC_BROKER",
  "level": 30,
  "context": {
    "options": {
      "accessToken": "REDACTED",
      "apiKey": "REDACTED",
      "apiSecret": "REDACTED",
      "buyAmount": 0,
      "sellAmount": 0,
      "stocksCount": 0
    },
    "response": {
      "error": null,
      "response": {
        "code": true,
        "reason": "success",
        "sufficientFunds": true,
        "requiredFunds": 0,
        "allowedSellValues": {
          "T0": 0,
          "T1": 1
        }
      }
    },
    "user": {
      "id": "69044940460b987a8555aba0"
    },
    "brokerFunctionLogId": "a84834eb-baf3-4a81-8469-d0649971fe7c",
    "brokerApi": {
      "functionName": "Funds.check",
      "brokerName": "hdfcsky"
    }
  },
  "reqId": "4a011750-c5ea-11f0-997b-5f33bf0d7fc0",
  "msg": "broker lib function response recieved",
  "time": "2025-11-20T08:24:10.311Z",
  "v": 0
},
{
  "name": "sc.service.sc-integrations-brokers-api",
  "version": "3.8.9",
  "hostname": "ip-10-137-1-157",
  "pid": 2390,
  "type": "SC_BROKER",
  "level": 30,
  "context": {
    "options": {
      "segment": "equity",
      "accessToken": "REDACTED",
      "ipAddress": "REDACTED",
      "clientDetails": {
        "channel": "web",
        "channelIp": "2409:40c0:101f:93f6:5816:8748:2dc:c872",
        "appInstallId": "9941e26b-b33b-596d-af3c-03e53b504cc7",
        "appVersion": "1.0.0",
        "userAgent": "Mozilla/5.0 (Linux; Android 10; K) AppleWebKit/537.36 (KHTML, like Gecko) Chrome/135.0.0.0 Mobile Safari/537.36"
      },
      "apiKey": "REDACTED",
      "apiSecret": "REDACTED"
    },
    "response": {
      "error": null,
      "response": {
        "code": true,
        "reason": "success",
        "message": "Session check successful"
      }
    },
    "userId": "69044940460b987a8555aba0",
    "brokerFunctionLogId": "b2ed9f31-1f74-412c-8379-264fc71544dd",
    "brokerApi": {
      "functionName": "User.checkSession",
      "brokerName": "hdfcsky"
    }
  },
  "reqId": "47a0b920-c5ea-11f0-997b-5f33bf0d7fc0",
  "msg": "broker lib function response recieved",
  "time": "2025-11-20T08:24:06.372Z",
  "v": 0
},
{
  "name": "sc.service.sc-integrations-brokers-api",
  "version": "3.8.9",
  "hostname": "ip-10-137-1-157",
  "pid": 2390,
  "type": "SC_BROKER",
  "level": 30,
  "context": {
    "broker": "hdfcsky",
    "msg": "Successful request",
    "details": {
      "request": {
        "url": "https://developer.hdfcsky.com/oapi/v1/user/trading_info?client_id=S10272&api_key=1bc928ff1ce54970b0a2f2ae4740dc77",
        "method": "GET",
        "headers": {
          "Authorization": "REDACTED",
          "Content-Type": "application/json"
        },
        "timeout": 20000
      },
      "userId": "S10272",
      "accessToken": "REDACTED",
      "response": {
        "statusCode": 200,
        "body": {
          "data": {
            "client_id": "REDACTED",
            "ddpi": true,
            "exchanges_subscribed": [
              ""
            ],
            "name": "REDACTED",
            "poa_enabled": false,
            "products_enabled": [
              "CNC",
              "MIS",
              "NRML",
              "MTF"
            ],
            "status": "active"
          },
          "message": "",
          "status": "success"
        }
      },
      "responseString": {
        "data": {
          "client_id": "REDACTED",
          "ddpi": true,
          "exchanges_subscribed": [
            ""
          ],
          "name": "REDACTED",
          "poa_enabled": false,
          "products_enabled": [
            "CNC",
            "MIS",
            "NRML",
            "MTF"
          ],
          "status": "active"
        },
        "message": "",
        "status": "success"
      }
    },
    "userId": "69044940460b987a8555aba0",
    "brokerFunctionLogId": "b2ed9f31-1f74-412c-8379-264fc71544dd",
    "functionName": "User.checkSession",
    "brokerName": "hdfcsky"
  },
  "reqId": "47a0b920-c5ea-11f0-997b-5f33bf0d7fc0",
  "msg": "",
  "time": "2025-11-20T08:24:06.369Z",
  "v": 0
},
{
  "name": "sc.service.sc-integrations-brokers-api",
  "version": "3.8.9",
  "hostname": "ip-10-137-1-157",
  "pid": 2390,
  "type": "SC_BROKER",
  "level": 30,
  "context": {
    "options": {
      "segment": "equity",
      "accessToken": "REDACTED",
      "ipAddress": "REDACTED",
      "clientDetails": {
        "channel": "web",
        "channelIp": "2409:40c0:101f:93f6:5816:8748:2dc:c872",
        "appInstallId": "9941e26b-b33b-596d-af3c-03e53b504cc7",
        "appVersion": "1.0.0",
        "userAgent": "Mozilla/5.0 (Linux; Android 10; K) AppleWebKit/537.36 (KHTML, like Gecko) Chrome/135.0.0.0 Mobile Safari/537.36"
      },
      "apiKey": "REDACTED",
      "apiSecret": "REDACTED"
    },
    "response": {
      "error": null,
      "response": {
        "code": true,
        "reason": "success",
        "message": "Session check successful"
      }
    },
    "userId": "69044940460b987a8555aba0",
    "brokerFunctionLogId": "65a9cd91-3361-4305-9517-0b9f860715ec",
    "brokerApi": {
      "functionName": "User.checkSession",
      "brokerName": "hdfcsky"
    }
  },
  "reqId": "477403d0-c5ea-11f0-997b-5f33bf0d7fc0",
  "msg": "broker lib function response recieved",
  "time": "2025-11-20T08:24:06.078Z",
  "v": 0
},
{
  "name": "sc.service.sc-integrations-brokers-api",
  "version": "3.8.9",
  "hostname": "ip-10-137-1-157",
  "pid": 2390,
  "type": "SC_BROKER",
  "level": 30,
  "context": {
    "broker": "hdfcsky",
    "msg": "Successful request",
    "details": {
      "request": {
        "url": "https://developer.hdfcsky.com/oapi/v1/user/trading_info?client_id=S10272&api_key=1bc928ff1ce54970b0a2f2ae4740dc77",
        "method": "GET",
        "headers": {
          "Authorization": "REDACTED",
          "Content-Type": "application/json"
        },
        "timeout": 20000
      },
      "userId": "S10272",
      "accessToken": "REDACTED",
      "response": {
        "statusCode": 200,
        "body": {
          "data": {
            "client_id": "REDACTED",
            "ddpi": true,
            "exchanges_subscribed": [
              ""
            ],
            "name": "REDACTED",
            "poa_enabled": false,
            "products_enabled": [
              "CNC",
              "MIS",
              "NRML",
              "MTF"
            ],
            "status": "active"
          },
          "message": "",
          "status": "success"
        }
      },
      "responseString": {
        "data": {
          "client_id": "REDACTED",
          "ddpi": true,
          "exchanges_subscribed": [
            ""
          ],
          "name": "REDACTED",
          "poa_enabled": false,
          "products_enabled": [
            "CNC",
            "MIS",
            "NRML",
            "MTF"
          ],
          "status": "active"
        },
        "message": "",
        "status": "success"
      }
    },
    "userId": "69044940460b987a8555aba0",
    "brokerFunctionLogId": "65a9cd91-3361-4305-9517-0b9f860715ec",
    "functionName": "User.checkSession",
    "brokerName": "hdfcsky"
  },
  "reqId": "477403d0-c5ea-11f0-997b-5f33bf0d7fc0",
  "msg": "",
  "time": "2025-11-20T08:24:06.077Z",
  "v": 0
},
{
  "name": "sc.service.sc-integrations-brokers-api",
  "version": "3.8.9",
  "hostname": "ip-10-137-1-157",
  "pid": 2399,
  "type": "SC_BROKER",
  "level": 30,
  "context": {
    "options": {
      "segment": "equity",
      "accessToken": "REDACTED",
      "buyAmount": 1937.44,
      "sellAmount": 0,
      "stocksCount": 3,
      "variety": "regular",
      "ipAddress": "REDACTED",
      "noErrorType": false,
      "rebalanceBasketFlag": false,
      "clientDetails": {
        "channel": "web",
        "channelIp": "2409:40c0:101f:93f6:5816:8748:2dc:c872",
        "appInstallId": "9941e26b-b33b-596d-af3c-03e53b504cc7",
        "appVersion": "1.0.0",
        "userAgent": "Mozilla/5.0 (Linux; Android 10; K) AppleWebKit/537.36 (KHTML, like Gecko) Chrome/135.0.0.0 Mobile Safari/537.36"
      },
      "apiKey": "REDACTED",
      "apiSecret": "REDACTED",
      "requiredFunds": 1937.44
    },
    "response": {
      "error": null,
      "response": {
        "code": true,
        "reason": "success",
        "availableFunds": 2573.24,
        "sufficientFunds": true,
        "requiredFunds": 1937.44,
        "allowedSellValues": {
          "T0": 0,
          "T1": 1
        },
        "buyValue": 1937.44,
        "sellValue": 0,
        "bufferAdded": false
      }
    },
    "userId": "69044940460b987a8555aba0",
    "brokerFunctionLogId": "ee9ebb3e-9731-4c49-979c-858622a30630",
    "brokerApi": {
      "functionName": "Funds.check",
      "brokerName": "hdfcsky"
    }
  },
  "reqId": "467817a0-c5ea-11f0-bcd3-515fe7353c87",
  "msg": "broker lib function response recieved",
  "time": "2025-11-20T08:24:04.467Z",
  "v": 0
},
{
  "name": "sc.service.sc-integrations-brokers-api",
  "version": "3.8.9",
  "hostname": "ip-10-137-1-157",
  "pid": 2399,
  "type": "SC_BROKER",
  "level": 30,
  "context": {
    "broker": "hdfcsky",
    "msg": "Successful request",
    "details": {
      "request": {
        "url": "https://developer.hdfcsky.com/oapi/v1/funds/view?api_key=1bc928ff1ce54970b0a2f2ae4740dc77&client_id=S10272&type=all",
        "method": "GET",
        "headers": {
          "Authorization": "REDACTED",
          "Content-Type": "application/json"
        },
        "timeout": 20000
      },
      "userId": "S10272",
      "accessToken": "REDACTED",
      "response": {
        "statusCode": 200,
        "body": {
          "data": {
            "client_id": "REDACTED",
            "headers": [
              "Description",
              "all"
            ],
            "realized_mtm": "-69.86",
            "unrealized_mtm": "0.00",
            "values": [
              [
                "Available Margin",
                "2573.24"
              ],
              [
                "Opening Balance",
                "3085.29"
              ],
              [
                "Margin Used",
                "442.19"
              ],
              [
                "Pay In",
                "0.00"
              ],
              [
                "Pay Out",
                "0.00"
              ],
              [
                "Withdrawable Funds",
                "3015.43"
              ],
              [
                "Pledge Benefit",
                "0.00"
              ],
              [
                "Equity Credit Sell",
                "0.00"
              ],
              [
                "Option Credit For Sell",
                "0.00"
              ],
              [
                "Realized MTM",
                "-69.86"
              ],
              [
                "Unrealized MTM",
                "0.00"
              ],
              [
                "MTM",
                "-69.86"
              ],
              [
                "MTF Available Limit",
                "8442.00"
              ],
              [
                "MTF Opening Balance",
                "12893.30"
              ],
              [
                "MTF Withdrawal Limit",
                "8442.00"
              ],
              [
                "MTF Margin Blocked",
                "2919.69"
              ],
              [
                "CTD MTF Margin Blocked",
                "0.00"
              ],
              [
                "MTF Used Pledge Benefit",
                "0.00"
              ],
              [
                "MTF PNL",
                "-7.40"
              ],
              [
                "MTF Equity Credit For Sell",
                "0.00"
              ],
              [
                "MTF Day Margin",
                "1524.21"
              ],
              [
                "MTF Payout",
                "0.00"
              ],
              [
                "Day txn charges",
                "1526.01"
              ]
            ]
          },
          "message": "",
          "status": "success"
        }
      },
      "responseString": {
        "data": {
          "client_id": "REDACTED",
          "headers": [
            "Description",
            "all"
          ],
          "realized_mtm": "-69.86",
          "unrealized_mtm": "0.00",
          "values": [
            [
              "Available Margin",
              "2573.24"
            ],
            [
              "Opening Balance",
              "3085.29"
            ],
            [
              "Margin Used",
              "442.19"
            ],
            [
              "Pay In",
              "0.00"
            ],
            [
              "Pay Out",
              "0.00"
            ],
            [
              "Withdrawable Funds",
              "3015.43"
            ],
            [
              "Pledge Benefit",
              "0.00"
            ],
            [
              "Equity Credit Sell",
              "0.00"
            ],
            [
              "Option Credit For Sell",
              "0.00"
            ],
            [
              "Realized MTM",
              "-69.86"
            ],
            [
              "Unrealized MTM",
              "0.00"
            ],
            [
              "MTM",
              "-69.86"
            ],
            [
              "MTF Available Limit",
              "8442.00"
            ],
            [
              "MTF Opening Balance",
              "12893.30"
            ],
            [
              "MTF Withdrawal Limit",
              "8442.00"
            ],
            [
              "MTF Margin Blocked",
              "2919.69"
            ],
            [
              "CTD MTF Margin Blocked",
              "0.00"
            ],
            [
              "MTF Used Pledge Benefit",
              "0.00"
            ],
            [
              "MTF PNL",
              "-7.40"
            ],
            [
              "MTF Equity Credit For Sell",
              "0.00"
            ],
            [
              "MTF Day Margin",
              "1524.21"
            ],
            [
              "MTF Payout",
              "0.00"
            ],
            [
              "Day txn charges",
              "1526.01"
            ]
          ]
        },
        "message": "",
        "status": "success"
      }
    },
    "userId": "69044940460b987a8555aba0",
    "brokerFunctionLogId": "ee9ebb3e-9731-4c49-979c-858622a30630",
    "functionName": "Funds.check",
    "brokerName": "hdfcsky"
  },
  "reqId": "467817a0-c5ea-11f0-bcd3-515fe7353c87",
  "msg": "",
  "time": "2025-11-20T08:24:04.465Z",
  "v": 0
},
{
  "name": "sc.service.sc-integrations-brokers-api",
  "version": "3.8.9",
  "hostname": "ip-10-137-1-157",
  "pid": 2399,
  "type": "SC_BROKER",
  "level": 30,
  "context": {
    "options": {
      "segment": "equity",
      "accessToken": "REDACTED",
      "ipAddress": "REDACTED",
      "clientDetails": {
        "channel": "web",
        "channelIp": "2409:40c0:101f:93f6:5816:8748:2dc:c872",
        "appInstallId": "9941e26b-b33b-596d-af3c-03e53b504cc7",
        "appVersion": "1.0.0",
        "userAgent": "Mozilla/5.0 (Linux; Android 10; K) AppleWebKit/537.36 (KHTML, like Gecko) Chrome/135.0.0.0 Mobile Safari/537.36"
      },
      "apiKey": "REDACTED",
      "apiSecret": "REDACTED"
    },
    "response": {
      "error": null,
      "response": {
        "code": true,
        "reason": "success",
        "message": "Session check successful"
      }
    },
    "userId": "69044940460b987a8555aba0",
    "brokerFunctionLogId": "29caeb9a-838e-45b8-a682-5d80282b05cb",
    "brokerApi": {
      "functionName": "User.checkSession",
      "brokerName": "hdfcsky"
    }
  },
  "reqId": "466d6940-c5ea-11f0-bcd3-515fe7353c87",
  "msg": "broker lib function response recieved",
  "time": "2025-11-20T08:24:04.366Z",
  "v": 0
},
{
  "name": "sc.service.sc-integrations-brokers-api",
  "version": "3.8.9",
  "hostname": "ip-10-137-1-157",
  "pid": 2399,
  "type": "SC_BROKER",
  "level": 30,
  "context": {
    "broker": "hdfcsky",
    "msg": "Successful request",
    "details": {
      "request": {
        "url": "https://developer.hdfcsky.com/oapi/v1/user/trading_info?client_id=S10272&api_key=1bc928ff1ce54970b0a2f2ae4740dc77",
        "method": "GET",
        "headers": {
          "Authorization": "REDACTED",
          "Content-Type": "application/json"
        },
        "timeout": 20000
      },
      "userId": "S10272",
      "accessToken": "REDACTED",
      "response": {
        "statusCode": 200,
        "body": {
          "data": {
            "client_id": "REDACTED",
            "ddpi": true,
            "exchanges_subscribed": [
              ""
            ],
            "name": "REDACTED",
            "poa_enabled": false,
            "products_enabled": [
              "CNC",
              "MIS",
              "NRML",
              "MTF"
            ],
            "status": "active"
          },
          "message": "",
          "status": "success"
        }
      },
      "responseString": {
        "data": {
          "client_id": "REDACTED",
          "ddpi": true,
          "exchanges_subscribed": [
            ""
          ],
          "name": "REDACTED",
          "poa_enabled": false,
          "products_enabled": [
            "CNC",
            "MIS",
            "NRML",
            "MTF"
          ],
          "status": "active"
        },
        "message": "",
        "status": "success"
      }
    },
    "userId": "69044940460b987a8555aba0",
    "brokerFunctionLogId": "29caeb9a-838e-45b8-a682-5d80282b05cb",
    "functionName": "User.checkSession",
    "brokerName": "hdfcsky"
  },
  "reqId": "466d6940-c5ea-11f0-bcd3-515fe7353c87",
  "msg": "",
  "time": "2025-11-20T08:24:04.364Z",
  "v": 0
},
{
  "name": "sc.service.sc-integrations-brokers-api",
  "version": "3.8.9",
  "hostname": "ip-10-137-1-157",
  "pid": 2390,
  "type": "SERVER_LOG",
  "level": 30,
  "context": {
    "userId": "69044940460b987a8555aba0",
    "options": {
      "brokerName": "hdfcsky",
      "userId": "69044940460b987a8555aba0",
      "brokerId": "S10272",
      "accessToken": "REDACTED",
      "orders": [
        {
          "sid": "INFY",
          "quantity": 1,
          "transactionType": "BUY",
          "orderType": "MARKET",
          "exchange": "NSE"
        },
        {
          "sid": "GBES",
          "quantity": 1,
          "transactionType": "BUY",
          "orderType": "MARKET",
          "exchange": "NSE"
        },
        {
          "sid": "NBES",
          "quantity": 1,
          "transactionType": "BUY",
          "orderType": "MARKET",
          "exchange": "NSE"
        }
      ],
      "clientDetails": {
        "channel": "web",
        "channelIp": "2409:40c0:101f:93f6:5816:8748:2dc:c872",
        "appInstallId": "9941e26b-b33b-596d-af3c-03e53b504cc7",
        "appVersion": "1.0.0",
        "userAgent": "Mozilla/5.0 (Linux; Android 10; K) AppleWebKit/537.36 (KHTML, like Gecko) Chrome/135.0.0.0 Mobile Safari/537.36"
      },
      "ipAddress": "REDACTED"
    },
    "charges": {
      "type": "CHARGES",
      "data": {
        "brokerage": 7.84975,
        "stt": 1.93716,
        "transactionCharge": 0.06683202,
        "sebiTurnoverCharge": 0.00193716,
        "stampDuty": 0.290574,
        "gst": 1.4253334524,
        "dpCharges": 0,
        "clearingCharges": 0
      }
    }
  },
  "reqId": "44bd6f50-c5ea-11f0-997b-5f33bf0d7fc0",
  "msg": "calculated charges",
  "time": "2025-11-20T08:24:01.493Z",
  "v": 0
},
{
  "name": "sc.service.sc-integrations-brokers-api",
  "version": "3.8.9",
  "hostname": "ip-10-137-1-157",
  "pid": 2390,
  "type": "SERVER_LOG",
  "level": 30,
  "context": {
    "userId": "69044940460b987a8555aba0",
    "brokerId": "S10272",
    "brokerName": "hdfcsky",
    "requestBody": {
      "brokerName": "hdfcsky",
      "options": {
        "userId": "69044940460b987a8555aba0",
        "brokerId": "S10272",
        "accessToken": "REDACTED",
        "orders": [
          {
            "sid": "INFY",
            "quantity": 1,
            "transactionType": "BUY",
            "orderType": "MARKET"
          },
          {
            "sid": "GBES",
            "quantity": 1,
            "transactionType": "BUY",
            "orderType": "MARKET"
          },
          {
            "sid": "NBES",
            "quantity": 1,
            "transactionType": "BUY",
            "orderType": "MARKET"
          }
        ],
        "clientDetails": {
          "channel": "web",
          "channelIp": "2409:40c0:101f:93f6:5816:8748:2dc:c872",
          "appInstallId": "9941e26b-b33b-596d-af3c-03e53b504cc7",
          "appVersion": "1.0.0",
          "userAgent": "Mozilla/5.0 (Linux; Android 10; K) AppleWebKit/537.36 (KHTML, like Gecko) Chrome/135.0.0.0 Mobile Safari/537.36"
        }
      }
    }
  },
  "reqId": "44bd6f50-c5ea-11f0-997b-5f33bf0d7fc0",
  "msg": "get brokerage request received",
  "time": "2025-11-20T08:24:01.484Z",
  "v": 0
},
{
  "name": "sc.service.sc-integrations-brokers-api",
  "version": "3.8.9",
  "hostname": "ip-10-137-1-157",
  "pid": 2390,
  "type": "SC_BROKER",
  "level": 30,
  "context": {
    "options": {
      "segment": "equity",
      "accessToken": "REDACTED",
      "ipAddress": "REDACTED",
      "clientDetails": {
        "channel": "web",
        "channelIp": "2409:40c0:101f:93f6:5816:8748:2dc:c872",
        "appInstallId": "9941e26b-b33b-596d-af3c-03e53b504cc7",
        "appVersion": "1.0.0",
        "userAgent": "Mozilla/5.0 (Linux; Android 10; K) AppleWebKit/537.36 (KHTML, like Gecko) Chrome/135.0.0.0 Mobile Safari/537.36"
      },
      "apiKey": "REDACTED",
      "apiSecret": "REDACTED"
    },
    "response": {
      "error": null,
      "response": {
        "code": true,
        "reason": "success",
        "message": "Session check successful"
      }
    },
    "userId": "69044940460b987a8555aba0",
    "brokerFunctionLogId": "328f5f91-4569-48d0-828f-498a2ef11022",
    "brokerApi": {
      "functionName": "User.checkSession",
      "brokerName": "hdfcsky"
    }
  },
  "reqId": "44ae5420-c5ea-11f0-997b-5f33bf0d7fc0",
  "msg": "broker lib function response recieved",
  "time": "2025-11-20T08:24:01.435Z",
  "v": 0
},
{
  "name": "sc.service.sc-integrations-brokers-api",
  "version": "3.8.9",
  "hostname": "ip-10-137-1-157",
  "pid": 2390,
  "type": "SC_BROKER",
  "level": 30,
  "context": {
    "broker": "hdfcsky",
    "msg": "Successful request",
    "details": {
      "request": {
        "url": "https://developer.hdfcsky.com/oapi/v1/user/trading_info?client_id=S10272&api_key=1bc928ff1ce54970b0a2f2ae4740dc77",
        "method": "GET",
        "headers": {
          "Authorization": "REDACTED",
          "Content-Type": "application/json"
        },
        "timeout": 20000
      },
      "userId": "S10272",
      "accessToken": "REDACTED",
      "response": {
        "statusCode": 200,
        "body": {
          "data": {
            "client_id": "REDACTED",
            "ddpi": true,
            "exchanges_subscribed": [
              ""
            ],
            "name": "REDACTED",
            "poa_enabled": false,
            "products_enabled": [
              "CNC",
              "MIS",
              "NRML",
              "MTF"
            ],
            "status": "active"
          },
          "message": "",
          "status": "success"
        }
      },
      "responseString": {
        "data": {
          "client_id": "REDACTED",
          "ddpi": true,
          "exchanges_subscribed": [
            ""
          ],
          "name": "REDACTED",
          "poa_enabled": false,
          "products_enabled": [
            "CNC",
            "MIS",
            "NRML",
            "MTF"
          ],
          "status": "active"
        },
        "message": "",
        "status": "success"
      }
    },
    "userId": "69044940460b987a8555aba0",
    "brokerFunctionLogId": "328f5f91-4569-48d0-828f-498a2ef11022",
    "functionName": "User.checkSession",
    "brokerName": "hdfcsky"
  },
  "reqId": "44ae5420-c5ea-11f0-997b-5f33bf0d7fc0",
  "msg": "",
  "time": "2025-11-20T08:24:01.427Z",
  "v": 0
},
{
  "name": "sc.service.sc-integrations-brokers-api",
  "version": "3.8.9",
  "hostname": "ip-10-137-1-157",
  "pid": 2390,
  "type": "SC_BROKER",
  "level": 40,
  "err": {
    "message": "Failed to fetch holdings",
    "stack": "Error: HTTP 401: {\"error\":\"invalid credentials\"}\n    at requestBroker (/deployments/sc-integrations-broker-api/node_modules/@smallcase/sc-integrations-broker-lib/src/brokers/hdfcsky/services/request.js:82:32)\n    at processTicksAndRejections (node:internal/process/task_queues:95:5)\n    at holdings (/deployments/sc-integrations-broker-api/node_modules/@smallcase/sc-integrations-broker-lib/src/brokers/hdfcsky/services/portfolio.js:38:52)\n    at Object.liveHoldings (/deployments/sc-integrations-broker-api/node_modules/@smallcase/sc-integrations-broker-lib/src/brokers/hdfcsky/services/portfolio.js:133:72)\n    at Object.liveHoldings (/deployments/sc-integrations-broker-api/node_modules/@smallcase/sc-integrations-broker-lib/src/brokers/hdfcsky/api.js:125:60)"
  },
  "context": {
    "broker": "hdfcsky",
    "msg": "Error in fetching live holdings",
    "details": {
      "options": {
        "accessToken": "REDACTED",
        "brokeruserId": "S10272",
        "clientDetails": {
          "channel": "web",
          "channelIp": "2409:40c0:101f:93f6:5816:8748:2dc:c872",
          "appInstallId": "9941e26b-b33b-596d-af3c-03e53b504cc7",
          "appVersion": "1.0.0",
          "userAgent": "Mozilla/5.0 (Linux; Android 10; K) AppleWebKit/537.36 (KHTML, like Gecko) Chrome/135.0.0.0 Mobile Safari/537.36"
        },
        "apiKey": "REDACTED",
        "apiSecret": "REDACTED"
      }
    },
    "userId": "69044940460b987a8555aba0",
    "brokerFunctionLogId": "16f5ced6-aa77-44df-a02c-9eacfbc3e76a",
    "functionName": "Portfolio.liveHoldings",
    "brokerName": "hdfcsky"
  },
  "reqId": "3b58a650-c5ea-11f0-997b-5f33bf0d7fc0",
  "msg": "",
  "time": "2025-11-20T08:23:45.745Z",
  "v": 0
},
{
  "name": "sc.service.sc-integrations-brokers-api",
  "version": "3.8.9",
  "hostname": "ip-10-137-1-157",
  "pid": 2390,
  "type": "SC_BROKER",
  "level": 30,
  "context": {
    "options": {
      "accessToken": "REDACTED",
      "brokeruserId": "S10272",
      "clientDetails": {
        "channel": "web",
        "channelIp": "2409:40c0:101f:93f6:5816:8748:2dc:c872",
        "appInstallId": "9941e26b-b33b-596d-af3c-03e53b504cc7",
        "appVersion": "1.0.0",
        "userAgent": "Mozilla/5.0 (Linux; Android 10; K) AppleWebKit/537.36 (KHTML, like Gecko) Chrome/135.0.0.0 Mobile Safari/537.36"
      },
      "apiKey": "REDACTED",
      "apiSecret": "REDACTED"
    },
    "response": {
      "error": {
        "code": false,
        "reason": "error",
        "message": "Failed to fetch holdings",
        "stack": "Error: HTTP 401: {\"error\":\"invalid credentials\"}\n    at requestBroker (/deployments/sc-integrations-broker-api/node_modules/@smallcase/sc-integrations-broker-lib/src/brokers/hdfcsky/services/request.js:82:32)\n    at processTicksAndRejections (node:internal/process/task_queues:95:5)\n    at holdings (/deployments/sc-integrations-broker-api/node_modules/@smallcase/sc-integrations-broker-lib/src/brokers/hdfcsky/services/portfolio.js:38:52)\n    at Object.liveHoldings (/deployments/sc-integrations-broker-api/node_modules/@smallcase/sc-integrations-broker-lib/src/brokers/hdfcsky/services/portfolio.js:133:72)\n    at Object.liveHoldings (/deployments/sc-integrations-broker-api/node_modules/@smallcase/sc-integrations-broker-lib/src/brokers/hdfcsky/api.js:125:60)",
        "statusCode": 401,
        "body": {
          "error": "invalid credentials"
        }
      },
      "response": {
        "code": false,
        "reason": "error",
        "message": "Failed to fetch holdings",
        "stack": "Error: HTTP 401: {\"error\":\"invalid credentials\"}\n    at requestBroker (/deployments/sc-integrations-broker-api/node_modules/@smallcase/sc-integrations-broker-lib/src/brokers/hdfcsky/services/request.js:82:32)\n    at processTicksAndRejections (node:internal/process/task_queues:95:5)\n    at holdings (/deployments/sc-integrations-broker-api/node_modules/@smallcase/sc-integrations-broker-lib/src/brokers/hdfcsky/services/portfolio.js:38:52)\n    at Object.liveHoldings (/deployments/sc-integrations-broker-api/node_modules/@smallcase/sc-integrations-broker-lib/src/brokers/hdfcsky/services/portfolio.js:133:72)\n    at Object.liveHoldings (/deployments/sc-integrations-broker-api/node_modules/@smallcase/sc-integrations-broker-lib/src/brokers/hdfcsky/api.js:125:60)",
        "statusCode": 401,
        "body": {
          "error": "invalid credentials"
        }
      }
    },
    "userId": "69044940460b987a8555aba0",
    "brokerFunctionLogId": "16f5ced6-aa77-44df-a02c-9eacfbc3e76a",
    "brokerApi": {
      "functionName": "Portfolio.liveHoldings",
      "brokerName": "hdfcsky"
    }
  },
  "reqId": "3b58a650-c5ea-11f0-997b-5f33bf0d7fc0",
  "msg": "broker lib function response recieved",
  "time": "2025-11-20T08:23:45.745Z",
  "v": 0
},
{
  "name": "sc.service.sc-integrations-brokers-api",
  "version": "3.8.9",
  "hostname": "ip-10-137-1-157",
  "pid": 2390,
  "type": "SC_BROKER",
  "level": 50,
  "err": {
    "message": "Request failed with status code 401",
    "name": "AxiosError",
    "stack": "AxiosError: Request failed with status code 401\n    at settle (/deployments/sc-integrations-broker-api/node_modules/axios/lib/core/settle.js:17:12)\n    at IncomingMessage.handleStreamEnd (/deployments/sc-integrations-broker-api/node_modules/axios/lib/adapters/http.js:382:11)\n    at IncomingMessage.emit (node:events:525:35)\n    at endReadableNT (node:internal/streams/readable:1359:12)\n    at processTicksAndRejections (node:internal/process/task_queues:82:21)"
  },
  "context": {
    "broker": "hdfcsky",
    "msg": "Error in request - Request failed with status code 401",
    "details": {
      "request": {
        "url": "https://developer.hdfcsky.com/oapi/v1/holdings?api_key=1bc928ff1ce54970b0a2f2ae4740dc77&client_id=S10272",
        "method": "GET",
        "headers": {
          "Authorization": "REDACTED",
          "Content-Type": "application/json"
        },
        "timeout": 20000
      },
      "userId": "S10272",
      "accessToken": "REDACTED",
      "response": {
        "error": "invalid credentials"
      }
    },
    "userId": "69044940460b987a8555aba0",
    "brokerFunctionLogId": "16f5ced6-aa77-44df-a02c-9eacfbc3e76a",
    "functionName": "Portfolio.liveHoldings",
    "brokerName": "hdfcsky"
  },
  "reqId": "3b58a650-c5ea-11f0-997b-5f33bf0d7fc0",
  "msg": "",
  "time": "2025-11-20T08:23:45.743Z",
  "v": 0
},
{
  "name": "sc.service.sc-integrations-brokers-api",
  "version": "3.8.9",
  "hostname": "ip-10-137-1-157",
  "pid": 2399,
  "type": "SC_BROKER",
  "level": 30,
  "context": {
    "options": {
      "accessToken": "REDACTED",
      "apiKey": "REDACTED",
      "apiSecret": "REDACTED",
      "buyAmount": 0,
      "sellAmount": 0,
      "stocksCount": 0
    },
    "response": {
      "error": null,
      "response": {
        "code": true,
        "reason": "success",
        "sufficientFunds": true,
        "requiredFunds": 0,
        "allowedSellValues": {
          "T0": 0,
          "T1": 1
        }
      }
    },
    "user": {
      "id": "69044940460b987a8555aba0"
    },
    "brokerFunctionLogId": "f8d31d40-726e-4e41-b52c-78c241a6cf58",
    "brokerApi": {
      "functionName": "Funds.check",
      "brokerName": "hdfcsky"
    }
  },
  "reqId": "3b554af0-c5ea-11f0-bcd3-515fe7353c87",
  "msg": "broker lib function response recieved",
  "time": "2025-11-20T08:23:45.698Z",
  "v": 0
},
{
  "name": "sc.service.sc-integrations-brokers-api",
  "version": "3.8.9",
  "hostname": "ip-10-137-1-157",
  "pid": 2399,
  "type": "SC_BROKER",
  "level": 40,
  "err": {},
  "context": {
    "broker": "hdfcsky",
    "msg": "Error in check session",
    "details": {
      "options": {
        "apiKey": "REDACTED",
        "accessToken": "REDACTED",
        "apiSecret": "REDACTED",
        "ipAddress": "REDACTED"
      }
    },
    "userId": "69044940460b987a8555aba0",
    "brokerFunctionLogId": "4d54989c-324c-49e9-a0e4-484c1de1e68b",
    "functionName": "User.checkSession",
    "brokerName": "hdfcsky"
  },
  "reqId": "3b34a390-c5ea-11f0-bcd3-515fe7353c87",
  "msg": "",
  "time": "2025-11-20T08:23:45.510Z",
  "v": 0
},
{
  "name": "sc.service.sc-integrations-brokers-api",
  "version": "3.8.9",
  "hostname": "ip-10-137-1-157",
  "pid": 2399,
  "type": "SC_BROKER",
  "level": 30,
  "context": {
    "options": {
      "apiKey": "REDACTED",
      "accessToken": "REDACTED",
      "apiSecret": "REDACTED",
      "ipAddress": "REDACTED"
    },
    "response": {
      "error": {
        "code": false,
        "reason": "failure",
        "statusCode": 500,
        "message": "Session check failed"
      },
      "response": {
        "code": false,
        "reason": "failure",
        "statusCode": 500,
        "message": "Session check failed"
      }
    },
    "userId": "69044940460b987a8555aba0",
    "brokerFunctionLogId": "4d54989c-324c-49e9-a0e4-484c1de1e68b",
    "brokerApi": {
      "functionName": "User.checkSession",
      "brokerName": "hdfcsky"
    }
  },
  "reqId": "3b34a390-c5ea-11f0-bcd3-515fe7353c87",
  "msg": "broker lib function response recieved",
  "time": "2025-11-20T08:23:45.510Z",
  "v": 0
},
{
  "name": "sc.service.sc-integrations-brokers-api",
  "version": "3.8.9",
  "hostname": "ip-10-137-1-157",
  "pid": 2399,
  "type": "SC_BROKER",
  "level": 50,
  "err": {
    "message": "Request failed with status code 401",
    "name": "AxiosError",
    "stack": "AxiosError: Request failed with status code 401\n    at settle (/deployments/sc-integrations-broker-api/node_modules/axios/lib/core/settle.js:17:12)\n    at IncomingMessage.handleStreamEnd (/deployments/sc-integrations-broker-api/node_modules/axios/lib/adapters/http.js:382:11)\n    at IncomingMessage.emit (node:events:525:35)\n    at endReadableNT (node:internal/streams/readable:1359:12)\n    at processTicksAndRejections (node:internal/process/task_queues:82:21)"
  },
  "context": {
    "broker": "hdfcsky",
    "msg": "Error in request - Request failed with status code 401",
    "details": {
      "request": {
        "url": "https://developer.hdfcsky.com/oapi/v1/user/trading_info?client_id=S10272&api_key=1bc928ff1ce54970b0a2f2ae4740dc77",
        "method": "GET",
        "headers": {
          "Authorization": "REDACTED",
          "Content-Type": "application/json"
        },
        "timeout": 20000
      },
      "userId": "S10272",
      "accessToken": "REDACTED",
      "response": {
        "error": "invalid credentials"
      }
    },
    "userId": "69044940460b987a8555aba0",
    "brokerFunctionLogId": "4d54989c-324c-49e9-a0e4-484c1de1e68b",
    "functionName": "User.checkSession",
    "brokerName": "hdfcsky"
  },
  "reqId": "3b34a390-c5ea-11f0-bcd3-515fe7353c87",
  "msg": "",
  "time": "2025-11-20T08:23:45.509Z",
  "v": 0
},
{
  "name": "sc.service.sc-integrations-brokers-api",
  "version": "3.8.9",
  "hostname": "ip-10-137-1-157",
  "pid": 2390,
  "type": "SC_BROKER",
  "level": 30,
  "context": {
    "options": {
      "accessToken": "REDACTED",
      "apiKey": "REDACTED",
      "apiSecret": "REDACTED",
      "buyAmount": 0,
      "sellAmount": 0,
      "stocksCount": 0
    },
    "response": {
      "error": null,
      "response": {
        "code": true,
        "reason": "success",
        "sufficientFunds": true,
        "requiredFunds": 0,
        "allowedSellValues": {
          "T0": 0,
          "T1": 1
        }
      }
    },
    "user": {
      "id": "69044940460b987a8555aba0"
    },
    "brokerFunctionLogId": "2c2c9bf3-74d2-4dee-9cf8-8e95b979e2a3",
    "brokerApi": {
      "functionName": "Funds.check",
      "brokerName": "hdfcsky"
    }
  },
  "reqId": "3aebb3b0-c5ea-11f0-997b-5f33bf0d7fc0",
  "msg": "broker lib function response recieved",
  "time": "2025-11-20T08:23:45.008Z",
  "v": 0
},
{
  "name": "sc.service.sc-integrations-brokers-api",
  "version": "3.8.9",
  "hostname": "ip-10-137-1-157",
  "pid": 2390,
  "type": "SC_BROKER",
  "level": 30,
  "context": {
    "options": {
      "segment": "equity",
      "accessToken": "REDACTED",
      "ipAddress": "REDACTED",
      "clientDetails": {
        "channel": "web",
        "channelIp": "2409:40c0:101f:93f6:5816:8748:2dc:c872",
        "appInstallId": "9941e26b-b33b-596d-af3c-03e53b504cc7",
        "appVersion": "1.0.0",
        "userAgent": "Mozilla/5.0 (Linux; Android 10; K) AppleWebKit/537.36 (KHTML, like Gecko) Chrome/135.0.0.0 Mobile Safari/537.36"
      },
      "apiKey": "REDACTED",
      "apiSecret": "REDACTED"
    },
    "response": {
      "error": null,
      "response": {
        "code": true,
        "reason": "success",
        "message": "Session check successful"
      }
    },
    "userId": "69044940460b987a8555aba0",
    "brokerFunctionLogId": "932c1fea-e44a-4f2c-a669-2d10c619b9f1",
    "brokerApi": {
      "functionName": "User.checkSession",
      "brokerName": "hdfcsky"
    }
  },
  "reqId": "3adebb60-c5ea-11f0-997b-5f33bf0d7fc0",
  "msg": "broker lib function response recieved",
  "time": "2025-11-20T08:23:44.966Z",
  "v": 0
},
{
  "name": "sc.service.sc-integrations-brokers-api",
  "version": "3.8.9",
  "hostname": "ip-10-137-1-157",
  "pid": 2390,
  "type": "SC_BROKER",
  "level": 30,
  "context": {
    "broker": "hdfcsky",
    "msg": "Successful request",
    "details": {
      "request": {
        "url": "https://developer.hdfcsky.com/oapi/v1/user/trading_info?client_id=S10272&api_key=1bc928ff1ce54970b0a2f2ae4740dc77",
        "method": "GET",
        "headers": {
          "Authorization": "REDACTED",
          "Content-Type": "application/json"
        },
        "timeout": 20000
      },
      "userId": "S10272",
      "accessToken": "REDACTED",
      "response": {
        "statusCode": 200,
        "body": {
          "data": {
            "client_id": "REDACTED",
            "ddpi": true,
            "exchanges_subscribed": [
              ""
            ],
            "name": "REDACTED",
            "poa_enabled": false,
            "products_enabled": [
              "CNC",
              "MIS",
              "NRML",
              "MTF"
            ],
            "status": "active"
          },
          "message": "",
          "status": "success"
        }
      },
      "responseString": {
        "data": {
          "client_id": "REDACTED",
          "ddpi": true,
          "exchanges_subscribed": [
            ""
          ],
          "name": "REDACTED",
          "poa_enabled": false,
          "products_enabled": [
            "CNC",
            "MIS",
            "NRML",
            "MTF"
          ],
          "status": "active"
        },
        "message": "",
        "status": "success"
      }
    },
    "userId": "69044940460b987a8555aba0",
    "brokerFunctionLogId": "932c1fea-e44a-4f2c-a669-2d10c619b9f1",
    "functionName": "User.checkSession",
    "brokerName": "hdfcsky"
  },
  "reqId": "3adebb60-c5ea-11f0-997b-5f33bf0d7fc0",
  "msg": "",
  "time": "2025-11-20T08:23:44.964Z",
  "v": 0
},
{
  "name": "sc.service.sc-integrations-brokers-api",
  "version": "3.8.9",
  "hostname": "ip-10-137-1-157",
  "pid": 2390,
  "type": "SC_BROKER",
  "level": 40,
  "err": {
    "message": "Failed to fetch holdings",
    "stack": "Error: HTTP 401: {\"error\":\"invalid credentials\"}\n    at requestBroker (/deployments/sc-integrations-broker-api/node_modules/@smallcase/sc-integrations-broker-lib/src/brokers/hdfcsky/services/request.js:82:32)\n    at processTicksAndRejections (node:internal/process/task_queues:95:5)\n    at holdings (/deployments/sc-integrations-broker-api/node_modules/@smallcase/sc-integrations-broker-lib/src/brokers/hdfcsky/services/portfolio.js:38:52)\n    at Object.liveHoldings (/deployments/sc-integrations-broker-api/node_modules/@smallcase/sc-integrations-broker-lib/src/brokers/hdfcsky/services/portfolio.js:133:72)\n    at Object.liveHoldings (/deployments/sc-integrations-broker-api/node_modules/@smallcase/sc-integrations-broker-lib/src/brokers/hdfcsky/api.js:125:60)"
  },
  "context": {
    "broker": "hdfcsky",
    "msg": "Error in fetching live holdings",
    "details": {
      "options": {
        "accessToken": "REDACTED",
        "brokeruserId": "S10272",
        "apiKey": "REDACTED",
        "apiSecret": "REDACTED"
      }
    },
    "userId": "69044940460b987a8555aba0",
    "brokerFunctionLogId": "b07fa57b-dca3-49b7-90b4-9b3fa11ab1a1",
    "functionName": "Portfolio.liveHoldings",
    "brokerName": "hdfcsky"
  },
  "reqId": "2896b570-c5ea-11f0-997b-5f33bf0d7fc0",
  "msg": "",
  "time": "2025-11-20T08:23:14.272Z",
  "v": 0
},
{
  "name": "sc.service.sc-integrations-brokers-api",
  "version": "3.8.9",
  "hostname": "ip-10-137-1-157",
  "pid": 2390,
  "type": "SC_BROKER",
  "level": 30,
  "context": {
    "options": {
      "accessToken": "REDACTED",
      "brokeruserId": "S10272",
      "apiKey": "REDACTED",
      "apiSecret": "REDACTED"
    },
    "response": {
      "error": {
        "code": false,
        "reason": "error",
        "message": "Failed to fetch holdings",
        "stack": "Error: HTTP 401: {\"error\":\"invalid credentials\"}\n    at requestBroker (/deployments/sc-integrations-broker-api/node_modules/@smallcase/sc-integrations-broker-lib/src/brokers/hdfcsky/services/request.js:82:32)\n    at processTicksAndRejections (node:internal/process/task_queues:95:5)\n    at holdings (/deployments/sc-integrations-broker-api/node_modules/@smallcase/sc-integrations-broker-lib/src/brokers/hdfcsky/services/portfolio.js:38:52)\n    at Object.liveHoldings (/deployments/sc-integrations-broker-api/node_modules/@smallcase/sc-integrations-broker-lib/src/brokers/hdfcsky/services/portfolio.js:133:72)\n    at Object.liveHoldings (/deployments/sc-integrations-broker-api/node_modules/@smallcase/sc-integrations-broker-lib/src/brokers/hdfcsky/api.js:125:60)",
        "statusCode": 401,
        "body": {
          "error": "invalid credentials"
        }
      },
      "response": {
        "code": false,
        "reason": "error",
        "message": "Failed to fetch holdings",
        "stack": "Error: HTTP 401: {\"error\":\"invalid credentials\"}\n    at requestBroker (/deployments/sc-integrations-broker-api/node_modules/@smallcase/sc-integrations-broker-lib/src/brokers/hdfcsky/services/request.js:82:32)\n    at processTicksAndRejections (node:internal/process/task_queues:95:5)\n    at holdings (/deployments/sc-integrations-broker-api/node_modules/@smallcase/sc-integrations-broker-lib/src/brokers/hdfcsky/services/portfolio.js:38:52)\n    at Object.liveHoldings (/deployments/sc-integrations-broker-api/node_modules/@smallcase/sc-integrations-broker-lib/src/brokers/hdfcsky/services/portfolio.js:133:72)\n    at Object.liveHoldings (/deployments/sc-integrations-broker-api/node_modules/@smallcase/sc-integrations-broker-lib/src/brokers/hdfcsky/api.js:125:60)",
        "statusCode": 401,
        "body": {
          "error": "invalid credentials"
        }
      }
    },
    "userId": "69044940460b987a8555aba0",
    "brokerFunctionLogId": "b07fa57b-dca3-49b7-90b4-9b3fa11ab1a1",
    "brokerApi": {
      "functionName": "Portfolio.liveHoldings",
      "brokerName": "hdfcsky"
    }
  },
  "reqId": "2896b570-c5ea-11f0-997b-5f33bf0d7fc0",
  "msg": "broker lib function response recieved",
  "time": "2025-11-20T08:23:14.272Z",
  "v": 0
},
{
  "name": "sc.service.sc-integrations-brokers-api",
  "version": "3.8.9",
  "hostname": "ip-10-137-1-157",
  "pid": 2390,
  "type": "SC_BROKER",
  "level": 50,
  "err": {
    "message": "Request failed with status code 401",
    "name": "AxiosError",
    "stack": "AxiosError: Request failed with status code 401\n    at settle (/deployments/sc-integrations-broker-api/node_modules/axios/lib/core/settle.js:17:12)\n    at IncomingMessage.handleStreamEnd (/deployments/sc-integrations-broker-api/node_modules/axios/lib/adapters/http.js:382:11)\n    at IncomingMessage.emit (node:events:525:35)\n    at endReadableNT (node:internal/streams/readable:1359:12)\n    at processTicksAndRejections (node:internal/process/task_queues:82:21)"
  },
  "context": {
    "broker": "hdfcsky",
    "msg": "Error in request - Request failed with status code 401",
    "details": {
      "request": {
        "url": "https://developer.hdfcsky.com/oapi/v1/holdings?api_key=1bc928ff1ce54970b0a2f2ae4740dc77&client_id=S10272",
        "method": "GET",
        "headers": {
          "Authorization": "REDACTED",
          "Content-Type": "application/json"
        },
        "timeout": 20000
      },
      "userId": "S10272",
      "accessToken": "REDACTED",
      "response": {
        "error": "invalid credentials"
      }
    },
    "userId": "69044940460b987a8555aba0",
    "brokerFunctionLogId": "b07fa57b-dca3-49b7-90b4-9b3fa11ab1a1",
    "functionName": "Portfolio.liveHoldings",
    "brokerName": "hdfcsky"
  },
  "reqId": "2896b570-c5ea-11f0-997b-5f33bf0d7fc0",
  "msg": "",
  "time": "2025-11-20T08:23:14.271Z",
  "v": 0
},
{
  "name": "sc.service.sc-integrations-brokers-api",
  "version": "3.8.9",
  "hostname": "ip-10-137-1-157",
  "pid": 2390,
  "type": "SC_BROKER",
  "level": 30,
  "context": {
    "options": {
      "accessToken": "REDACTED",
      "apiKey": "REDACTED",
      "apiSecret": "REDACTED",
      "buyAmount": 0,
      "sellAmount": 0,
      "stocksCount": 0
    },
    "response": {
      "error": null,
      "response": {
        "code": true,
        "reason": "success",
        "sufficientFunds": true,
        "requiredFunds": 0,
        "allowedSellValues": {
          "T0": 0,
          "T1": 1
        }
      }
    },
    "user": {
      "id": "69044940460b987a8555aba0"
    },
    "brokerFunctionLogId": "34c385e3-2699-4d79-bd47-0842e7fc2901",
    "brokerApi": {
      "functionName": "Funds.check",
      "brokerName": "hdfcsky"
    }
  },
  "reqId": "289507c0-c5ea-11f0-997b-5f33bf0d7fc0",
  "msg": "broker lib function response recieved",
  "time": "2025-11-20T08:23:14.238Z",
  "v": 0
},
{
  "name": "sc.service.sc-integrations-brokers-api",
  "version": "3.8.9",
  "hostname": "ip-10-137-1-157",
  "pid": 2390,
  "type": "SC_BROKER",
  "level": 30,
  "context": {
    "options": {
      "accessToken": "REDACTED",
      "brokeruserId": "S10272",
      "gateway": true,
      "apiKey": "REDACTED",
      "apiSecret": "REDACTED"
    },
    "response": {
      "error": null,
      "response": {
        "code": true,
        "reason": "success",
        "payload": [
          {
            "isin": "INE528G01035",
            "tradingsymbol": "YESBANK",
            "brokersymbol": "11915",
            "quantity": 7,
            "averagePrice": 22.93,
            "exchange": "NSE",
            "authorisedQuantity": 7
          },
          {
            "isin": "INE092T01019",
            "tradingsymbol": "IDFCFIRSTB-EQ",
            "brokersymbol": "11184",
            "quantity": 0,
            "averagePrice": null,
            "exchange": "NSE"
          },
          {
            "isin": "INE330T01021",
            "tradingsymbol": "HAPPYFORGE-EQ",
            "brokersymbol": "20854",
            "quantity": 0,
            "averagePrice": null,
            "exchange": "NSE"
          },
          {
            "isin": "INE018A01030",
            "tradingsymbol": "LT-EQ",
            "brokersymbol": "11483",
            "quantity": 0,
            "averagePrice": null,
            "exchange": "NSE"
          },
          {
            "isin": "INE255X01014",
            "tradingsymbol": "MSTCLTD-EQ",
            "brokersymbol": "9356",
            "quantity": 0,
            "averagePrice": null,
            "exchange": "NSE"
          },
          {
            "isin": "INE318A01026",
            "tradingsymbol": "PIDILITIND-EQ",
            "brokersymbol": "2664",
            "quantity": 0,
            "averagePrice": null,
            "exchange": "NSE"
          },
          {
            "isin": "INE916U01025",
            "tradingsymbol": "SFL-EQ",
            "brokersymbol": "19184",
            "quantity": 0,
            "averagePrice": null,
            "exchange": "NSE"
          },
          {
            "isin": "INE397D01024",
            "tradingsymbol": "BHARTIARTL-EQ",
            "brokersymbol": "10604",
            "quantity": 0,
            "averagePrice": null,
            "exchange": "NSE"
          },
          {
            "isin": "INE850M01015",
            "tradingsymbol": "NORTHARC-EQ",
            "brokersymbol": "25426",
            "quantity": 0,
            "averagePrice": null,
            "exchange": "NSE"
          },
          {
            "isin": "INE121E01018",
            "tradingsymbol": "JSWENERGY-EQ",
            "brokersymbol": "17869",
            "quantity": 0,
            "averagePrice": null,
            "exchange": "NSE"
          },
          {
            "isin": "INE528G01035",
            "tradingsymbol": "YESBANK-EQ",
            "brokersymbol": "11915",
            "quantity": 1,
            "averagePrice": 22.69,
            "exchange": "NSE"
          },
          {
            "isin": "INE964H01014",
            "tradingsymbol": "SEPC-EQ",
            "brokersymbol": "15308",
            "quantity": 2,
            "averagePrice": 10.26,
            "exchange": "NSE"
          },
          {
            "isin": "INF204KB14I2",
            "tradingsymbol": "NIFTYBEES-EQ",
            "brokersymbol": "10576",
            "quantity": 1,
            "averagePrice": 296.08,
            "exchange": "NSE"
          },
          {
            "isin": "INF204KB17I5",
            "tradingsymbol": "GOLDBEES-EQ",
            "brokersymbol": "14428",
            "quantity": 1,
            "averagePrice": 101.1,
            "exchange": "NSE"
          }
        ]
      }
    },
    "userId": "69044940460b987a8555aba0",
    "brokerFunctionLogId": "ffb0946c-d655-4f46-8350-2979da0e752c",
    "brokerApi": {
      "functionName": "Portfolio.liveHoldings",
      "brokerName": "hdfcsky"
    }
  },
  "reqId": "28482040-c5ea-11f0-997b-5f33bf0d7fc0",
  "msg": "broker lib function response recieved",
  "time": "2025-11-20T08:23:13.925Z",
  "v": 0
},
{
  "name": "sc.service.sc-integrations-brokers-api",
  "version": "3.8.9",
  "hostname": "ip-10-137-1-157",
  "pid": 2390,
  "type": "SC_BROKER",
  "level": 30,
  "context": {
    "broker": "hdfcsky",
    "msg": "Successful request",
    "details": {
      "request": {
        "url": "https://developer.hdfcsky.com/oapi/v1/positions?api_key=1bc928ff1ce54970b0a2f2ae4740dc77&client_id=S10272&type=historical",
        "method": "GET",
        "headers": {
          "Authorization": "REDACTED",
          "Content-Type": "application/json"
        },
        "timeout": 20000
      },
      "userId": "S10272",
      "accessToken": "REDACTED",
      "response": {
        "statusCode": 200,
        "body": {
          "data": [
            {
              "ltp": 79,
              "other_margin": null,
              "sell_amount": 12824.1,
              "exchange": "NSE",
              "net_quantity": 0,
              "token": "REDACTED",
              "average_price": 0,
              "client_id": "REDACTED",
              "cf_sell_average_price": 0,
              "cf_sell_quantity": 0,
              "pledged_quantity": 0,
              "cf_buy_quantity": 0,
              "cf_sell_amount": 0,
              "instrument_token": 11184,
              "previous_close": 79.61,
              "trading_symbol": "IDFCFIRSTB-EQ",
              "v_login_id": "S10272",
              "pro_cli": "CLIENT",
              "display_symbol": "IDFCFIRSTB",
              "user_name": "REDACTED",
              "rmtm_sell_average_price": 79.6528,
              "close_price": 0,
              "prod_type": 16,
              "multiplier": 1,
              "symbol": "IDFCFIRSTB",
              "sell_quantity": 161,
              "segment": "Capital",
              "buy_quantity": 161,
              "cf_buy_amount": 0,
              "cf_buy_average_price": 0,
              "net_amount": -10.510000000000218,
              "series": "EQ",
              "average_sell_price": 79.6527950310559,
              "xe_uuid": "INE092T01019",
              "product": "MTF",
              "rmtm_buy_average_price": 79.7181,
              "buy_amount": 12834.61,
              "average_buy_price": 79.71807453416149,
              "realized_mtm": -1
            },
            {
              "ltp": 1038.5,
              "other_margin": null,
              "sell_amount": 11381.7,
              "exchange": "NSE",
              "net_quantity": 0,
              "token": "REDACTED",
              "average_price": 0,
              "client_id": "REDACTED",
              "cf_sell_average_price": 0,
              "cf_sell_quantity": 0,
              "pledged_quantity": 0,
              "cf_buy_quantity": 0,
              "cf_sell_amount": 0,
              "instrument_token": 20854,
              "previous_close": 1033.5,
              "trading_symbol": "HAPPYFORGE-EQ",
              "v_login_id": "S10272",
              "pro_cli": "CLIENT",
              "display_symbol": "HAPPYFORGE",
              "user_name": "REDACTED",
              "rmtm_sell_average_price": 1034.7,
              "close_price": 0,
              "prod_type": 16,
              "multiplier": 1,
              "symbol": "HAPPYFORGE",
              "sell_quantity": 11,
              "segment": "Capital",
              "buy_quantity": 11,
              "cf_buy_amount": 0,
              "cf_buy_average_price": 0,
              "net_amount": -16.099999999998545,
              "series": "EQ",
              "average_sell_price": 1034.7,
              "xe_uuid": "INE330T01021",
              "product": "MTF",
              "rmtm_buy_average_price": 1036.1636,
              "buy_amount": 11397.8,
              "average_buy_price": 1036.1636363636362,
              "realized_mtm": -1
            },
            {
              "ltp": 4033,
              "other_margin": null,
              "sell_amount": 12070.9,
              "exchange": "NSE",
              "net_quantity": 0,
              "token": "REDACTED",
              "average_price": 0,
              "client_id": "REDACTED",
              "cf_sell_average_price": 0,
              "cf_sell_quantity": 0,
              "pledged_quantity": 0,
              "cf_buy_quantity": 0,
              "cf_sell_amount": 0,
              "instrument_token": 11483,
              "previous_close": 4019.6,
              "trading_symbol": "LT-EQ",
              "v_login_id": "S10272",
              "pro_cli": "CLIENT",
              "display_symbol": "LT",
              "user_name": "REDACTED",
              "rmtm_sell_average_price": 4023.6333,
              "close_price": 0,
              "prod_type": 16,
              "multiplier": 1,
              "symbol": "LT",
              "sell_quantity": 3,
              "segment": "Capital",
              "buy_quantity": 3,
              "cf_buy_amount": 0,
              "cf_buy_average_price": 0,
              "net_amount": -7.5,
              "series": "EQ",
              "average_sell_price": 4023.633333333333,
              "xe_uuid": "INE018A01030",
              "product": "MTF",
              "rmtm_buy_average_price": 4026.1333,
              "buy_amount": 12078.4,
              "average_buy_price": 4026.133333333333,
              "realized_mtm": -1
            },
            {
              "ltp": 503.95,
              "other_margin": null,
              "sell_amount": 12092.849999999999,
              "exchange": "NSE",
              "net_quantity": 0,
              "token": "REDACTED",
              "average_price": 0,
              "client_id": "REDACTED",
              "cf_sell_average_price": 0,
              "cf_sell_quantity": 0,
              "pledged_quantity": 0,
              "cf_buy_quantity": 0,
              "cf_sell_amount": 0,
              "instrument_token": 9356,
              "previous_close": 500.95,
              "trading_symbol": "MSTCLTD-EQ",
              "v_login_id": "S10272",
              "pro_cli": "CLIENT",
              "display_symbol": "MSTCLTD",
              "user_name": "REDACTED",
              "rmtm_sell_average_price": 503.8687,
              "close_price": 0,
              "prod_type": 16,
              "multiplier": 1,
              "symbol": "MSTCLTD",
              "sell_quantity": 24,
              "segment": "Capital",
              "buy_quantity": 24,
              "cf_buy_amount": 0,
              "cf_buy_average_price": 0,
              "net_amount": -10.350000000002183,
              "series": "EQ",
              "average_sell_price": 503.8687499999999,
              "xe_uuid": "INE255X01014",
              "product": "MTF",
              "rmtm_buy_average_price": 504.3,
              "buy_amount": 12103.2,
              "average_buy_price": 504.3,
              "realized_mtm": -1
            },
            {
              "ltp": 1492.4,
              "other_margin": null,
              "sell_amount": 8925.800000000001,
              "exchange": "NSE",
              "net_quantity": 0,
              "token": "REDACTED",
              "average_price": 0,
              "client_id": "REDACTED",
              "cf_sell_average_price": 0,
              "cf_sell_quantity": 0,
              "pledged_quantity": 0,
              "cf_buy_quantity": 0,
              "cf_sell_amount": 0,
              "instrument_token": 2664,
              "previous_close": 1476.7,
              "trading_symbol": "PIDILITIND-EQ",
              "v_login_id": "S10272",
              "pro_cli": "CLIENT",
              "display_symbol": "PIDILITIND",
              "user_name": "REDACTED",
              "rmtm_sell_average_price": 1487.6333,
              "close_price": 0,
              "prod_type": 16,
              "multiplier": 1,
              "symbol": "PIDILITIND",
              "sell_quantity": 6,
              "segment": "Capital",
              "buy_quantity": 6,
              "cf_buy_amount": 0,
              "cf_buy_average_price": 0,
              "net_amount": 1.4000000000014552,
              "series": "EQ",
              "average_sell_price": 1487.6333333333334,
              "xe_uuid": "INE318A01026",
              "product": "MTF",
              "rmtm_buy_average_price": 1487.4,
              "buy_amount": 8924.4,
              "average_buy_price": 1487.3999999999999,
              "realized_mtm": 0
            },
            {
              "ltp": 614.2,
              "other_margin": null,
              "sell_amount": 12379.1,
              "exchange": "NSE",
              "net_quantity": 0,
              "token": "REDACTED",
              "average_price": 0,
              "client_id": "REDACTED",
              "cf_sell_average_price": 0,
              "cf_sell_quantity": 0,
              "pledged_quantity": 0,
              "cf_buy_quantity": 0,
              "cf_sell_amount": 0,
              "instrument_token": 19184,
              "previous_close": 616.35,
              "trading_symbol": "SFL-EQ",
              "v_login_id": "S10272",
              "pro_cli": "CLIENT",
              "display_symbol": "SFL",
              "user_name": "REDACTED",
              "rmtm_sell_average_price": 618.955,
              "close_price": 0,
              "prod_type": 16,
              "multiplier": 1,
              "symbol": "SFL",
              "sell_quantity": 20,
              "segment": "Capital",
              "buy_quantity": 20,
              "cf_buy_amount": 0,
              "cf_buy_average_price": 0,
              "net_amount": -12.099999999998545,
              "series": "EQ",
              "average_sell_price": 618.955,
              "xe_uuid": "INE916U01025",
              "product": "MTF",
              "rmtm_buy_average_price": 619.56,
              "buy_amount": 12391.199999999999,
              "average_buy_price": 619.56,
              "realized_mtm": -1
            },
            {
              "ltp": 2161,
              "other_margin": null,
              "sell_amount": 10772.8,
              "exchange": "NSE",
              "net_quantity": 0,
              "token": "REDACTED",
              "average_price": 0,
              "client_id": "REDACTED",
              "cf_sell_average_price": 0,
              "cf_sell_quantity": 0,
              "pledged_quantity": 0,
              "cf_buy_quantity": 0,
              "cf_sell_amount": 0,
              "instrument_token": 10604,
              "previous_close": 2159.8,
              "trading_symbol": "BHARTIARTL-EQ",
              "v_login_id": "S10272",
              "pro_cli": "CLIENT",
              "display_symbol": "BHARTIARTL",
              "user_name": "REDACTED",
              "rmtm_sell_average_price": 2154.56,
              "close_price": 0,
              "prod_type": 16,
              "multiplier": 1,
              "symbol": "BHARTIARTL",
              "sell_quantity": 5,
              "segment": "Capital",
              "buy_quantity": 5,
              "cf_buy_amount": 0,
              "cf_buy_average_price": 0,
              "net_amount": -0.4000000000014552,
              "series": "EQ",
              "average_sell_price": 2154.56,
              "xe_uuid": "INE397D01024",
              "product": "MTF",
              "rmtm_buy_average_price": 2154.64,
              "buy_amount": 10773.2,
              "average_buy_price": 2154.6400000000003,
              "realized_mtm": 0
            },
            {
              "ltp": 256,
              "other_margin": null,
              "sell_amount": 12558.95,
              "exchange": "NSE",
              "net_quantity": 0,
              "token": "REDACTED",
              "average_price": 0,
              "client_id": "REDACTED",
              "cf_sell_average_price": 0,
              "cf_sell_quantity": 0,
              "pledged_quantity": 0,
              "cf_buy_quantity": 0,
              "cf_sell_amount": 0,
              "instrument_token": 25426,
              "previous_close": 256.4,
              "trading_symbol": "NORTHARC-EQ",
              "v_login_id": "S10272",
              "pro_cli": "CLIENT",
              "display_symbol": "NORTHARC",
              "user_name": "REDACTED",
              "rmtm_sell_average_price": 256.3051,
              "close_price": 0,
              "prod_type": 16,
              "multiplier": 1,
              "symbol": "NORTHARC",
              "sell_quantity": 49,
              "segment": "Capital",
              "buy_quantity": 49,
              "cf_buy_amount": 0,
              "cf_buy_average_price": 0,
              "net_amount": -7.099999999998545,
              "series": "EQ",
              "average_sell_price": 256.30510204081634,
              "xe_uuid": "INE850M01015",
              "product": "MTF",
              "rmtm_buy_average_price": 256.45,
              "buy_amount": 12566.05,
              "average_buy_price": 256.45,
              "realized_mtm": 0
            },
            {
              "ltp": 507.9,
              "other_margin": null,
              "sell_amount": 12255.6,
              "exchange": "NSE",
              "net_quantity": 0,
              "token": "REDACTED",
              "average_price": 0,
              "client_id": "REDACTED",
              "cf_sell_average_price": 0,
              "cf_sell_quantity": 0,
              "pledged_quantity": 0,
              "cf_buy_quantity": 0,
              "cf_sell_amount": 0,
              "instrument_token": 17869,
              "previous_close": 513.65,
              "trading_symbol": "JSWENERGY-EQ",
              "v_login_id": "S10272",
              "pro_cli": "CLIENT",
              "display_symbol": "JSWENERGY",
              "user_name": "REDACTED",
              "rmtm_sell_average_price": 510.65,
              "close_price": 0,
              "prod_type": 16,
              "multiplier": 1,
              "symbol": "JSWENERGY",
              "sell_quantity": 24,
              "segment": "Capital",
              "buy_quantity": 24,
              "cf_buy_amount": 0,
              "cf_buy_average_price": 0,
              "net_amount": -7.199999999998909,
              "series": "EQ",
              "average_sell_price": 510.65000000000003,
              "xe_uuid": "INE121E01018",
              "product": "MTF",
              "rmtm_buy_average_price": 510.95,
              "buy_amount": 12262.8,
              "average_buy_price": 510.95,
              "realized_mtm": 0
            },
            {
              "ltp": 22.71,
              "other_margin": null,
              "sell_amount": 0,
              "exchange": "NSE",
              "net_quantity": 1,
              "token": "REDACTED",
              "average_price": 0,
              "client_id": "REDACTED",
              "cf_sell_average_price": 0,
              "cf_sell_quantity": 0,
              "pledged_quantity": 0,
              "cf_buy_quantity": 0,
              "cf_sell_amount": 0,
              "instrument_token": 11915,
              "previous_close": 22.93,
              "trading_symbol": "YESBANK-EQ",
              "v_login_id": "S10272",
              "pro_cli": "CLIENT",
              "display_symbol": "YESBANK",
              "user_name": "REDACTED",
              "rmtm_sell_average_price": 0,
              "close_price": 0,
              "prod_type": 1,
              "multiplier": 1,
              "symbol": "YESBANK",
              "sell_quantity": 0,
              "segment": "Capital",
              "buy_quantity": 1,
              "cf_buy_amount": 0,
              "cf_buy_average_price": 0,
              "net_amount": -22.69,
              "series": "EQ",
              "average_sell_price": 0,
              "xe_uuid": "INE528G01035",
              "product": "CNC",
              "rmtm_buy_average_price": 22.69,
              "buy_amount": 22.69,
              "average_buy_price": 22.69,
              "realized_mtm": 0
            },
            {
              "ltp": 10.32,
              "other_margin": null,
              "sell_amount": 0,
              "exchange": "NSE",
              "net_quantity": 2,
              "token": "REDACTED",
              "average_price": 0,
              "client_id": "REDACTED",
              "cf_sell_average_price": 0,
              "cf_sell_quantity": 0,
              "pledged_quantity": 0,
              "cf_buy_quantity": 0,
              "cf_sell_amount": 0,
              "instrument_token": 15308,
              "previous_close": 10.51,
              "trading_symbol": "SEPC-EQ",
              "v_login_id": "S10272",
              "pro_cli": "CLIENT",
              "display_symbol": "SEPC",
              "user_name": "REDACTED",
              "rmtm_sell_average_price": 0,
              "close_price": 0,
              "prod_type": 1,
              "multiplier": 1,
              "symbol": "SEPC",
              "sell_quantity": 0,
              "segment": "Capital",
              "buy_quantity": 2,
              "cf_buy_amount": 0,
              "cf_buy_average_price": 0,
              "net_amount": -20.52,
              "series": "EQ",
              "average_sell_price": 0,
              "xe_uuid": "INE964H01014",
              "product": "CNC",
              "rmtm_buy_average_price": 10.26,
              "buy_amount": 20.52,
              "average_buy_price": 10.26,
              "realized_mtm": 0
            },
            {
              "ltp": 296.15,
              "other_margin": null,
              "sell_amount": 0,
              "exchange": "NSE",
              "net_quantity": 1,
              "token": "REDACTED",
              "average_price": 0,
              "client_id": "REDACTED",
              "cf_sell_average_price": 0,
              "cf_sell_quantity": 0,
              "pledged_quantity": 0,
              "cf_buy_quantity": 0,
              "cf_sell_amount": 0,
              "instrument_token": 10576,
              "previous_close": 294.37,
              "trading_symbol": "NIFTYBEES-EQ",
              "v_login_id": "S10272",
              "pro_cli": "CLIENT",
              "display_symbol": "NIFTYBEES",
              "user_name": "REDACTED",
              "rmtm_sell_average_price": 0,
              "close_price": 0,
              "prod_type": 1,
              "multiplier": 1,
              "symbol": "NIFTYBEES",
              "sell_quantity": 0,
              "segment": "Capital",
              "buy_quantity": 1,
              "cf_buy_amount": 0,
              "cf_buy_average_price": 0,
              "net_amount": -296.08,
              "series": "EQ",
              "average_sell_price": 0,
              "xe_uuid": "INF204KB14I2",
              "product": "CNC",
              "rmtm_buy_average_price": 296.08,
              "buy_amount": 296.08,
              "average_buy_price": 296.08,
              "realized_mtm": 0
            },
            {
              "ltp": 101.05,
              "other_margin": null,
              "sell_amount": 0,
              "exchange": "NSE",
              "net_quantity": 1,
              "token": "REDACTED",
              "average_price": 0,
              "client_id": "REDACTED",
              "cf_sell_average_price": 0,
              "cf_sell_quantity": 0,
              "pledged_quantity": 0,
              "cf_buy_quantity": 0,
              "cf_sell_amount": 0,
              "instrument_token": 14428,
              "previous_close": 102.23,
              "trading_symbol": "GOLDBEES-EQ",
              "v_login_id": "S10272",
              "pro_cli": "CLIENT",
              "display_symbol": "GOLDBEES",
              "user_name": "REDACTED",
              "rmtm_sell_average_price": 0,
              "close_price": 0,
              "prod_type": 1,
              "multiplier": 1,
              "symbol": "GOLDBEES",
              "sell_quantity": 0,
              "segment": "Capital",
              "buy_quantity": 1,
              "cf_buy_amount": 0,
              "cf_buy_average_price": 0,
              "net_amount": -101.1,
              "series": "EQ",
              "average_sell_price": 0,
              "xe_uuid": "INF204KB17I5",
              "product": "CNC",
              "rmtm_buy_average_price": 101.1,
              "buy_amount": 101.1,
              "average_buy_price": 101.1,
              "realized_mtm": 0
            }
          ],
          "message": "",
          "status": "success"
        }
      },
      "responseString": {
        "data": [
          {
            "ltp": 79,
            "other_margin": null,
            "sell_amount": 12824.1,
            "exchange": "NSE",
            "net_quantity": 0,
            "token": "REDACTED",
            "average_price": 0,
            "client_id": "REDACTED",
            "cf_sell_average_price": 0,
            "cf_sell_quantity": 0,
            "pledged_quantity": 0,
            "cf_buy_quantity": 0,
            "cf_sell_amount": 0,
            "instrument_token": 11184,
            "previous_close": 79.61,
            "trading_symbol": "IDFCFIRSTB-EQ",
            "v_login_id": "S10272",
            "pro_cli": "CLIENT",
            "display_symbol": "IDFCFIRSTB",
            "user_name": "REDACTED",
            "rmtm_sell_average_price": 79.6528,
            "close_price": 0,
            "prod_type": 16,
            "multiplier": 1,
            "symbol": "IDFCFIRSTB",
            "sell_quantity": 161,
            "segment": "Capital",
            "buy_quantity": 161,
            "cf_buy_amount": 0,
            "cf_buy_average_price": 0,
            "net_amount": -10.510000000000218,
            "series": "EQ",
            "average_sell_price": 79.6527950310559,
            "xe_uuid": "INE092T01019",
            "product": "MTF",
            "rmtm_buy_average_price": 79.7181,
            "buy_amount": 12834.61,
            "average_buy_price": 79.71807453416149,
            "realized_mtm": -1
          },
          {
            "ltp": 1038.5,
            "other_margin": null,
            "sell_amount": 11381.7,
            "exchange": "NSE",
            "net_quantity": 0,
            "token": "REDACTED",
            "average_price": 0,
            "client_id": "REDACTED",
            "cf_sell_average_price": 0,
            "cf_sell_quantity": 0,
            "pledged_quantity": 0,
            "cf_buy_quantity": 0,
            "cf_sell_amount": 0,
            "instrument_token": 20854,
            "previous_close": 1033.5,
            "trading_symbol": "HAPPYFORGE-EQ",
            "v_login_id": "S10272",
            "pro_cli": "CLIENT",
            "display_symbol": "HAPPYFORGE",
            "user_name": "REDACTED",
            "rmtm_sell_average_price": 1034.7,
            "close_price": 0,
            "prod_type": 16,
            "multiplier": 1,
            "symbol": "HAPPYFORGE",
            "sell_quantity": 11,
            "segment": "Capital",
            "buy_quantity": 11,
            "cf_buy_amount": 0,
            "cf_buy_average_price": 0,
            "net_amount": -16.099999999998545,
            "series": "EQ",
            "average_sell_price": 1034.7,
            "xe_uuid": "INE330T01021",
            "product": "MTF",
            "rmtm_buy_average_price": 1036.1636,
            "buy_amount": 11397.8,
            "average_buy_price": 1036.1636363636362,
            "realized_mtm": -1
          },
          {
            "ltp": 4033,
            "other_margin": null,
            "sell_amount": 12070.9,
            "exchange": "NSE",
            "net_quantity": 0,
            "token": "REDACTED",
            "average_price": 0,
            "client_id": "REDACTED",
            "cf_sell_average_price": 0,
            "cf_sell_quantity": 0,
            "pledged_quantity": 0,
            "cf_buy_quantity": 0,
            "cf_sell_amount": 0,
            "instrument_token": 11483,
            "previous_close": 4019.6,
            "trading_symbol": "LT-EQ",
            "v_login_id": "S10272",
            "pro_cli": "CLIENT",
            "display_symbol": "LT",
            "user_name": "REDACTED",
            "rmtm_sell_average_price": 4023.6333,
            "close_price": 0,
            "prod_type": 16,
            "multiplier": 1,
            "symbol": "LT",
            "sell_quantity": 3,
            "segment": "Capital",
            "buy_quantity": 3,
            "cf_buy_amount": 0,
            "cf_buy_average_price": 0,
            "net_amount": -7.5,
            "series": "EQ",
            "average_sell_price": 4023.633333333333,
            "xe_uuid": "INE018A01030",
            "product": "MTF",
            "rmtm_buy_average_price": 4026.1333,
            "buy_amount": 12078.4,
            "average_buy_price": 4026.133333333333,
            "realized_mtm": -1
          },
          {
            "ltp": 503.95,
            "other_margin": null,
            "sell_amount": 12092.849999999999,
            "exchange": "NSE",
            "net_quantity": 0,
            "token": "REDACTED",
            "average_price": 0,
            "client_id": "REDACTED",
            "cf_sell_average_price": 0,
            "cf_sell_quantity": 0,
            "pledged_quantity": 0,
            "cf_buy_quantity": 0,
            "cf_sell_amount": 0,
            "instrument_token": 9356,
            "previous_close": 500.95,
            "trading_symbol": "MSTCLTD-EQ",
            "v_login_id": "S10272",
            "pro_cli": "CLIENT",
            "display_symbol": "MSTCLTD",
            "user_name": "REDACTED",
            "rmtm_sell_average_price": 503.8687,
            "close_price": 0,
            "prod_type": 16,
            "multiplier": 1,
            "symbol": "MSTCLTD",
            "sell_quantity": 24,
            "segment": "Capital",
            "buy_quantity": 24,
            "cf_buy_amount": 0,
            "cf_buy_average_price": 0,
            "net_amount": -10.350000000002183,
            "series": "EQ",
            "average_sell_price": 503.8687499999999,
            "xe_uuid": "INE255X01014",
            "product": "MTF",
            "rmtm_buy_average_price": 504.3,
            "buy_amount": 12103.2,
            "average_buy_price": 504.3,
            "realized_mtm": -1
          },
          {
            "ltp": 1492.4,
            "other_margin": null,
            "sell_amount": 8925.800000000001,
            "exchange": "NSE",
            "net_quantity": 0,
            "token": "REDACTED",
            "average_price": 0,
            "client_id": "REDACTED",
            "cf_sell_average_price": 0,
            "cf_sell_quantity": 0,
            "pledged_quantity": 0,
            "cf_buy_quantity": 0,
            "cf_sell_amount": 0,
            "instrument_token": 2664,
            "previous_close": 1476.7,
            "trading_symbol": "PIDILITIND-EQ",
            "v_login_id": "S10272",
            "pro_cli": "CLIENT",
            "display_symbol": "PIDILITIND",
            "user_name": "REDACTED",
            "rmtm_sell_average_price": 1487.6333,
            "close_price": 0,
            "prod_type": 16,
            "multiplier": 1,
            "symbol": "PIDILITIND",
            "sell_quantity": 6,
            "segment": "Capital",
            "buy_quantity": 6,
            "cf_buy_amount": 0,
            "cf_buy_average_price": 0,
            "net_amount": 1.4000000000014552,
            "series": "EQ",
            "average_sell_price": 1487.6333333333334,
            "xe_uuid": "INE318A01026",
            "product": "MTF",
            "rmtm_buy_average_price": 1487.4,
            "buy_amount": 8924.4,
            "average_buy_price": 1487.3999999999999,
            "realized_mtm": 0
          },
          {
            "ltp": 614.2,
            "other_margin": null,
            "sell_amount": 12379.1,
            "exchange": "NSE",
            "net_quantity": 0,
            "token": "REDACTED",
            "average_price": 0,
            "client_id": "REDACTED",
            "cf_sell_average_price": 0,
            "cf_sell_quantity": 0,
            "pledged_quantity": 0,
            "cf_buy_quantity": 0,
            "cf_sell_amount": 0,
            "instrument_token": 19184,
            "previous_close": 616.35,
            "trading_symbol": "SFL-EQ",
            "v_login_id": "S10272",
            "pro_cli": "CLIENT",
            "display_symbol": "SFL",
            "user_name": "REDACTED",
            "rmtm_sell_average_price": 618.955,
            "close_price": 0,
            "prod_type": 16,
            "multiplier": 1,
            "symbol": "SFL",
            "sell_quantity": 20,
            "segment": "Capital",
            "buy_quantity": 20,
            "cf_buy_amount": 0,
            "cf_buy_average_price": 0,
            "net_amount": -12.099999999998545,
            "series": "EQ",
            "average_sell_price": 618.955,
            "xe_uuid": "INE916U01025",
            "product": "MTF",
            "rmtm_buy_average_price": 619.56,
            "buy_amount": 12391.199999999999,
            "average_buy_price": 619.56,
            "realized_mtm": -1
          },
          {
            "ltp": 2161,
            "other_margin": null,
            "sell_amount": 10772.8,
            "exchange": "NSE",
            "net_quantity": 0,
            "token": "REDACTED",
            "average_price": 0,
            "client_id": "REDACTED",
            "cf_sell_average_price": 0,
            "cf_sell_quantity": 0,
            "pledged_quantity": 0,
            "cf_buy_quantity": 0,
            "cf_sell_amount": 0,
            "instrument_token": 10604,
            "previous_close": 2159.8,
            "trading_symbol": "BHARTIARTL-EQ",
            "v_login_id": "S10272",
            "pro_cli": "CLIENT",
            "display_symbol": "BHARTIARTL",
            "user_name": "REDACTED",
            "rmtm_sell_average_price": 2154.56,
            "close_price": 0,
            "prod_type": 16,
            "multiplier": 1,
            "symbol": "BHARTIARTL",
            "sell_quantity": 5,
            "segment": "Capital",
            "buy_quantity": 5,
            "cf_buy_amount": 0,
            "cf_buy_average_price": 0,
            "net_amount": -0.4000000000014552,
            "series": "EQ",
            "average_sell_price": 2154.56,
            "xe_uuid": "INE397D01024",
            "product": "MTF",
            "rmtm_buy_average_price": 2154.64,
            "buy_amount": 10773.2,
            "average_buy_price": 2154.6400000000003,
            "realized_mtm": 0
          },
          {
            "ltp": 256,
            "other_margin": null,
            "sell_amount": 12558.95,
            "exchange": "NSE",
            "net_quantity": 0,
            "token": "REDACTED",
            "average_price": 0,
            "client_id": "REDACTED",
            "cf_sell_average_price": 0,
            "cf_sell_quantity": 0,
            "pledged_quantity": 0,
            "cf_buy_quantity": 0,
            "cf_sell_amount": 0,
            "instrument_token": 25426,
            "previous_close": 256.4,
            "trading_symbol": "NORTHARC-EQ",
            "v_login_id": "S10272",
            "pro_cli": "CLIENT",
            "display_symbol": "NORTHARC",
            "user_name": "REDACTED",
            "rmtm_sell_average_price": 256.3051,
            "close_price": 0,
            "prod_type": 16,
            "multiplier": 1,
            "symbol": "NORTHARC",
            "sell_quantity": 49,
            "segment": "Capital",
            "buy_quantity": 49,
            "cf_buy_amount": 0,
            "cf_buy_average_price": 0,
            "net_amount": -7.099999999998545,
            "series": "EQ",
            "average_sell_price": 256.30510204081634,
            "xe_uuid": "INE850M01015",
            "product": "MTF",
            "rmtm_buy_average_price": 256.45,
            "buy_amount": 12566.05,
            "average_buy_price": 256.45,
            "realized_mtm": 0
          },
          {
            "ltp": 507.9,
            "other_margin": null,
            "sell_amount": 12255.6,
            "exchange": "NSE",
            "net_quantity": 0,
            "token": "REDACTED",
            "average_price": 0,
            "client_id": "REDACTED",
            "cf_sell_average_price": 0,
            "cf_sell_quantity": 0,
            "pledged_quantity": 0,
            "cf_buy_quantity": 0,
            "cf_sell_amount": 0,
            "instrument_token": 17869,
            "previous_close": 513.65,
            "trading_symbol": "JSWENERGY-EQ",
            "v_login_id": "S10272",
            "pro_cli": "CLIENT",
            "display_symbol": "JSWENERGY",
            "user_name": "REDACTED",
            "rmtm_sell_average_price": 510.65,
            "close_price": 0,
            "prod_type": 16,
            "multiplier": 1,
            "symbol": "JSWENERGY",
            "sell_quantity": 24,
            "segment": "Capital",
            "buy_quantity": 24,
            "cf_buy_amount": 0,
            "cf_buy_average_price": 0,
            "net_amount": -7.199999999998909,
            "series": "EQ",
            "average_sell_price": 510.65000000000003,
            "xe_uuid": "INE121E01018",
            "product": "MTF",
            "rmtm_buy_average_price": 510.95,
            "buy_amount": 12262.8,
            "average_buy_price": 510.95,
            "realized_mtm": 0
          },
          {
            "ltp": 22.71,
            "other_margin": null,
            "sell_amount": 0,
            "exchange": "NSE",
            "net_quantity": 1,
            "token": "REDACTED",
            "average_price": 0,
            "client_id": "REDACTED",
            "cf_sell_average_price": 0,
            "cf_sell_quantity": 0,
            "pledged_quantity": 0,
            "cf_buy_quantity": 0,
            "cf_sell_amount": 0,
            "instrument_token": 11915,
            "previous_close": 22.93,
            "trading_symbol": "YESBANK-EQ",
            "v_login_id": "S10272",
            "pro_cli": "CLIENT",
            "display_symbol": "YESBANK",
            "user_name": "REDACTED",
            "rmtm_sell_average_price": 0,
            "close_price": 0,
            "prod_type": 1,
            "multiplier": 1,
            "symbol": "YESBANK",
            "sell_quantity": 0,
            "segment": "Capital",
            "buy_quantity": 1,
            "cf_buy_amount": 0,
            "cf_buy_average_price": 0,
            "net_amount": -22.69,
            "series": "EQ",
            "average_sell_price": 0,
            "xe_uuid": "INE528G01035",
            "product": "CNC",
            "rmtm_buy_average_price": 22.69,
            "buy_amount": 22.69,
            "average_buy_price": 22.69,
            "realized_mtm": 0
          },
          {
            "ltp": 10.32,
            "other_margin": null,
            "sell_amount": 0,
            "exchange": "NSE",
            "net_quantity": 2,
            "token": "REDACTED",
            "average_price": 0,
            "client_id": "REDACTED",
            "cf_sell_average_price": 0,
            "cf_sell_quantity": 0,
            "pledged_quantity": 0,
            "cf_buy_quantity": 0,
            "cf_sell_amount": 0,
            "instrument_token": 15308,
            "previous_close": 10.51,
            "trading_symbol": "SEPC-EQ",
            "v_login_id": "S10272",
            "pro_cli": "CLIENT",
            "display_symbol": "SEPC",
            "user_name": "REDACTED",
            "rmtm_sell_average_price": 0,
            "close_price": 0,
            "prod_type": 1,
            "multiplier": 1,
            "symbol": "SEPC",
            "sell_quantity": 0,
            "segment": "Capital",
            "buy_quantity": 2,
            "cf_buy_amount": 0,
            "cf_buy_average_price": 0,
            "net_amount": -20.52,
            "series": "EQ",
            "average_sell_price": 0,
            "xe_uuid": "INE964H01014",
            "product": "CNC",
            "rmtm_buy_average_price": 10.26,
            "buy_amount": 20.52,
            "average_buy_price": 10.26,
            "realized_mtm": 0
          },
          {
            "ltp": 296.15,
            "other_margin": null,
            "sell_amount": 0,
            "exchange": "NSE",
            "net_quantity": 1,
            "token": "REDACTED",
            "average_price": 0,
            "client_id": "REDACTED",
            "cf_sell_average_price": 0,
            "cf_sell_quantity": 0,
            "pledged_quantity": 0,
            "cf_buy_quantity": 0,
            "cf_sell_amount": 0,
            "instrument_token": 10576,
            "previous_close": 294.37,
            "trading_symbol": "NIFTYBEES-EQ",
            "v_login_id": "S10272",
            "pro_cli": "CLIENT",
            "display_symbol": "NIFTYBEES",
            "user_name": "REDACTED",
            "rmtm_sell_average_price": 0,
            "close_price": 0,
            "prod_type": 1,
            "multiplier": 1,
            "symbol": "NIFTYBEES",
            "sell_quantity": 0,
            "segment": "Capital",
            "buy_quantity": 1,
            "cf_buy_amount": 0,
            "cf_buy_average_price": 0,
            "net_amount": -296.08,
            "series": "EQ",
            "average_sell_price": 0,
            "xe_uuid": "INF204KB14I2",
            "product": "CNC",
            "rmtm_buy_average_price": 296.08,
            "buy_amount": 296.08,
            "average_buy_price": 296.08,
            "realized_mtm": 0
          },
          {
            "ltp": 101.05,
            "other_margin": null,
            "sell_amount": 0,
            "exchange": "NSE",
            "net_quantity": 1,
            "token": "REDACTED",
            "average_price": 0,
            "client_id": "REDACTED",
            "cf_sell_average_price": 0,
            "cf_sell_quantity": 0,
            "pledged_quantity": 0,
            "cf_buy_quantity": 0,
            "cf_sell_amount": 0,
            "instrument_token": 14428,
            "previous_close": 102.23,
            "trading_symbol": "GOLDBEES-EQ",
            "v_login_id": "S10272",
            "pro_cli": "CLIENT",
            "display_symbol": "GOLDBEES",
            "user_name": "REDACTED",
            "rmtm_sell_average_price": 0,
            "close_price": 0,
            "prod_type": 1,
            "multiplier": 1,
            "symbol": "GOLDBEES",
            "sell_quantity": 0,
            "segment": "Capital",
            "buy_quantity": 1,
            "cf_buy_amount": 0,
            "cf_buy_average_price": 0,
            "net_amount": -101.1,
            "series": "EQ",
            "average_sell_price": 0,
            "xe_uuid": "INF204KB17I5",
            "product": "CNC",
            "rmtm_buy_average_price": 101.1,
            "buy_amount": 101.1,
            "average_buy_price": 101.1,
            "realized_mtm": 0
          }
        ],
        "message": "",
        "status": "success"
      }
    },
    "userId": "69044940460b987a8555aba0",
    "brokerFunctionLogId": "ffb0946c-d655-4f46-8350-2979da0e752c",
    "functionName": "Portfolio.liveHoldings",
    "brokerName": "hdfcsky"
  },
  "reqId": "28482040-c5ea-11f0-997b-5f33bf0d7fc0",
  "msg": "",
  "time": "2025-11-20T08:23:13.920Z",
  "v": 0
},
{
  "name": "sc.service.sc-integrations-brokers-api",
  "version": "3.8.9",
  "hostname": "ip-10-137-1-157",
  "pid": 2390,
  "type": "SC_BROKER",
  "level": 30,
  "context": {
    "broker": "hdfcsky",
    "msg": "Successful request",
    "details": {
      "request": {
        "url": "https://developer.hdfcsky.com/oapi/v1/holdings?api_key=1bc928ff1ce54970b0a2f2ae4740dc77&client_id=S10272",
        "method": "GET",
        "headers": {
          "Authorization": "REDACTED",
          "Content-Type": "application/json"
        },
        "timeout": 20000
      },
      "userId": "S10272",
      "accessToken": "REDACTED",
      "response": {
        "statusCode": 200,
        "body": {
          "data": {
            "holdings": [
              {
                "branch_code": "",
                "t0_price": 0,
                "isin": "INE528G01035",
                "used_quantity": 0,
                "exchange": "NSE",
                "actual_buy_avg": 22.93,
                "pledge_percentage": 70,
                "today_pledge_quantity": 0,
                "pledge_value": 0,
                "quantity": 7,
                "pending_quantity": 4,
                "net_holding_quantity": 7,
                "buy_avg_mtm": -1.539999999999992,
                "squared_off_pledge_quantity": 0,
                "ltp": 22.71,
                "t0_quantity": 0,
                "pledge_allow": true,
                "t1_quantity": 0,
                "symbol": "YESBANK",
                "instrument_details": {
                  "exchange": 1,
                  "instrument_name": "EQ",
                  "instrument_token": 11915,
                  "trading_symbol": "YESBANK-EQ"
                },
                "pms_quantity": 7,
                "pledge_quantity": 0,
                "t1_price": 0,
                "t2_price": 0,
                "client_id": "REDACTED",
                "today_unpledge_quantity": 0,
                "buy_avg": 22.93,
                "t2_quantity": 0,
                "transaction_type": "",
                "free_quantity": 3,
                "trading_symbol": "YESBANK",
                "token": "REDACTED",
                "squared_off_free_quantity": 0,
                "previous_close": 22.93
              }
            ]
          },
          "message": "",
          "status": "success"
        }
      },
      "responseString": {
        "data": {
          "holdings": [
            {
              "branch_code": "",
              "t0_price": 0,
              "isin": "INE528G01035",
              "used_quantity": 0,
              "exchange": "NSE",
              "actual_buy_avg": 22.93,
              "pledge_percentage": 70,
              "today_pledge_quantity": 0,
              "pledge_value": 0,
              "quantity": 7,
              "pending_quantity": 4,
              "net_holding_quantity": 7,
              "buy_avg_mtm": -1.539999999999992,
              "squared_off_pledge_quantity": 0,
              "ltp": 22.71,
              "t0_quantity": 0,
              "pledge_allow": true,
              "t1_quantity": 0,
              "symbol": "YESBANK",
              "instrument_details": {
                "exchange": 1,
                "instrument_name": "EQ",
                "instrument_token": 11915,
                "trading_symbol": "YESBANK-EQ"
              },
              "pms_quantity": 7,
              "pledge_quantity": 0,
              "t1_price": 0,
              "t2_price": 0,
              "client_id": "REDACTED",
              "today_unpledge_quantity": 0,
              "buy_avg": 22.93,
              "t2_quantity": 0,
              "transaction_type": "",
              "free_quantity": 3,
              "trading_symbol": "YESBANK",
              "token": "REDACTED",
              "squared_off_free_quantity": 0,
              "previous_close": 22.93
            }
          ]
        },
        "message": "",
        "status": "success"
      }
    },
    "userId": "69044940460b987a8555aba0",
    "brokerFunctionLogId": "ffb0946c-d655-4f46-8350-2979da0e752c",
    "functionName": "Portfolio.liveHoldings",
    "brokerName": "hdfcsky"
  },
  "reqId": "28482040-c5ea-11f0-997b-5f33bf0d7fc0",
  "msg": "",
  "time": "2025-11-20T08:23:13.786Z",
  "v": 0
},
{
  "name": "sc.service.sc-integrations-brokers-api",
  "version": "3.8.9",
  "hostname": "ip-10-137-1-157",
  "pid": 2390,
  "type": "SC_BROKER",
  "level": 30,
  "context": {
    "options": {
      "accessToken": "REDACTED",
      "apiKey": "REDACTED",
      "apiSecret": "REDACTED",
      "buyAmount": 0,
      "sellAmount": 0,
      "stocksCount": 0
    },
    "response": {
      "error": null,
      "response": {
        "code": true,
        "reason": "success",
        "sufficientFunds": true,
        "requiredFunds": 0,
        "allowedSellValues": {
          "T0": 0,
          "T1": 1
        }
      }
    },
    "user": {
      "id": "69044940460b987a8555aba0"
    },
    "brokerFunctionLogId": "cb007b4c-9b23-4203-96e5-537294abeec9",
    "brokerApi": {
      "functionName": "Funds.check",
      "brokerName": "hdfcsky"
    }
  },
  "reqId": "28451300-c5ea-11f0-997b-5f33bf0d7fc0",
  "msg": "broker lib function response recieved",
  "time": "2025-11-20T08:23:13.714Z",
  "v": 0
},
{
  "name": "sc.service.sc-integrations-brokers-api",
  "version": "3.8.9",
  "hostname": "ip-10-137-1-157",
  "pid": 2390,
  "type": "SC_BROKER",
  "level": 30,
  "context": {
    "options": {
      "accessToken": "REDACTED",
      "brokeruserId": "S10272",
      "apiKey": "REDACTED",
      "apiSecret": "REDACTED"
    },
    "response": {
      "error": {
        "code": false,
        "reason": "error",
        "message": "Failed to fetch holdings",
        "stack": "Error: HTTP 401: {\"error\":\"invalid credentials\"}\n    at requestBroker (/deployments/sc-integrations-broker-api/node_modules/@smallcase/sc-integrations-broker-lib/src/brokers/hdfcsky/services/request.js:82:32)\n    at processTicksAndRejections (node:internal/process/task_queues:95:5)\n    at holdings (/deployments/sc-integrations-broker-api/node_modules/@smallcase/sc-integrations-broker-lib/src/brokers/hdfcsky/services/portfolio.js:38:52)\n    at Object.liveHoldings (/deployments/sc-integrations-broker-api/node_modules/@smallcase/sc-integrations-broker-lib/src/brokers/hdfcsky/services/portfolio.js:133:72)\n    at Object.liveHoldings (/deployments/sc-integrations-broker-api/node_modules/@smallcase/sc-integrations-broker-lib/src/brokers/hdfcsky/api.js:125:60)",
        "statusCode": 401,
        "body": {
          "error": "invalid credentials"
        }
      },
      "response": {
        "code": false,
        "reason": "error",
        "message": "Failed to fetch holdings",
        "stack": "Error: HTTP 401: {\"error\":\"invalid credentials\"}\n    at requestBroker (/deployments/sc-integrations-broker-api/node_modules/@smallcase/sc-integrations-broker-lib/src/brokers/hdfcsky/services/request.js:82:32)\n    at processTicksAndRejections (node:internal/process/task_queues:95:5)\n    at holdings (/deployments/sc-integrations-broker-api/node_modules/@smallcase/sc-integrations-broker-lib/src/brokers/hdfcsky/services/portfolio.js:38:52)\n    at Object.liveHoldings (/deployments/sc-integrations-broker-api/node_modules/@smallcase/sc-integrations-broker-lib/src/brokers/hdfcsky/services/portfolio.js:133:72)\n    at Object.liveHoldings (/deployments/sc-integrations-broker-api/node_modules/@smallcase/sc-integrations-broker-lib/src/brokers/hdfcsky/api.js:125:60)",
        "statusCode": 401,
        "body": {
          "error": "invalid credentials"
        }
      }
    },
    "userId": "69044940460b987a8555aba0",
    "brokerFunctionLogId": "495dabef-f108-4a34-837a-deb4d537ab3a",
    "brokerApi": {
      "functionName": "Portfolio.liveHoldings",
      "brokerName": "hdfcsky"
    }
  },
  "reqId": "283c3960-c5ea-11f0-997b-5f33bf0d7fc0",
  "msg": "broker lib function response recieved",
  "time": "2025-11-20T08:23:13.683Z",
  "v": 0
},
{
  "name": "sc.service.sc-integrations-brokers-api",
  "version": "3.8.9",
  "hostname": "ip-10-137-1-157",
  "pid": 2390,
  "type": "SC_BROKER",
  "level": 50,
  "err": {
    "message": "Request failed with status code 401",
    "name": "AxiosError",
    "stack": "AxiosError: Request failed with status code 401\n    at settle (/deployments/sc-integrations-broker-api/node_modules/axios/lib/core/settle.js:17:12)\n    at IncomingMessage.handleStreamEnd (/deployments/sc-integrations-broker-api/node_modules/axios/lib/adapters/http.js:382:11)\n    at /deployments/sc-integrations-broker-api/node_modules/elastic-apm-node/lib/instrumentation/run-context/AbstractRunContextManager.js:96:49\n    at AsyncLocalStorage.run (node:async_hooks:319:14)\n    at AsyncLocalStorageRunContextManager.with (/deployments/sc-integrations-broker-api/node_modules/elastic-apm-node/lib/instrumentation/run-context/AsyncLocalStorageRunContextManager.js:57:36)\n    at IncomingMessage.wrapper (/deployments/sc-integrations-broker-api/node_modules/elastic-apm-node/lib/instrumentation/run-context/AbstractRunContextManager.js:96:23)\n    at IncomingMessage.emit (node:events:525:35)\n    at endReadableNT (node:internal/streams/readable:1359:12)\n    at processTicksAndRejections (node:internal/process/task_queues:82:21)"
  },
  "context": {
    "broker": "hdfcsky",
    "msg": "Error in request - Request failed with status code 401",
    "details": {
      "request": {
        "url": "https://developer.hdfcsky.com/oapi/v1/holdings?api_key=1bc928ff1ce54970b0a2f2ae4740dc77&client_id=S10272",
        "method": "GET",
        "headers": {
          "Authorization": "REDACTED",
          "Content-Type": "application/json"
        },
        "timeout": 20000
      },
      "userId": "S10272",
      "accessToken": "REDACTED",
      "response": {
        "error": "invalid credentials"
      }
    },
    "userId": "69044940460b987a8555aba0",
    "brokerFunctionLogId": "495dabef-f108-4a34-837a-deb4d537ab3a",
    "functionName": "Portfolio.liveHoldings",
    "brokerName": "hdfcsky"
  },
  "reqId": "283c3960-c5ea-11f0-997b-5f33bf0d7fc0",
  "msg": "",
  "time": "2025-11-20T08:23:13.682Z",
  "v": 0
},
{
  "name": "sc.service.sc-integrations-brokers-api",
  "version": "3.8.9",
  "hostname": "ip-10-137-1-157",
  "pid": 2390,
  "type": "SC_BROKER",
  "level": 40,
  "err": {
    "message": "Failed to fetch holdings",
    "stack": "Error: HTTP 401: {\"error\":\"invalid credentials\"}\n    at requestBroker (/deployments/sc-integrations-broker-api/node_modules/@smallcase/sc-integrations-broker-lib/src/brokers/hdfcsky/services/request.js:82:32)\n    at processTicksAndRejections (node:internal/process/task_queues:95:5)\n    at holdings (/deployments/sc-integrations-broker-api/node_modules/@smallcase/sc-integrations-broker-lib/src/brokers/hdfcsky/services/portfolio.js:38:52)\n    at Object.liveHoldings (/deployments/sc-integrations-broker-api/node_modules/@smallcase/sc-integrations-broker-lib/src/brokers/hdfcsky/services/portfolio.js:133:72)\n    at Object.liveHoldings (/deployments/sc-integrations-broker-api/node_modules/@smallcase/sc-integrations-broker-lib/src/brokers/hdfcsky/api.js:125:60)"
  },
  "context": {
    "broker": "hdfcsky",
    "msg": "Error in fetching live holdings",
    "details": {
      "options": {
        "accessToken": "REDACTED",
        "brokeruserId": "S10272",
        "apiKey": "REDACTED",
        "apiSecret": "REDACTED"
      }
    },
    "userId": "69044940460b987a8555aba0",
    "brokerFunctionLogId": "495dabef-f108-4a34-837a-deb4d537ab3a",
    "functionName": "Portfolio.liveHoldings",
    "brokerName": "hdfcsky"
  },
  "reqId": "283c3960-c5ea-11f0-997b-5f33bf0d7fc0",
  "msg": "",
  "time": "2025-11-20T08:23:13.682Z",
  "v": 0
},
{
  "name": "sc.service.sc-integrations-brokers-api",
  "version": "3.8.9",
  "hostname": "ip-10-137-1-157",
  "pid": 2399,
  "type": "SC_BROKER",
  "level": 30,
  "context": {
    "options": {
      "accessToken": "REDACTED",
      "apiKey": "REDACTED",
      "apiSecret": "REDACTED",
      "buyAmount": 0,
      "sellAmount": 0,
      "stocksCount": 0
    },
    "response": {
      "error": null,
      "response": {
        "code": true,
        "reason": "success",
        "sufficientFunds": true,
        "requiredFunds": 0,
        "allowedSellValues": {
          "T0": 0,
          "T1": 1
        }
      }
    },
    "user": {
      "id": "69044940460b987a8555aba0"
    },
    "brokerFunctionLogId": "8b0cfe37-e761-48bd-ba6c-9dddbbceb840",
    "brokerApi": {
      "functionName": "Funds.check",
      "brokerName": "hdfcsky"
    }
  },
  "reqId": "282be5b0-c5ea-11f0-bcd3-515fe7353c87",
  "msg": "broker lib function response recieved",
  "time": "2025-11-20T08:23:13.550Z",
  "v": 0
},
{
  "name": "sc.service.sc-integrations-brokers-api",
  "version": "3.8.9",
  "hostname": "ip-10-137-1-157",
  "pid": 2390,
  "type": "SC_BROKER",
  "level": 40,
  "err": {
    "message": "Failed to fetch holdings",
    "stack": "Error: HTTP 401: {\"error\":\"invalid credentials\"}\n    at requestBroker (/deployments/sc-integrations-broker-api/node_modules/@smallcase/sc-integrations-broker-lib/src/brokers/hdfcsky/services/request.js:82:32)\n    at processTicksAndRejections (node:internal/process/task_queues:95:5)\n    at holdings (/deployments/sc-integrations-broker-api/node_modules/@smallcase/sc-integrations-broker-lib/src/brokers/hdfcsky/services/portfolio.js:38:52)\n    at Object.liveHoldings (/deployments/sc-integrations-broker-api/node_modules/@smallcase/sc-integrations-broker-lib/src/brokers/hdfcsky/services/portfolio.js:133:72)\n    at Object.liveHoldings (/deployments/sc-integrations-broker-api/node_modules/@smallcase/sc-integrations-broker-lib/src/brokers/hdfcsky/api.js:125:60)"
  },
  "context": {
    "broker": "hdfcsky",
    "msg": "Error in fetching live holdings",
    "details": {
      "options": {
        "accessToken": "REDACTED",
        "brokeruserId": "S10272",
        "apiKey": "REDACTED",
        "apiSecret": "REDACTED"
      }
    },
    "userId": "69044940460b987a8555aba0",
    "brokerFunctionLogId": "ba3861fd-3a27-4a36-94c0-75fbd74bed15",
    "functionName": "Portfolio.liveHoldings",
    "brokerName": "hdfcsky"
  },
  "reqId": "159d12c0-c5ea-11f0-997b-5f33bf0d7fc0",
  "msg": "",
  "time": "2025-11-20T08:22:42.429Z",
  "v": 0
},
{
  "name": "sc.service.sc-integrations-brokers-api",
  "version": "3.8.9",
  "hostname": "ip-10-137-1-157",
  "pid": 2390,
  "type": "SC_BROKER",
  "level": 30,
  "context": {
    "options": {
      "accessToken": "REDACTED",
      "brokeruserId": "S10272",
      "apiKey": "REDACTED",
      "apiSecret": "REDACTED"
    },
    "response": {
      "error": {
        "code": false,
        "reason": "error",
        "message": "Failed to fetch holdings",
        "stack": "Error: HTTP 401: {\"error\":\"invalid credentials\"}\n    at requestBroker (/deployments/sc-integrations-broker-api/node_modules/@smallcase/sc-integrations-broker-lib/src/brokers/hdfcsky/services/request.js:82:32)\n    at processTicksAndRejections (node:internal/process/task_queues:95:5)\n    at holdings (/deployments/sc-integrations-broker-api/node_modules/@smallcase/sc-integrations-broker-lib/src/brokers/hdfcsky/services/portfolio.js:38:52)\n    at Object.liveHoldings (/deployments/sc-integrations-broker-api/node_modules/@smallcase/sc-integrations-broker-lib/src/brokers/hdfcsky/services/portfolio.js:133:72)\n    at Object.liveHoldings (/deployments/sc-integrations-broker-api/node_modules/@smallcase/sc-integrations-broker-lib/src/brokers/hdfcsky/api.js:125:60)",
        "statusCode": 401,
        "body": {
          "error": "invalid credentials"
        }
      },
      "response": {
        "code": false,
        "reason": "error",
        "message": "Failed to fetch holdings",
        "stack": "Error: HTTP 401: {\"error\":\"invalid credentials\"}\n    at requestBroker (/deployments/sc-integrations-broker-api/node_modules/@smallcase/sc-integrations-broker-lib/src/brokers/hdfcsky/services/request.js:82:32)\n    at processTicksAndRejections (node:internal/process/task_queues:95:5)\n    at holdings (/deployments/sc-integrations-broker-api/node_modules/@smallcase/sc-integrations-broker-lib/src/brokers/hdfcsky/services/portfolio.js:38:52)\n    at Object.liveHoldings (/deployments/sc-integrations-broker-api/node_modules/@smallcase/sc-integrations-broker-lib/src/brokers/hdfcsky/services/portfolio.js:133:72)\n    at Object.liveHoldings (/deployments/sc-integrations-broker-api/node_modules/@smallcase/sc-integrations-broker-lib/src/brokers/hdfcsky/api.js:125:60)",
        "statusCode": 401,
        "body": {
          "error": "invalid credentials"
        }
      }
    },
    "userId": "69044940460b987a8555aba0",
    "brokerFunctionLogId": "ba3861fd-3a27-4a36-94c0-75fbd74bed15",
    "brokerApi": {
      "functionName": "Portfolio.liveHoldings",
      "brokerName": "hdfcsky"
    }
  },
  "reqId": "159d12c0-c5ea-11f0-997b-5f33bf0d7fc0",
  "msg": "broker lib function response recieved",
  "time": "2025-11-20T08:22:42.429Z",
  "v": 0
},
{
  "name": "sc.service.sc-integrations-brokers-api",
  "version": "3.8.9",
  "hostname": "ip-10-137-1-157",
  "pid": 2390,
  "type": "SC_BROKER",
  "level": 50,
  "err": {
    "message": "Request failed with status code 401",
    "name": "AxiosError",
    "stack": "AxiosError: Request failed with status code 401\n    at settle (/deployments/sc-integrations-broker-api/node_modules/axios/lib/core/settle.js:17:12)\n    at IncomingMessage.handleStreamEnd (/deployments/sc-integrations-broker-api/node_modules/axios/lib/adapters/http.js:382:11)\n    at IncomingMessage.emit (node:events:525:35)\n    at endReadableNT (node:internal/streams/readable:1359:12)\n    at processTicksAndRejections (node:internal/process/task_queues:82:21)"
  },
  "context": {
    "broker": "hdfcsky",
    "msg": "Error in request - Request failed with status code 401",
    "details": {
      "request": {
        "url": "https://developer.hdfcsky.com/oapi/v1/holdings?api_key=1bc928ff1ce54970b0a2f2ae4740dc77&client_id=S10272",
        "method": "GET",
        "headers": {
          "Authorization": "REDACTED",
          "Content-Type": "application/json"
        },
        "timeout": 20000
      },
      "userId": "S10272",
      "accessToken": "REDACTED",
      "response": {
        "error": "invalid credentials"
      }
    },
    "userId": "69044940460b987a8555aba0",
    "brokerFunctionLogId": "ba3861fd-3a27-4a36-94c0-75fbd74bed15",
    "functionName": "Portfolio.liveHoldings",
    "brokerName": "hdfcsky"
  },
  "reqId": "159d12c0-c5ea-11f0-997b-5f33bf0d7fc0",
  "msg": "",
  "time": "2025-11-20T08:22:42.428Z",
  "v": 0
},
{
  "name": "sc.service.sc-integrations-brokers-api",
  "version": "3.8.9",
  "hostname": "ip-10-137-1-157",
  "pid": 2390,
  "type": "SC_BROKER",
  "level": 30,
  "context": {
    "options": {
      "accessToken": "REDACTED",
      "apiKey": "REDACTED",
      "apiSecret": "REDACTED",
      "buyAmount": 0,
      "sellAmount": 0,
      "stocksCount": 0
    },
    "response": {
      "error": null,
      "response": {
        "code": true,
        "reason": "success",
        "sufficientFunds": true,
        "requiredFunds": 0,
        "allowedSellValues": {
          "T0": 0,
          "T1": 1
        }
      }
    },
    "user": {
      "id": "69044940460b987a8555aba0"
    },
    "brokerFunctionLogId": "b90afb92-fbf6-4d60-8a17-65ae87100592",
    "brokerApi": {
      "functionName": "Funds.check",
      "brokerName": "hdfcsky"
    }
  },
  "reqId": "159152f0-c5ea-11f0-997b-5f33bf0d7fc0",
  "msg": "broker lib function response recieved",
  "time": "2025-11-20T08:22:42.337Z",
  "v": 0
},
{
  "name": "sc.service.sc-integrations-brokers-api",
  "version": "3.8.9",
  "hostname": "ip-10-137-1-157",
  "pid": 2399,
  "type": "SC_BROKER",
  "level": 30,
  "context": {
    "options": {
      "accessToken": "REDACTED",
      "brokeruserId": "S10272",
      "clientDetails": {
        "channel": "web",
        "channelIp": "2409:40c0:101f:93f6:5816:8748:2dc:c872",
        "appInstallId": "9941e26b-b33b-596d-af3c-03e53b504cc7",
        "appVersion": "1.0.0",
        "userAgent": "Mozilla/5.0 (Linux; Android 10; K) AppleWebKit/537.36 (KHTML, like Gecko) Chrome/135.0.0.0 Mobile Safari/537.36"
      },
      "apiKey": "REDACTED",
      "apiSecret": "REDACTED"
    },
    "response": {
      "error": {
        "code": false,
        "reason": "error",
        "message": "Failed to fetch holdings",
        "stack": "Error: HTTP 401: {\"error\":\"invalid credentials\"}\n    at requestBroker (/deployments/sc-integrations-broker-api/node_modules/@smallcase/sc-integrations-broker-lib/src/brokers/hdfcsky/services/request.js:82:32)\n    at processTicksAndRejections (node:internal/process/task_queues:95:5)\n    at holdings (/deployments/sc-integrations-broker-api/node_modules/@smallcase/sc-integrations-broker-lib/src/brokers/hdfcsky/services/portfolio.js:38:52)\n    at Object.liveHoldings (/deployments/sc-integrations-broker-api/node_modules/@smallcase/sc-integrations-broker-lib/src/brokers/hdfcsky/services/portfolio.js:133:72)\n    at Object.liveHoldings (/deployments/sc-integrations-broker-api/node_modules/@smallcase/sc-integrations-broker-lib/src/brokers/hdfcsky/api.js:125:60)",
        "statusCode": 401,
        "body": {
          "error": "invalid credentials"
        }
      },
      "response": {
        "code": false,
        "reason": "error",
        "message": "Failed to fetch holdings",
        "stack": "Error: HTTP 401: {\"error\":\"invalid credentials\"}\n    at requestBroker (/deployments/sc-integrations-broker-api/node_modules/@smallcase/sc-integrations-broker-lib/src/brokers/hdfcsky/services/request.js:82:32)\n    at processTicksAndRejections (node:internal/process/task_queues:95:5)\n    at holdings (/deployments/sc-integrations-broker-api/node_modules/@smallcase/sc-integrations-broker-lib/src/brokers/hdfcsky/services/portfolio.js:38:52)\n    at Object.liveHoldings (/deployments/sc-integrations-broker-api/node_modules/@smallcase/sc-integrations-broker-lib/src/brokers/hdfcsky/services/portfolio.js:133:72)\n    at Object.liveHoldings (/deployments/sc-integrations-broker-api/node_modules/@smallcase/sc-integrations-broker-lib/src/brokers/hdfcsky/api.js:125:60)",
        "statusCode": 401,
        "body": {
          "error": "invalid credentials"
        }
      }
    },
    "userId": "69044940460b987a8555aba0",
    "brokerFunctionLogId": "62688d5a-81c8-4480-a0af-3d57b325b9af",
    "brokerApi": {
      "functionName": "Portfolio.liveHoldings",
      "brokerName": "hdfcsky"
    }
  },
  "reqId": "15736ab0-c5ea-11f0-bcd3-515fe7353c87",
  "msg": "broker lib function response recieved",
  "time": "2025-11-20T08:22:42.165Z",
  "v": 0
},
{
  "name": "sc.service.sc-integrations-brokers-api",
  "version": "3.8.9",
  "hostname": "ip-10-137-1-157",
  "pid": 2399,
  "type": "SC_BROKER",
  "level": 40,
  "err": {
    "message": "Failed to fetch holdings",
    "stack": "Error: HTTP 401: {\"error\":\"invalid credentials\"}\n    at requestBroker (/deployments/sc-integrations-broker-api/node_modules/@smallcase/sc-integrations-broker-lib/src/brokers/hdfcsky/services/request.js:82:32)\n    at processTicksAndRejections (node:internal/process/task_queues:95:5)\n    at holdings (/deployments/sc-integrations-broker-api/node_modules/@smallcase/sc-integrations-broker-lib/src/brokers/hdfcsky/services/portfolio.js:38:52)\n    at Object.liveHoldings (/deployments/sc-integrations-broker-api/node_modules/@smallcase/sc-integrations-broker-lib/src/brokers/hdfcsky/services/portfolio.js:133:72)\n    at Object.liveHoldings (/deployments/sc-integrations-broker-api/node_modules/@smallcase/sc-integrations-broker-lib/src/brokers/hdfcsky/api.js:125:60)"
  },
  "context": {
    "broker": "hdfcsky",
    "msg": "Error in fetching live holdings",
    "details": {
      "options": {
        "accessToken": "REDACTED",
        "brokeruserId": "S10272",
        "clientDetails": {
          "channel": "web",
          "channelIp": "2409:40c0:101f:93f6:5816:8748:2dc:c872",
          "appInstallId": "9941e26b-b33b-596d-af3c-03e53b504cc7",
          "appVersion": "1.0.0",
          "userAgent": "Mozilla/5.0 (Linux; Android 10; K) AppleWebKit/537.36 (KHTML, like Gecko) Chrome/135.0.0.0 Mobile Safari/537.36"
        },
        "apiKey": "REDACTED",
        "apiSecret": "REDACTED"
      }
    },
    "userId": "69044940460b987a8555aba0",
    "brokerFunctionLogId": "62688d5a-81c8-4480-a0af-3d57b325b9af",
    "functionName": "Portfolio.liveHoldings",
    "brokerName": "hdfcsky"
  },
  "reqId": "15736ab0-c5ea-11f0-bcd3-515fe7353c87",
  "msg": "",
  "time": "2025-11-20T08:22:42.164Z",
  "v": 0
},
{
  "name": "sc.service.sc-integrations-brokers-api",
  "version": "3.8.9",
  "hostname": "ip-10-137-1-157",
  "pid": 2399,
  "type": "SC_BROKER",
  "level": 50,
  "err": {
    "message": "Request failed with status code 401",
    "name": "AxiosError",
    "stack": "AxiosError: Request failed with status code 401\n    at settle (/deployments/sc-integrations-broker-api/node_modules/axios/lib/core/settle.js:17:12)\n    at IncomingMessage.handleStreamEnd (/deployments/sc-integrations-broker-api/node_modules/axios/lib/adapters/http.js:382:11)\n    at IncomingMessage.emit (node:events:525:35)\n    at endReadableNT (node:internal/streams/readable:1359:12)\n    at processTicksAndRejections (node:internal/process/task_queues:82:21)"
  },
  "context": {
    "broker": "hdfcsky",
    "msg": "Error in request - Request failed with status code 401",
    "details": {
      "request": {
        "url": "https://developer.hdfcsky.com/oapi/v1/holdings?api_key=1bc928ff1ce54970b0a2f2ae4740dc77&client_id=S10272",
        "method": "GET",
        "headers": {
          "Authorization": "REDACTED",
          "Content-Type": "application/json"
        },
        "timeout": 20000
      },
      "userId": "S10272",
      "accessToken": "REDACTED",
      "response": {
        "error": "invalid credentials"
      }
    },
    "userId": "69044940460b987a8555aba0",
    "brokerFunctionLogId": "62688d5a-81c8-4480-a0af-3d57b325b9af",
    "functionName": "Portfolio.liveHoldings",
    "brokerName": "hdfcsky"
  },
  "reqId": "15736ab0-c5ea-11f0-bcd3-515fe7353c87",
  "msg": "",
  "time": "2025-11-20T08:22:42.163Z",
  "v": 0
},
{
  "name": "sc.service.sc-integrations-brokers-api",
  "version": "3.8.9",
  "hostname": "ip-10-137-1-157",
  "pid": 2390,
  "type": "SC_BROKER",
  "level": 30,
  "context": {
    "options": {
      "accessToken": "REDACTED",
      "segment": "equity",
      "apiKey": "REDACTED",
      "apiSecret": "REDACTED"
    },
    "response": {
      "error": null,
      "response": {
        "code": false,
        "reason": "failure",
        "statusCode": 501
      }
    },
    "userId": "69044940460b987a8555aba0",
    "brokerFunctionLogId": "ecb96ad7-549b-45b9-aa11-d4ce9801fc08",
    "brokerApi": {
      "functionName": "Funds.get",
      "brokerName": "hdfcsky"
    }
  },
  "reqId": "1534db10-c5ea-11f0-997b-5f33bf0d7fc0",
  "msg": "broker lib function response recieved",
  "time": "2025-11-20T08:22:41.733Z",
  "v": 0
},
{
  "name": "sc.service.sc-integrations-brokers-api",
  "version": "3.8.9",
  "hostname": "ip-10-137-1-157",
  "pid": 2399,
  "type": "SC_BROKER",
  "level": 30,
  "context": {
    "options": {
      "requestToken": "REDACTED",
      "ipAddress": "REDACTED",
      "clientDetails": {
        "channel": "web",
        "channelIp": "152.58.43.21",
        "appInstallId": "9941e26b-b33b-596d-af3c-03e53b504cc7",
        "appVersion": "1.0.0",
        "userAgent": "Mozilla/5.0 (Linux; Android 10; K) AppleWebKit/537.36 (KHTML, like Gecko) Chrome/135.0.0.0 Mobile Safari/537.36"
      },
      "apiKey": "REDACTED",
      "apiSecret": "REDACTED"
    },
    "response": {
      "error": null,
      "response": {
        "code": true,
        "reason": "success",
        "accessToken": "REDACTED",
        "userId": "S10272",
        "userName": "REDACTED",
        "isPOAEnabled": false,
        "isDDPIEnabled": true
      }
    },
    "brokerFunctionLogId": "f8a3386d-2c00-4751-82ca-f04fde502673",
    "brokerApi": {
      "functionName": "User.accessToken",
      "brokerName": "hdfcsky"
    }
  },
  "reqId": "14e88fd0-c5ea-11f0-bcd3-515fe7353c87",
  "msg": "broker lib function response recieved",
  "time": "2025-11-20T08:22:41.318Z",
  "v": 0
},
{
  "name": "sc.service.sc-integrations-brokers-api",
  "version": "3.8.9",
  "hostname": "ip-10-137-1-157",
  "pid": 2399,
  "type": "SC_BROKER",
  "level": 30,
  "context": {
    "broker": "hdfcsky",
    "msg": "Broker login successful",
    "details": {
      "options": {
        "requestToken": "REDACTED",
        "ipAddress": "REDACTED",
        "clientDetails": {
          "channel": "web",
          "channelIp": "152.58.43.21",
          "appInstallId": "9941e26b-b33b-596d-af3c-03e53b504cc7",
          "appVersion": "1.0.0",
          "userAgent": "Mozilla/5.0 (Linux; Android 10; K) AppleWebKit/537.36 (KHTML, like Gecko) Chrome/135.0.0.0 Mobile Safari/537.36"
        },
        "apiKey": "REDACTED",
        "apiSecret": "REDACTED"
      },
      "userResponse": {
        "code": true,
        "reason": "success",
        "payload": {
          "data": {
            "accessToken": "REDACTED",
            "userId": "S10272",
            "userName": "REDACTED",
            "isPOAEnabled": false,
            "isDDPIEnabled": true
          }
        }
      }
    },
    "brokerFunctionLogId": "f8a3386d-2c00-4751-82ca-f04fde502673",
    "functionName": "User.accessToken",
    "brokerName": "hdfcsky"
  },
  "reqId": "14e88fd0-c5ea-11f0-bcd3-515fe7353c87",
  "msg": "",
  "time": "2025-11-20T08:22:41.317Z",
  "v": 0
},
{
  "name": "sc.service.sc-integrations-brokers-api",
  "version": "3.8.9",
  "hostname": "ip-10-137-1-157",
  "pid": 2399,
  "type": "SC_BROKER",
  "level": 30,
  "context": {
    "userData": {
      "accessToken": "REDACTED",
      "userId": "S10272",
      "userName": "REDACTED",
      "isPOAEnabled": false,
      "isDDPIEnabled": true
    },
    "brokerFunctionLogId": "f8a3386d-2c00-4751-82ca-f04fde502673",
    "functionName": "User.accessToken",
    "brokerName": "hdfcsky"
  },
  "reqId": "14e88fd0-c5ea-11f0-bcd3-515fe7353c87",
  "msg": "Broker login successful",
  "time": "2025-11-20T08:22:41.316Z",
  "v": 0
},
{
  "name": "sc.service.sc-integrations-brokers-api",
  "version": "3.8.9",
  "hostname": "ip-10-137-1-157",
  "pid": 2399,
  "type": "SC_BROKER",
  "level": 30,
  "context": {
    "broker": "hdfcsky",
    "msg": "Successful request",
    "details": {
      "request": {
        "url": "https://developer.hdfcsky.com/oapi/v1/user/trading_info?client_id=S10272&api_key=1bc928ff1ce54970b0a2f2ae4740dc77",
        "method": "GET",
        "headers": {
          "Authorization": "REDACTED",
          "Content-Type": "application/json"
        },
        "timeout": 20000
      },
      "userId": "S10272",
      "accessToken": "REDACTED",
      "response": {
        "statusCode": 200,
        "body": {
          "data": {
            "client_id": "REDACTED",
            "ddpi": true,
            "exchanges_subscribed": [
              ""
            ],
            "name": "REDACTED",
            "poa_enabled": false,
            "products_enabled": [
              "CNC",
              "MIS",
              "NRML",
              "MTF"
            ],
            "status": "active"
          },
          "message": "",
          "status": "success"
        }
      },
      "responseString": {
        "data": {
          "client_id": "REDACTED",
          "ddpi": true,
          "exchanges_subscribed": [
            ""
          ],
          "name": "REDACTED",
          "poa_enabled": false,
          "products_enabled": [
            "CNC",
            "MIS",
            "NRML",
            "MTF"
          ],
          "status": "active"
        },
        "message": "",
        "status": "success"
      }
    },
    "brokerFunctionLogId": "f8a3386d-2c00-4751-82ca-f04fde502673",
    "functionName": "User.accessToken",
    "brokerName": "hdfcsky"
  },
  "reqId": "14e88fd0-c5ea-11f0-bcd3-515fe7353c87",
  "msg": "",
  "time": "2025-11-20T08:22:41.315Z",
  "v": 0
},
{
  "name": "sc.service.sc-integrations-brokers-api",
  "version": "3.8.9",
  "hostname": "ip-10-137-1-157",
  "pid": 2399,
  "type": "SC_BROKER",
  "level": 30,
  "context": {
    "broker": "hdfcsky",
    "msg": "Successful request",
    "details": {
      "request": {
        "url": "https://developer.hdfcsky.com/oapi/v1/access-token?api_key=1bc928ff1ce54970b0a2f2ae4740dc77&request_token=52d5418ca7b24c73924a6c04c22e4d4a1872015461",
        "method": "POST",
        "headers": {
          "Content-Type": "application/json",
          "User-Agent": "Mozilla/5.0 (Macintosh; Intel Mac OS X 10_15_7) AppleWebKit/537.36 (KHTML, like Gecko) Chrome/123.0.0.0 Safari/537.36"
        },
        "timeout": 20000,
        "data": {
          "apiSecret": "REDACTED"
        }
      },
      "userId": null,
      "accessToken": "REDACTED",
      "response": {
        "statusCode": 200,
        "body": {
          "accessToken": "REDACTED"
        }
      },
      "responseString": {
        "accessToken": "REDACTED"
      }
    },
    "brokerFunctionLogId": "f8a3386d-2c00-4751-82ca-f04fde502673",
    "functionName": "User.accessToken",
    "brokerName": "hdfcsky"
  },
  "reqId": "14e88fd0-c5ea-11f0-bcd3-515fe7353c87",
  "msg": "",
  "time": "2025-11-20T08:22:41.260Z",
  "v": 0
},
{
  "name": "sc.service.sc-integrations-brokers-api",
  "version": "3.8.9",
  "hostname": "ip-10-137-1-157",
  "pid": 2399,
  "type": "SC_BROKER",
  "level": 30,
  "context": {
    "options": {
      "accessToken": "REDACTED",
      "apiKey": "REDACTED",
      "apiSecret": "REDACTED",
      "buyAmount": 0,
      "sellAmount": 0,
      "stocksCount": 0
    },
    "response": {
      "error": null,
      "response": {
        "code": true,
        "reason": "success",
        "sufficientFunds": true,
        "requiredFunds": 0,
        "allowedSellValues": {
          "T0": 0,
          "T1": 1
        }
      }
    },
    "user": {
      "id": "69044940460b987a8555aba0"
    },
    "brokerFunctionLogId": "f1867bc6-f404-4a7d-a182-9d0c913ee178",
    "brokerApi": {
      "functionName": "Funds.check",
      "brokerName": "hdfcsky"
    }
  },
  "reqId": "d8987f90-c5e9-11f0-bcd3-515fe7353c87",
  "msg": "broker lib function response recieved",
  "time": "2025-11-20T08:21:00.053Z",
  "v": 0
},
{
  "name": "sc.service.sc-integrations-brokers-api",
  "version": "3.8.9",
  "hostname": "ip-10-137-1-157",
  "pid": 2390,
  "type": "SC_BROKER",
  "level": 30,
  "context": {
    "options": {
      "apiKey": "REDACTED",
      "accessToken": "REDACTED",
      "apiSecret": "REDACTED",
      "ipAddress": "REDACTED"
    },
    "response": {
      "error": {
        "code": false,
        "reason": "failure",
        "statusCode": 500,
        "message": "Session check failed"
      },
      "response": {
        "code": false,
        "reason": "failure",
        "statusCode": 500,
        "message": "Session check failed"
      }
    },
    "userId": "69044940460b987a8555aba0",
    "brokerFunctionLogId": "b314676a-db79-4a6c-83ca-010d798f2bbd",
    "brokerApi": {
      "functionName": "User.checkSession",
      "brokerName": "hdfcsky"
    }
  },
  "reqId": "d8865720-c5e9-11f0-997b-5f33bf0d7fc0",
  "msg": "broker lib function response recieved",
  "time": "2025-11-20T08:20:59.950Z",
  "v": 0
},
{
  "name": "sc.service.sc-integrations-brokers-api",
  "version": "3.8.9",
  "hostname": "ip-10-137-1-157",
  "pid": 2390,
  "type": "SC_BROKER",
  "level": 40,
  "err": {},
  "context": {
    "broker": "hdfcsky",
    "msg": "Error in check session",
    "details": {
      "options": {
        "apiKey": "REDACTED",
        "accessToken": "REDACTED",
        "apiSecret": "REDACTED",
        "ipAddress": "REDACTED"
      }
    },
    "userId": "69044940460b987a8555aba0",
    "brokerFunctionLogId": "b314676a-db79-4a6c-83ca-010d798f2bbd",
    "functionName": "User.checkSession",
    "brokerName": "hdfcsky"
  },
  "reqId": "d8865720-c5e9-11f0-997b-5f33bf0d7fc0",
  "msg": "",
  "time": "2025-11-20T08:20:59.949Z",
  "v": 0
},
{
  "name": "sc.service.sc-integrations-brokers-api",
  "version": "3.8.9",
  "hostname": "ip-10-137-1-157",
  "pid": 2390,
  "type": "SC_BROKER",
  "level": 50,
  "err": {
    "message": "Request failed with status code 401",
    "name": "AxiosError",
    "stack": "AxiosError: Request failed with status code 401\n    at settle (/deployments/sc-integrations-broker-api/node_modules/axios/lib/core/settle.js:17:12)\n    at IncomingMessage.handleStreamEnd (/deployments/sc-integrations-broker-api/node_modules/axios/lib/adapters/http.js:382:11)\n    at IncomingMessage.emit (node:events:525:35)\n    at endReadableNT (node:internal/streams/readable:1359:12)\n    at processTicksAndRejections (node:internal/process/task_queues:82:21)"
  },
  "context": {
    "broker": "hdfcsky",
    "msg": "Error in request - Request failed with status code 401",
    "details": {
      "request": {
        "url": "https://developer.hdfcsky.com/oapi/v1/user/trading_info?client_id=S10272&api_key=1bc928ff1ce54970b0a2f2ae4740dc77",
        "method": "GET",
        "headers": {
          "Authorization": "REDACTED",
          "Content-Type": "application/json"
        },
        "timeout": 20000
      },
      "userId": "S10272",
      "accessToken": "REDACTED",
      "response": {
        "error": "invalid credentials"
      }
    },
    "userId": "69044940460b987a8555aba0",
    "brokerFunctionLogId": "b314676a-db79-4a6c-83ca-010d798f2bbd",
    "functionName": "User.checkSession",
    "brokerName": "hdfcsky"
  },
  "reqId": "d8865720-c5e9-11f0-997b-5f33bf0d7fc0",
  "msg": "",
  "time": "2025-11-20T08:20:59.946Z",
  "v": 0
},
{
  "name": "sc.service.sc-integrations-brokers-api",
  "version": "3.8.9",
  "hostname": "ip-10-137-1-157",
  "pid": 2390,
  "type": "SC_BROKER",
  "level": 30,
  "context": {
    "options": {
      "segment": "equity",
      "accessToken": "REDACTED",
      "ipAddress": "REDACTED",
      "clientDetails": {
        "channel": "web",
        "channelIp": "2409:40c0:101f:93f6:5816:8748:2dc:c872",
        "appInstallId": "9941e26b-b33b-596d-af3c-03e53b504cc7",
        "appVersion": "1.0.0",
        "userAgent": "Mozilla/5.0 (Linux; Android 10; K) AppleWebKit/537.36 (KHTML, like Gecko) Chrome/135.0.0.0 Mobile Safari/537.36"
      },
      "apiKey": "REDACTED",
      "apiSecret": "REDACTED"
    },
    "response": {
      "error": null,
      "response": {
        "code": true,
        "reason": "success",
        "message": "Session check successful"
      }
    },
    "userId": "69044940460b987a8555aba0",
    "brokerFunctionLogId": "3b33d07d-0913-4721-9af0-891a7aed4926",
    "brokerApi": {
      "functionName": "User.checkSession",
      "brokerName": "hdfcsky"
    }
  },
  "reqId": "cd814ba0-c5e9-11f0-997b-5f33bf0d7fc0",
  "msg": "broker lib function response recieved",
  "time": "2025-11-20T08:20:41.535Z",
  "v": 0
},
{
  "name": "sc.service.sc-integrations-brokers-api",
  "version": "3.8.9",
  "hostname": "ip-10-137-1-157",
  "pid": 2390,
  "type": "SC_BROKER",
  "level": 30,
  "context": {
    "broker": "hdfcsky",
    "msg": "Successful request",
    "details": {
      "request": {
        "url": "https://developer.hdfcsky.com/oapi/v1/user/trading_info?client_id=S10272&api_key=1bc928ff1ce54970b0a2f2ae4740dc77",
        "method": "GET",
        "headers": {
          "Authorization": "REDACTED",
          "Content-Type": "application/json"
        },
        "timeout": 20000
      },
      "userId": "S10272",
      "accessToken": "REDACTED",
      "response": {
        "statusCode": 200,
        "body": {
          "data": {
            "client_id": "REDACTED",
            "ddpi": true,
            "exchanges_subscribed": [
              ""
            ],
            "name": "REDACTED",
            "poa_enabled": false,
            "products_enabled": [
              "CNC",
              "MIS",
              "NRML",
              "MTF"
            ],
            "status": "active"
          },
          "message": "",
          "status": "success"
        }
      },
      "responseString": {
        "data": {
          "client_id": "REDACTED",
          "ddpi": true,
          "exchanges_subscribed": [
            ""
          ],
          "name": "REDACTED",
          "poa_enabled": false,
          "products_enabled": [
            "CNC",
            "MIS",
            "NRML",
            "MTF"
          ],
          "status": "active"
        },
        "message": "",
        "status": "success"
      }
    },
    "userId": "69044940460b987a8555aba0",
    "brokerFunctionLogId": "3b33d07d-0913-4721-9af0-891a7aed4926",
    "functionName": "User.checkSession",
    "brokerName": "hdfcsky"
  },
  "reqId": "cd814ba0-c5e9-11f0-997b-5f33bf0d7fc0",
  "msg": "",
  "time": "2025-11-20T08:20:41.534Z",
  "v": 0
},
{
  "name": "sc.service.sc-integrations-brokers-api",
  "version": "3.8.9",
  "hostname": "ip-10-137-1-157",
  "pid": 2399,
  "type": "SC_BROKER",
  "level": 30,
  "context": {
    "options": {
      "accessToken": "REDACTED",
      "brokeruserId": "S10272",
      "apiKey": "REDACTED",
      "apiSecret": "REDACTED"
    },
    "response": {
      "error": {
        "code": false,
        "reason": "error",
        "message": "Failed to fetch holdings",
        "stack": "Error: HTTP 401: {\"error\":\"invalid credentials\"}\n    at requestBroker (/deployments/sc-integrations-broker-api/node_modules/@smallcase/sc-integrations-broker-lib/src/brokers/hdfcsky/services/request.js:82:32)\n    at processTicksAndRejections (node:internal/process/task_queues:95:5)\n    at holdings (/deployments/sc-integrations-broker-api/node_modules/@smallcase/sc-integrations-broker-lib/src/brokers/hdfcsky/services/portfolio.js:38:52)\n    at Object.liveHoldings (/deployments/sc-integrations-broker-api/node_modules/@smallcase/sc-integrations-broker-lib/src/brokers/hdfcsky/services/portfolio.js:133:72)\n    at Object.liveHoldings (/deployments/sc-integrations-broker-api/node_modules/@smallcase/sc-integrations-broker-lib/src/brokers/hdfcsky/api.js:125:60)",
        "statusCode": 401,
        "body": {
          "error": "invalid credentials"
        }
      },
      "response": {
        "code": false,
        "reason": "error",
        "message": "Failed to fetch holdings",
        "stack": "Error: HTTP 401: {\"error\":\"invalid credentials\"}\n    at requestBroker (/deployments/sc-integrations-broker-api/node_modules/@smallcase/sc-integrations-broker-lib/src/brokers/hdfcsky/services/request.js:82:32)\n    at processTicksAndRejections (node:internal/process/task_queues:95:5)\n    at holdings (/deployments/sc-integrations-broker-api/node_modules/@smallcase/sc-integrations-broker-lib/src/brokers/hdfcsky/services/portfolio.js:38:52)\n    at Object.liveHoldings (/deployments/sc-integrations-broker-api/node_modules/@smallcase/sc-integrations-broker-lib/src/brokers/hdfcsky/services/portfolio.js:133:72)\n    at Object.liveHoldings (/deployments/sc-integrations-broker-api/node_modules/@smallcase/sc-integrations-broker-lib/src/brokers/hdfcsky/api.js:125:60)",
        "statusCode": 401,
        "body": {
          "error": "invalid credentials"
        }
      }
    },
    "userId": "69044940460b987a8555aba0",
    "brokerFunctionLogId": "d40aa0c5-fe00-4c8b-8199-c77595b94786",
    "brokerApi": {
      "functionName": "Portfolio.liveHoldings",
      "brokerName": "hdfcsky"
    }
  },
  "reqId": "b3c29110-c5e9-11f0-bcd3-515fe7353c87",
  "msg": "broker lib function response recieved",
  "time": "2025-11-20T08:19:58.260Z",
  "v": 0
},
{
  "name": "sc.service.sc-integrations-brokers-api",
  "version": "3.8.9",
  "hostname": "ip-10-137-1-157",
  "pid": 2399,
  "type": "SC_BROKER",
  "level": 40,
  "err": {
    "message": "Failed to fetch holdings",
    "stack": "Error: HTTP 401: {\"error\":\"invalid credentials\"}\n    at requestBroker (/deployments/sc-integrations-broker-api/node_modules/@smallcase/sc-integrations-broker-lib/src/brokers/hdfcsky/services/request.js:82:32)\n    at processTicksAndRejections (node:internal/process/task_queues:95:5)\n    at holdings (/deployments/sc-integrations-broker-api/node_modules/@smallcase/sc-integrations-broker-lib/src/brokers/hdfcsky/services/portfolio.js:38:52)\n    at Object.liveHoldings (/deployments/sc-integrations-broker-api/node_modules/@smallcase/sc-integrations-broker-lib/src/brokers/hdfcsky/services/portfolio.js:133:72)\n    at Object.liveHoldings (/deployments/sc-integrations-broker-api/node_modules/@smallcase/sc-integrations-broker-lib/src/brokers/hdfcsky/api.js:125:60)"
  },
  "context": {
    "broker": "hdfcsky",
    "msg": "Error in fetching live holdings",
    "details": {
      "options": {
        "accessToken": "REDACTED",
        "brokeruserId": "S10272",
        "apiKey": "REDACTED",
        "apiSecret": "REDACTED"
      }
    },
    "userId": "69044940460b987a8555aba0",
    "brokerFunctionLogId": "d40aa0c5-fe00-4c8b-8199-c77595b94786",
    "functionName": "Portfolio.liveHoldings",
    "brokerName": "hdfcsky"
  },
  "reqId": "b3c29110-c5e9-11f0-bcd3-515fe7353c87",
  "msg": "",
  "time": "2025-11-20T08:19:58.259Z",
  "v": 0
},
{
  "name": "sc.service.sc-integrations-brokers-api",
  "version": "3.8.9",
  "hostname": "ip-10-137-1-157",
  "pid": 2399,
  "type": "SC_BROKER",
  "level": 50,
  "err": {
    "message": "Request failed with status code 401",
    "name": "AxiosError",
    "stack": "AxiosError: Request failed with status code 401\n    at settle (/deployments/sc-integrations-broker-api/node_modules/axios/lib/core/settle.js:17:12)\n    at IncomingMessage.handleStreamEnd (/deployments/sc-integrations-broker-api/node_modules/axios/lib/adapters/http.js:382:11)\n    at IncomingMessage.emit (node:events:525:35)\n    at endReadableNT (node:internal/streams/readable:1359:12)\n    at processTicksAndRejections (node:internal/process/task_queues:82:21)"
  },
  "context": {
    "broker": "hdfcsky",
    "msg": "Error in request - Request failed with status code 401",
    "details": {
      "request": {
        "url": "https://developer.hdfcsky.com/oapi/v1/holdings?api_key=1bc928ff1ce54970b0a2f2ae4740dc77&client_id=S10272",
        "method": "GET",
        "headers": {
          "Authorization": "REDACTED",
          "Content-Type": "application/json"
        },
        "timeout": 20000
      },
      "userId": "S10272",
      "accessToken": "REDACTED",
      "response": {
        "error": "invalid credentials"
      }
    },
    "userId": "69044940460b987a8555aba0",
    "brokerFunctionLogId": "d40aa0c5-fe00-4c8b-8199-c77595b94786",
    "functionName": "Portfolio.liveHoldings",
    "brokerName": "hdfcsky"
  },
  "reqId": "b3c29110-c5e9-11f0-bcd3-515fe7353c87",
  "msg": "",
  "time": "2025-11-20T08:19:58.258Z",
  "v": 0
},
{
  "name": "sc.service.sc-integrations-brokers-api",
  "version": "3.8.9",
  "hostname": "ip-10-137-1-157",
  "pid": 2390,
  "type": "SC_BROKER",
  "level": 30,
  "context": {
    "options": {
      "accessToken": "REDACTED",
      "apiKey": "REDACTED",
      "apiSecret": "REDACTED",
      "buyAmount": 0,
      "sellAmount": 0,
      "stocksCount": 0
    },
    "response": {
      "error": null,
      "response": {
        "code": true,
        "reason": "success",
        "sufficientFunds": true,
        "requiredFunds": 0,
        "allowedSellValues": {
          "T0": 0,
          "T1": 1
        }
      }
    },
    "user": {
      "id": "69044940460b987a8555aba0"
    },
    "brokerFunctionLogId": "9a34c48d-677f-4ede-bfb3-4e55c42bea7c",
    "brokerApi": {
      "functionName": "Funds.check",
      "brokerName": "hdfcsky"
    }
  },
  "reqId": "b3b571b0-c5e9-11f0-997b-5f33bf0d7fc0",
  "msg": "broker lib function response recieved",
  "time": "2025-11-20T08:19:58.159Z",
  "v": 0
},
{
  "name": "sc.service.sc-integrations-brokers-api",
  "version": "3.8.9",
  "hostname": "ip-10-137-1-157",
  "pid": 2399,
  "type": "SC_BROKER",
  "level": 30,
  "context": {
    "options": {
      "accessToken": "REDACTED",
      "brokeruserId": "S10272",
      "apiKey": "REDACTED",
      "apiSecret": "REDACTED"
    },
    "response": {
      "error": {
        "code": false,
        "reason": "error",
        "message": "Failed to fetch holdings",
        "stack": "Error: HTTP 401: {\"error\":\"invalid credentials\"}\n    at requestBroker (/deployments/sc-integrations-broker-api/node_modules/@smallcase/sc-integrations-broker-lib/src/brokers/hdfcsky/services/request.js:82:32)\n    at processTicksAndRejections (node:internal/process/task_queues:95:5)\n    at holdings (/deployments/sc-integrations-broker-api/node_modules/@smallcase/sc-integrations-broker-lib/src/brokers/hdfcsky/services/portfolio.js:38:52)\n    at Object.liveHoldings (/deployments/sc-integrations-broker-api/node_modules/@smallcase/sc-integrations-broker-lib/src/brokers/hdfcsky/services/portfolio.js:133:72)\n    at Object.liveHoldings (/deployments/sc-integrations-broker-api/node_modules/@smallcase/sc-integrations-broker-lib/src/brokers/hdfcsky/api.js:125:60)",
        "statusCode": 401,
        "body": {
          "error": "invalid credentials"
        }
      },
      "response": {
        "code": false,
        "reason": "error",
        "message": "Failed to fetch holdings",
        "stack": "Error: HTTP 401: {\"error\":\"invalid credentials\"}\n    at requestBroker (/deployments/sc-integrations-broker-api/node_modules/@smallcase/sc-integrations-broker-lib/src/brokers/hdfcsky/services/request.js:82:32)\n    at processTicksAndRejections (node:internal/process/task_queues:95:5)\n    at holdings (/deployments/sc-integrations-broker-api/node_modules/@smallcase/sc-integrations-broker-lib/src/brokers/hdfcsky/services/portfolio.js:38:52)\n    at Object.liveHoldings (/deployments/sc-integrations-broker-api/node_modules/@smallcase/sc-integrations-broker-lib/src/brokers/hdfcsky/services/portfolio.js:133:72)\n    at Object.liveHoldings (/deployments/sc-integrations-broker-api/node_modules/@smallcase/sc-integrations-broker-lib/src/brokers/hdfcsky/api.js:125:60)",
        "statusCode": 401,
        "body": {
          "error": "invalid credentials"
        }
      }
    },
    "userId": "69044940460b987a8555aba0",
    "brokerFunctionLogId": "7339150e-28a8-4b30-a235-22a2408b2528",
    "brokerApi": {
      "functionName": "Portfolio.liveHoldings",
      "brokerName": "hdfcsky"
    }
  },
  "reqId": "b3a3be70-c5e9-11f0-bcd3-515fe7353c87",
  "msg": "broker lib function response recieved",
  "time": "2025-11-20T08:19:58.064Z",
  "v": 0
},
{
  "name": "sc.service.sc-integrations-brokers-api",
  "version": "3.8.9",
  "hostname": "ip-10-137-1-157",
  "pid": 2399,
  "type": "SC_BROKER",
  "level": 40,
  "err": {
    "message": "Failed to fetch holdings",
    "stack": "Error: HTTP 401: {\"error\":\"invalid credentials\"}\n    at requestBroker (/deployments/sc-integrations-broker-api/node_modules/@smallcase/sc-integrations-broker-lib/src/brokers/hdfcsky/services/request.js:82:32)\n    at processTicksAndRejections (node:internal/process/task_queues:95:5)\n    at holdings (/deployments/sc-integrations-broker-api/node_modules/@smallcase/sc-integrations-broker-lib/src/brokers/hdfcsky/services/portfolio.js:38:52)\n    at Object.liveHoldings (/deployments/sc-integrations-broker-api/node_modules/@smallcase/sc-integrations-broker-lib/src/brokers/hdfcsky/services/portfolio.js:133:72)\n    at Object.liveHoldings (/deployments/sc-integrations-broker-api/node_modules/@smallcase/sc-integrations-broker-lib/src/brokers/hdfcsky/api.js:125:60)"
  },
  "context": {
    "broker": "hdfcsky",
    "msg": "Error in fetching live holdings",
    "details": {
      "options": {
        "accessToken": "REDACTED",
        "brokeruserId": "S10272",
        "apiKey": "REDACTED",
        "apiSecret": "REDACTED"
      }
    },
    "userId": "69044940460b987a8555aba0",
    "brokerFunctionLogId": "7339150e-28a8-4b30-a235-22a2408b2528",
    "functionName": "Portfolio.liveHoldings",
    "brokerName": "hdfcsky"
  },
  "reqId": "b3a3be70-c5e9-11f0-bcd3-515fe7353c87",
  "msg": "",
  "time": "2025-11-20T08:19:58.063Z",
  "v": 0
},
{
  "name": "sc.service.sc-integrations-brokers-api",
  "version": "3.8.9",
  "hostname": "ip-10-137-1-157",
  "pid": 2399,
  "type": "SC_BROKER",
  "level": 50,
  "err": {
    "message": "Request failed with status code 401",
    "name": "AxiosError",
    "stack": "AxiosError: Request failed with status code 401\n    at settle (/deployments/sc-integrations-broker-api/node_modules/axios/lib/core/settle.js:17:12)\n    at IncomingMessage.handleStreamEnd (/deployments/sc-integrations-broker-api/node_modules/axios/lib/adapters/http.js:382:11)\n    at IncomingMessage.emit (node:events:525:35)\n    at endReadableNT (node:internal/streams/readable:1359:12)\n    at processTicksAndRejections (node:internal/process/task_queues:82:21)"
  },
  "context": {
    "broker": "hdfcsky",
    "msg": "Error in request - Request failed with status code 401",
    "details": {
      "request": {
        "url": "https://developer.hdfcsky.com/oapi/v1/holdings?api_key=1bc928ff1ce54970b0a2f2ae4740dc77&client_id=S10272",
        "method": "GET",
        "headers": {
          "Authorization": "REDACTED",
          "Content-Type": "application/json"
        },
        "timeout": 20000
      },
      "userId": "S10272",
      "accessToken": "REDACTED",
      "response": {
        "error": "invalid credentials"
      }
    },
    "userId": "69044940460b987a8555aba0",
    "brokerFunctionLogId": "7339150e-28a8-4b30-a235-22a2408b2528",
    "functionName": "Portfolio.liveHoldings",
    "brokerName": "hdfcsky"
  },
  "reqId": "b3a3be70-c5e9-11f0-bcd3-515fe7353c87",
  "msg": "",
  "time": "2025-11-20T08:19:58.059Z",
  "v": 0
},
{
  "name": "sc.service.sc-integrations-brokers-api",
  "version": "3.8.9",
  "hostname": "ip-10-137-1-157",
  "pid": 2399,
  "type": "SC_BROKER",
  "level": 40,
  "err": {
    "message": "Failed to fetch holdings",
    "stack": "Error: HTTP 401: {\"error\":\"invalid credentials\"}\n    at requestBroker (/deployments/sc-integrations-broker-api/node_modules/@smallcase/sc-integrations-broker-lib/src/brokers/hdfcsky/services/request.js:82:32)\n    at processTicksAndRejections (node:internal/process/task_queues:95:5)\n    at holdings (/deployments/sc-integrations-broker-api/node_modules/@smallcase/sc-integrations-broker-lib/src/brokers/hdfcsky/services/portfolio.js:38:52)\n    at Object.liveHoldings (/deployments/sc-integrations-broker-api/node_modules/@smallcase/sc-integrations-broker-lib/src/brokers/hdfcsky/services/portfolio.js:133:72)\n    at Object.liveHoldings (/deployments/sc-integrations-broker-api/node_modules/@smallcase/sc-integrations-broker-lib/src/brokers/hdfcsky/api.js:125:60)"
  },
  "context": {
    "broker": "hdfcsky",
    "msg": "Error in fetching live holdings",
    "details": {
      "options": {
        "accessToken": "REDACTED",
        "brokeruserId": "S10272",
        "apiKey": "REDACTED",
        "apiSecret": "REDACTED"
      }
    },
    "userId": "69044940460b987a8555aba0",
    "brokerFunctionLogId": "a5be9d69-8481-49e6-81f6-4e148b198c98",
    "functionName": "Portfolio.liveHoldings",
    "brokerName": "hdfcsky"
  },
  "reqId": "b3976260-c5e9-11f0-bcd3-515fe7353c87",
  "msg": "",
  "time": "2025-11-20T08:19:57.997Z",
  "v": 0
},
{
  "name": "sc.service.sc-integrations-brokers-api",
  "version": "3.8.9",
  "hostname": "ip-10-137-1-157",
  "pid": 2399,
  "type": "SC_BROKER",
  "level": 30,
  "context": {
    "options": {
      "accessToken": "REDACTED",
      "brokeruserId": "S10272",
      "apiKey": "REDACTED",
      "apiSecret": "REDACTED"
    },
    "response": {
      "error": {
        "code": false,
        "reason": "error",
        "message": "Failed to fetch holdings",
        "stack": "Error: HTTP 401: {\"error\":\"invalid credentials\"}\n    at requestBroker (/deployments/sc-integrations-broker-api/node_modules/@smallcase/sc-integrations-broker-lib/src/brokers/hdfcsky/services/request.js:82:32)\n    at processTicksAndRejections (node:internal/process/task_queues:95:5)\n    at holdings (/deployments/sc-integrations-broker-api/node_modules/@smallcase/sc-integrations-broker-lib/src/brokers/hdfcsky/services/portfolio.js:38:52)\n    at Object.liveHoldings (/deployments/sc-integrations-broker-api/node_modules/@smallcase/sc-integrations-broker-lib/src/brokers/hdfcsky/services/portfolio.js:133:72)\n    at Object.liveHoldings (/deployments/sc-integrations-broker-api/node_modules/@smallcase/sc-integrations-broker-lib/src/brokers/hdfcsky/api.js:125:60)",
        "statusCode": 401,
        "body": {
          "error": "invalid credentials"
        }
      },
      "response": {
        "code": false,
        "reason": "error",
        "message": "Failed to fetch holdings",
        "stack": "Error: HTTP 401: {\"error\":\"invalid credentials\"}\n    at requestBroker (/deployments/sc-integrations-broker-api/node_modules/@smallcase/sc-integrations-broker-lib/src/brokers/hdfcsky/services/request.js:82:32)\n    at processTicksAndRejections (node:internal/process/task_queues:95:5)\n    at holdings (/deployments/sc-integrations-broker-api/node_modules/@smallcase/sc-integrations-broker-lib/src/brokers/hdfcsky/services/portfolio.js:38:52)\n    at Object.liveHoldings (/deployments/sc-integrations-broker-api/node_modules/@smallcase/sc-integrations-broker-lib/src/brokers/hdfcsky/services/portfolio.js:133:72)\n    at Object.liveHoldings (/deployments/sc-integrations-broker-api/node_modules/@smallcase/sc-integrations-broker-lib/src/brokers/hdfcsky/api.js:125:60)",
        "statusCode": 401,
        "body": {
          "error": "invalid credentials"
        }
      }
    },
    "userId": "69044940460b987a8555aba0",
    "brokerFunctionLogId": "a5be9d69-8481-49e6-81f6-4e148b198c98",
    "brokerApi": {
      "functionName": "Portfolio.liveHoldings",
      "brokerName": "hdfcsky"
    }
  },
  "reqId": "b3976260-c5e9-11f0-bcd3-515fe7353c87",
  "msg": "broker lib function response recieved",
  "time": "2025-11-20T08:19:57.997Z",
  "v": 0
},
{
  "name": "sc.service.sc-integrations-brokers-api",
  "version": "3.8.9",
  "hostname": "ip-10-137-1-157",
  "pid": 2399,
  "type": "SC_BROKER",
  "level": 50,
  "err": {
    "message": "Request failed with status code 401",
    "name": "AxiosError",
    "stack": "AxiosError: Request failed with status code 401\n    at settle (/deployments/sc-integrations-broker-api/node_modules/axios/lib/core/settle.js:17:12)\n    at IncomingMessage.handleStreamEnd (/deployments/sc-integrations-broker-api/node_modules/axios/lib/adapters/http.js:382:11)\n    at IncomingMessage.emit (node:events:525:35)\n    at endReadableNT (node:internal/streams/readable:1359:12)\n    at processTicksAndRejections (node:internal/process/task_queues:82:21)"
  },
  "context": {
    "broker": "hdfcsky",
    "msg": "Error in request - Request failed with status code 401",
    "details": {
      "request": {
        "url": "https://developer.hdfcsky.com/oapi/v1/holdings?api_key=1bc928ff1ce54970b0a2f2ae4740dc77&client_id=S10272",
        "method": "GET",
        "headers": {
          "Authorization": "REDACTED",
          "Content-Type": "application/json"
        },
        "timeout": 20000
      },
      "userId": "S10272",
      "accessToken": "REDACTED",
      "response": {
        "error": "invalid credentials"
      }
    },
    "userId": "69044940460b987a8555aba0",
    "brokerFunctionLogId": "a5be9d69-8481-49e6-81f6-4e148b198c98",
    "functionName": "Portfolio.liveHoldings",
    "brokerName": "hdfcsky"
  },
  "reqId": "b3976260-c5e9-11f0-bcd3-515fe7353c87",
  "msg": "",
  "time": "2025-11-20T08:19:57.996Z",
  "v": 0
},
{
  "name": "sc.service.sc-integrations-brokers-api",
  "version": "3.8.9",
  "hostname": "ip-10-137-1-157",
  "pid": 2390,
  "type": "SC_BROKER",
  "level": 30,
  "context": {
    "options": {
      "apiKey": "REDACTED",
      "accessToken": "REDACTED",
      "apiSecret": "REDACTED",
      "ipAddress": "REDACTED"
    },
    "response": {
      "error": {
        "code": false,
        "reason": "failure",
        "statusCode": 500,
        "message": "Session check failed"
      },
      "response": {
        "code": false,
        "reason": "failure",
        "statusCode": 500,
        "message": "Session check failed"
      }
    },
    "userId": "69044940460b987a8555aba0",
    "brokerFunctionLogId": "fb721632-23c9-4837-a2b2-c5d7963dfe14",
    "brokerApi": {
      "functionName": "User.checkSession",
      "brokerName": "hdfcsky"
    }
  },
  "reqId": "b3919600-c5e9-11f0-997b-5f33bf0d7fc0",
  "msg": "broker lib function response recieved",
  "time": "2025-11-20T08:19:57.966Z",
  "v": 0
},
{
  "name": "sc.service.sc-integrations-brokers-api",
  "version": "3.8.9",
  "hostname": "ip-10-137-1-157",
  "pid": 2390,
  "type": "SC_BROKER",
  "level": 40,
  "err": {},
  "context": {
    "broker": "hdfcsky",
    "msg": "Error in check session",
    "details": {
      "options": {
        "apiKey": "REDACTED",
        "accessToken": "REDACTED",
        "apiSecret": "REDACTED",
        "ipAddress": "REDACTED"
      }
    },
    "userId": "69044940460b987a8555aba0",
    "brokerFunctionLogId": "fb721632-23c9-4837-a2b2-c5d7963dfe14",
    "functionName": "User.checkSession",
    "brokerName": "hdfcsky"
  },
  "reqId": "b3919600-c5e9-11f0-997b-5f33bf0d7fc0",
  "msg": "",
  "time": "2025-11-20T08:19:57.964Z",
  "v": 0
},
{
  "name": "sc.service.sc-integrations-brokers-api",
  "version": "3.8.9",
  "hostname": "ip-10-137-1-157",
  "pid": 2390,
  "type": "SC_BROKER",
  "level": 50,
  "err": {
    "message": "Request failed with status code 401",
    "name": "AxiosError",
    "stack": "AxiosError: Request failed with status code 401\n    at settle (/deployments/sc-integrations-broker-api/node_modules/axios/lib/core/settle.js:17:12)\n    at IncomingMessage.handleStreamEnd (/deployments/sc-integrations-broker-api/node_modules/axios/lib/adapters/http.js:382:11)\n    at IncomingMessage.emit (node:events:525:35)\n    at endReadableNT (node:internal/streams/readable:1359:12)\n    at processTicksAndRejections (node:internal/process/task_queues:82:21)"
  },
  "context": {
    "broker": "hdfcsky",
    "msg": "Error in request - Request failed with status code 401",
    "details": {
      "request": {
        "url": "https://developer.hdfcsky.com/oapi/v1/user/trading_info?client_id=S10272&api_key=1bc928ff1ce54970b0a2f2ae4740dc77",
        "method": "GET",
        "headers": {
          "Authorization": "REDACTED",
          "Content-Type": "application/json"
        },
        "timeout": 20000
      },
      "userId": "S10272",
      "accessToken": "REDACTED",
      "response": {
        "error": "invalid credentials"
      }
    },
    "userId": "69044940460b987a8555aba0",
    "brokerFunctionLogId": "fb721632-23c9-4837-a2b2-c5d7963dfe14",
    "functionName": "User.checkSession",
    "brokerName": "hdfcsky"
  },
  "reqId": "b3919600-c5e9-11f0-997b-5f33bf0d7fc0",
  "msg": "",
  "time": "2025-11-20T08:19:57.959Z",
  "v": 0
},
{
  "name": "sc.service.sc-integrations-brokers-api",
  "version": "3.8.9",
  "hostname": "ip-10-137-1-157",
  "pid": 2399,
  "type": "SC_BROKER",
  "level": 30,
  "context": {
    "options": {
      "apiKey": "REDACTED",
      "accessToken": "REDACTED",
      "apiSecret": "REDACTED",
      "ipAddress": "REDACTED"
    },
    "response": {
      "error": {
        "code": false,
        "reason": "failure",
        "statusCode": 500,
        "message": "Session check failed"
      },
      "response": {
        "code": false,
        "reason": "failure",
        "statusCode": 500,
        "message": "Session check failed"
      }
    },
    "userId": "69044940460b987a8555aba0",
    "brokerFunctionLogId": "84ce7ddc-b618-465e-91f3-3dbe7fd656e3",
    "brokerApi": {
      "functionName": "User.checkSession",
      "brokerName": "hdfcsky"
    }
  },
  "reqId": "b38a9120-c5e9-11f0-bcd3-515fe7353c87",
  "msg": "broker lib function response recieved",
  "time": "2025-11-20T08:19:57.904Z",
  "v": 0
},
{
  "name": "sc.service.sc-integrations-brokers-api",
  "version": "3.8.9",
  "hostname": "ip-10-137-1-157",
  "pid": 2399,
  "type": "SC_BROKER",
  "level": 40,
  "err": {},
  "context": {
    "broker": "hdfcsky",
    "msg": "Error in check session",
    "details": {
      "options": {
        "apiKey": "REDACTED",
        "accessToken": "REDACTED",
        "apiSecret": "REDACTED",
        "ipAddress": "REDACTED"
      }
    },
    "userId": "69044940460b987a8555aba0",
    "brokerFunctionLogId": "84ce7ddc-b618-465e-91f3-3dbe7fd656e3",
    "functionName": "User.checkSession",
    "brokerName": "hdfcsky"
  },
  "reqId": "b38a9120-c5e9-11f0-bcd3-515fe7353c87",
  "msg": "",
  "time": "2025-11-20T08:19:57.903Z",
  "v": 0
},
{
  "name": "sc.service.sc-integrations-brokers-api",
  "version": "3.8.9",
  "hostname": "ip-10-137-1-157",
  "pid": 2399,
  "type": "SC_BROKER",
  "level": 50,
  "err": {
    "message": "Request failed with status code 401",
    "name": "AxiosError",
    "stack": "AxiosError: Request failed with status code 401\n    at settle (/deployments/sc-integrations-broker-api/node_modules/axios/lib/core/settle.js:17:12)\n    at IncomingMessage.handleStreamEnd (/deployments/sc-integrations-broker-api/node_modules/axios/lib/adapters/http.js:382:11)\n    at IncomingMessage.emit (node:events:525:35)\n    at endReadableNT (node:internal/streams/readable:1359:12)\n    at processTicksAndRejections (node:internal/process/task_queues:82:21)"
  },
  "context": {
    "broker": "hdfcsky",
    "msg": "Error in request - Request failed with status code 401",
    "details": {
      "request": {
        "url": "https://developer.hdfcsky.com/oapi/v1/user/trading_info?client_id=S10272&api_key=1bc928ff1ce54970b0a2f2ae4740dc77",
        "method": "GET",
        "headers": {
          "Authorization": "REDACTED",
          "Content-Type": "application/json"
        },
        "timeout": 20000
      },
      "userId": "S10272",
      "accessToken": "REDACTED",
      "response": {
        "error": "invalid credentials"
      }
    },
    "userId": "69044940460b987a8555aba0",
    "brokerFunctionLogId": "84ce7ddc-b618-465e-91f3-3dbe7fd656e3",
    "functionName": "User.checkSession",
    "brokerName": "hdfcsky"
  },
  "reqId": "b38a9120-c5e9-11f0-bcd3-515fe7353c87",
  "msg": "",
  "time": "2025-11-20T08:19:57.902Z",
  "v": 0
},
{
  "name": "sc.service.sc-integrations-brokers-api",
  "version": "3.8.9",
  "hostname": "ip-10-137-1-157",
  "pid": 2390,
  "type": "SC_BROKER",
  "level": 30,
  "context": {
    "options": {
      "segment": "equity",
      "accessToken": "REDACTED",
      "buyAmount": 43.42,
      "sellAmount": 0,
      "stocksCount": 2,
      "variety": "regular",
      "ipAddress": "REDACTED",
      "noErrorType": false,
      "rebalanceBasketFlag": false,
      "label": "BUY",
      "clientDetails": {
        "channel": "web",
        "channelIp": "2409:40c0:101f:93f6:5816:8748:2dc:c872",
        "appInstallId": "9941e26b-b33b-596d-af3c-03e53b504cc7",
        "appVersion": "1.0.0",
        "userAgent": "Mozilla/5.0 (Linux; Android 10; K) AppleWebKit/537.36 (KHTML, like Gecko) Chrome/135.0.0.0 Mobile Safari/537.36"
      },
      "apiKey": "REDACTED",
      "apiSecret": "REDACTED",
      "requiredFunds": 43.42
    },
    "response": {
      "error": null,
      "response": {
        "code": true,
        "reason": "success",
        "availableFunds": 3015.43,
        "sufficientFunds": true,
        "requiredFunds": 43.42,
        "allowedSellValues": {
          "T0": 0,
          "T1": 1
        },
        "buyValue": 43.42,
        "sellValue": 0,
        "bufferAdded": false
      }
    },
    "userId": "69044940460b987a8555aba0",
    "brokerFunctionLogId": "8be9e633-0da0-4c24-9b33-064f2e1a1abb",
    "brokerApi": {
      "functionName": "Funds.check",
      "brokerName": "hdfcsky"
    }
  },
  "reqId": "ace9f130-c5e9-11f0-997b-5f33bf0d7fc0",
  "msg": "broker lib function response recieved",
  "time": "2025-11-20T08:19:46.883Z",
  "v": 0
},
{
  "name": "sc.service.sc-integrations-brokers-api",
  "version": "3.8.9",
  "hostname": "ip-10-137-1-157",
  "pid": 2390,
  "type": "SC_BROKER",
  "level": 30,
  "context": {
    "broker": "hdfcsky",
    "msg": "Successful request",
    "details": {
      "request": {
        "url": "https://developer.hdfcsky.com/oapi/v1/funds/view?api_key=1bc928ff1ce54970b0a2f2ae4740dc77&client_id=S10272&type=all",
        "method": "GET",
        "headers": {
          "Authorization": "REDACTED",
          "Content-Type": "application/json"
        },
        "timeout": 20000
      },
      "userId": "S10272",
      "accessToken": "REDACTED",
      "response": {
        "statusCode": 200,
        "body": {
          "data": {
            "client_id": "REDACTED",
            "headers": [
              "Description",
              "all"
            ],
            "realized_mtm": "-69.86",
            "unrealized_mtm": "0.00",
            "values": [
              [
                "Available Margin",
                "3015.43"
              ],
              [
                "Opening Balance",
                "3085.29"
              ],
              [
                "Margin Used",
                "0.00"
              ],
              [
                "Pay In",
                "0.00"
              ],
              [
                "Pay Out",
                "0.00"
              ],
              [
                "Withdrawable Funds",
                "3015.43"
              ],
              [
                "Pledge Benefit",
                "0.00"
              ],
              [
                "Equity Credit Sell",
                "0.00"
              ],
              [
                "Option Credit For Sell",
                "0.00"
              ],
              [
                "Realized MTM",
                "-69.86"
              ],
              [
                "Unrealized MTM",
                "0.00"
              ],
              [
                "MTM",
                "-69.86"
              ],
              [
                "MTF Available Limit",
                "8439.10"
              ],
              [
                "MTF Opening Balance",
                "12893.30"
              ],
              [
                "MTF Withdrawal Limit",
                "8439.10"
              ],
              [
                "MTF Margin Blocked",
                "2919.69"
              ],
              [
                "CTD MTF Margin Blocked",
                "0.00"
              ],
              [
                "MTF Used Pledge Benefit",
                "0.00"
              ],
              [
                "MTF PNL",
                "-10.30"
              ],
              [
                "MTF Equity Credit For Sell",
                "0.00"
              ],
              [
                "MTF Day Margin",
                "1524.21"
              ],
              [
                "MTF Payout",
                "0.00"
              ],
              [
                "Day txn charges",
                "1524.21"
              ]
            ]
          },
          "message": "",
          "status": "success"
        }
      },
      "responseString": {
        "data": {
          "client_id": "REDACTED",
          "headers": [
            "Description",
            "all"
          ],
          "realized_mtm": "-69.86",
          "unrealized_mtm": "0.00",
          "values": [
            [
              "Available Margin",
              "3015.43"
            ],
            [
              "Opening Balance",
              "3085.29"
            ],
            [
              "Margin Used",
              "0.00"
            ],
            [
              "Pay In",
              "0.00"
            ],
            [
              "Pay Out",
              "0.00"
            ],
            [
              "Withdrawable Funds",
              "3015.43"
            ],
            [
              "Pledge Benefit",
              "0.00"
            ],
            [
              "Equity Credit Sell",
              "0.00"
            ],
            [
              "Option Credit For Sell",
              "0.00"
            ],
            [
              "Realized MTM",
              "-69.86"
            ],
            [
              "Unrealized MTM",
              "0.00"
            ],
            [
              "MTM",
              "-69.86"
            ],
            [
              "MTF Available Limit",
              "8439.10"
            ],
            [
              "MTF Opening Balance",
              "12893.30"
            ],
            [
              "MTF Withdrawal Limit",
              "8439.10"
            ],
            [
              "MTF Margin Blocked",
              "2919.69"
            ],
            [
              "CTD MTF Margin Blocked",
              "0.00"
            ],
            [
              "MTF Used Pledge Benefit",
              "0.00"
            ],
            [
              "MTF PNL",
              "-10.30"
            ],
            [
              "MTF Equity Credit For Sell",
              "0.00"
            ],
            [
              "MTF Day Margin",
              "1524.21"
            ],
            [
              "MTF Payout",
              "0.00"
            ],
            [
              "Day txn charges",
              "1524.21"
            ]
          ]
        },
        "message": "",
        "status": "success"
      }
    },
    "userId": "69044940460b987a8555aba0",
    "brokerFunctionLogId": "8be9e633-0da0-4c24-9b33-064f2e1a1abb",
    "functionName": "Funds.check",
    "brokerName": "hdfcsky"
  },
  "reqId": "ace9f130-c5e9-11f0-997b-5f33bf0d7fc0",
  "msg": "",
  "time": "2025-11-20T08:19:46.882Z",
  "v": 0
},
{
  "name": "sc.service.sc-integrations-brokers-api",
  "version": "3.8.9",
  "hostname": "ip-10-137-1-157",
  "pid": 2390,
  "type": "SC_BROKER",
  "level": 30,
  "context": {
    "options": {
      "segment": "equity",
      "accessToken": "REDACTED",
      "ipAddress": "REDACTED",
      "clientDetails": {
        "channel": "web",
        "channelIp": "2409:40c0:101f:93f6:5816:8748:2dc:c872",
        "appInstallId": "9941e26b-b33b-596d-af3c-03e53b504cc7",
        "appVersion": "1.0.0",
        "userAgent": "Mozilla/5.0 (Linux; Android 10; K) AppleWebKit/537.36 (KHTML, like Gecko) Chrome/135.0.0.0 Mobile Safari/537.36"
      },
      "apiKey": "REDACTED",
      "apiSecret": "REDACTED"
    },
    "response": {
      "error": null,
      "response": {
        "code": true,
        "reason": "success",
        "message": "Session check successful"
      }
    },
    "userId": "69044940460b987a8555aba0",
    "brokerFunctionLogId": "0828470f-79e3-4b62-81f8-13224dac0dd8",
    "brokerApi": {
      "functionName": "User.checkSession",
      "brokerName": "hdfcsky"
    }
  },
  "reqId": "ab715af0-c5e9-11f0-997b-5f33bf0d7fc0",
  "msg": "broker lib function response recieved",
  "time": "2025-11-20T08:19:44.339Z",
  "v": 0
},
{
  "name": "sc.service.sc-integrations-brokers-api",
  "version": "3.8.9",
  "hostname": "ip-10-137-1-157",
  "pid": 2390,
  "type": "SC_BROKER",
  "level": 30,
  "context": {
    "broker": "hdfcsky",
    "msg": "Successful request",
    "details": {
      "request": {
        "url": "https://developer.hdfcsky.com/oapi/v1/user/trading_info?client_id=S10272&api_key=1bc928ff1ce54970b0a2f2ae4740dc77",
        "method": "GET",
        "headers": {
          "Authorization": "REDACTED",
          "Content-Type": "application/json"
        },
        "timeout": 20000
      },
      "userId": "S10272",
      "accessToken": "REDACTED",
      "response": {
        "statusCode": 200,
        "body": {
          "data": {
            "client_id": "REDACTED",
            "ddpi": true,
            "exchanges_subscribed": [
              ""
            ],
            "name": "REDACTED",
            "poa_enabled": false,
            "products_enabled": [
              "CNC",
              "MIS",
              "NRML",
              "MTF"
            ],
            "status": "active"
          },
          "message": "",
          "status": "success"
        }
      },
      "responseString": {
        "data": {
          "client_id": "REDACTED",
          "ddpi": true,
          "exchanges_subscribed": [
            ""
          ],
          "name": "REDACTED",
          "poa_enabled": false,
          "products_enabled": [
            "CNC",
            "MIS",
            "NRML",
            "MTF"
          ],
          "status": "active"
        },
        "message": "",
        "status": "success"
      }
    },
    "userId": "69044940460b987a8555aba0",
    "brokerFunctionLogId": "0828470f-79e3-4b62-81f8-13224dac0dd8",
    "functionName": "User.checkSession",
    "brokerName": "hdfcsky"
  },
  "reqId": "ab715af0-c5e9-11f0-997b-5f33bf0d7fc0",
  "msg": "",
  "time": "2025-11-20T08:19:44.337Z",
  "v": 0
},
{
  "name": "sc.service.sc-integrations-brokers-api",
  "version": "3.8.9",
  "hostname": "ip-10-137-1-157",
  "pid": 2390,
  "type": "SC_BROKER",
  "level": 30,
  "context": {
    "options": {
      "accessToken": "REDACTED",
      "brokeruserId": "S10272",
      "apiKey": "REDACTED",
      "apiSecret": "REDACTED"
    },
    "response": {
      "error": {
        "code": false,
        "reason": "error",
        "message": "Failed to fetch holdings",
        "stack": "Error: HTTP 401: {\"error\":\"invalid credentials\"}\n    at requestBroker (/deployments/sc-integrations-broker-api/node_modules/@smallcase/sc-integrations-broker-lib/src/brokers/hdfcsky/services/request.js:82:32)\n    at processTicksAndRejections (node:internal/process/task_queues:95:5)\n    at holdings (/deployments/sc-integrations-broker-api/node_modules/@smallcase/sc-integrations-broker-lib/src/brokers/hdfcsky/services/portfolio.js:38:52)\n    at Object.liveHoldings (/deployments/sc-integrations-broker-api/node_modules/@smallcase/sc-integrations-broker-lib/src/brokers/hdfcsky/services/portfolio.js:133:72)\n    at Object.liveHoldings (/deployments/sc-integrations-broker-api/node_modules/@smallcase/sc-integrations-broker-lib/src/brokers/hdfcsky/api.js:125:60)",
        "statusCode": 401,
        "body": {
          "error": "invalid credentials"
        }
      },
      "response": {
        "code": false,
        "reason": "error",
        "message": "Failed to fetch holdings",
        "stack": "Error: HTTP 401: {\"error\":\"invalid credentials\"}\n    at requestBroker (/deployments/sc-integrations-broker-api/node_modules/@smallcase/sc-integrations-broker-lib/src/brokers/hdfcsky/services/request.js:82:32)\n    at processTicksAndRejections (node:internal/process/task_queues:95:5)\n    at holdings (/deployments/sc-integrations-broker-api/node_modules/@smallcase/sc-integrations-broker-lib/src/brokers/hdfcsky/services/portfolio.js:38:52)\n    at Object.liveHoldings (/deployments/sc-integrations-broker-api/node_modules/@smallcase/sc-integrations-broker-lib/src/brokers/hdfcsky/services/portfolio.js:133:72)\n    at Object.liveHoldings (/deployments/sc-integrations-broker-api/node_modules/@smallcase/sc-integrations-broker-lib/src/brokers/hdfcsky/api.js:125:60)",
        "statusCode": 401,
        "body": {
          "error": "invalid credentials"
        }
      }
    },
    "userId": "69044940460b987a8555aba0",
    "brokerFunctionLogId": "523215d5-7559-448d-b073-6774c34af09c",
    "brokerApi": {
      "functionName": "Portfolio.liveHoldings",
      "brokerName": "hdfcsky"
    }
  },
  "reqId": "2f3d6550-c5e9-11f0-997b-5f33bf0d7fc0",
  "msg": "broker lib function response recieved",
  "time": "2025-11-20T08:16:15.931Z",
  "v": 0
},
{
  "name": "sc.service.sc-integrations-brokers-api",
  "version": "3.8.9",
  "hostname": "ip-10-137-1-157",
  "pid": 2390,
  "type": "SC_BROKER",
  "level": 40,
  "err": {
    "message": "Failed to fetch holdings",
    "stack": "Error: HTTP 401: {\"error\":\"invalid credentials\"}\n    at requestBroker (/deployments/sc-integrations-broker-api/node_modules/@smallcase/sc-integrations-broker-lib/src/brokers/hdfcsky/services/request.js:82:32)\n    at processTicksAndRejections (node:internal/process/task_queues:95:5)\n    at holdings (/deployments/sc-integrations-broker-api/node_modules/@smallcase/sc-integrations-broker-lib/src/brokers/hdfcsky/services/portfolio.js:38:52)\n    at Object.liveHoldings (/deployments/sc-integrations-broker-api/node_modules/@smallcase/sc-integrations-broker-lib/src/brokers/hdfcsky/services/portfolio.js:133:72)\n    at Object.liveHoldings (/deployments/sc-integrations-broker-api/node_modules/@smallcase/sc-integrations-broker-lib/src/brokers/hdfcsky/api.js:125:60)"
  },
  "context": {
    "broker": "hdfcsky",
    "msg": "Error in fetching live holdings",
    "details": {
      "options": {
        "accessToken": "REDACTED",
        "brokeruserId": "S10272",
        "apiKey": "REDACTED",
        "apiSecret": "REDACTED"
      }
    },
    "userId": "69044940460b987a8555aba0",
    "brokerFunctionLogId": "523215d5-7559-448d-b073-6774c34af09c",
    "functionName": "Portfolio.liveHoldings",
    "brokerName": "hdfcsky"
  },
  "reqId": "2f3d6550-c5e9-11f0-997b-5f33bf0d7fc0",
  "msg": "",
  "time": "2025-11-20T08:16:15.930Z",
  "v": 0
},
{
  "name": "sc.service.sc-integrations-brokers-api",
  "version": "3.8.9",
  "hostname": "ip-10-137-1-157",
  "pid": 2390,
  "type": "SC_BROKER",
  "level": 50,
  "err": {
    "message": "Request failed with status code 401",
    "name": "AxiosError",
    "stack": "AxiosError: Request failed with status code 401\n    at settle (/deployments/sc-integrations-broker-api/node_modules/axios/lib/core/settle.js:17:12)\n    at IncomingMessage.handleStreamEnd (/deployments/sc-integrations-broker-api/node_modules/axios/lib/adapters/http.js:382:11)\n    at IncomingMessage.emit (node:events:525:35)\n    at endReadableNT (node:internal/streams/readable:1359:12)\n    at processTicksAndRejections (node:internal/process/task_queues:82:21)"
  },
  "context": {
    "broker": "hdfcsky",
    "msg": "Error in request - Request failed with status code 401",
    "details": {
      "request": {
        "url": "https://developer.hdfcsky.com/oapi/v1/holdings?api_key=1bc928ff1ce54970b0a2f2ae4740dc77&client_id=S10272",
        "method": "GET",
        "headers": {
          "Authorization": "REDACTED",
          "Content-Type": "application/json"
        },
        "timeout": 20000
      },
      "userId": "S10272",
      "accessToken": "REDACTED",
      "response": {
        "error": "invalid credentials"
      }
    },
    "userId": "69044940460b987a8555aba0",
    "brokerFunctionLogId": "523215d5-7559-448d-b073-6774c34af09c",
    "functionName": "Portfolio.liveHoldings",
    "brokerName": "hdfcsky"
  },
  "reqId": "2f3d6550-c5e9-11f0-997b-5f33bf0d7fc0",
  "msg": "",
  "time": "2025-11-20T08:16:15.929Z",
  "v": 0
},
{
  "name": "sc.service.sc-integrations-brokers-api",
  "version": "3.8.9",
  "hostname": "ip-10-137-1-157",
  "pid": 2390,
  "type": "SC_BROKER",
  "level": 30,
  "context": {
    "options": {
      "accessToken": "REDACTED",
      "apiKey": "REDACTED",
      "apiSecret": "REDACTED",
      "buyAmount": 0,
      "sellAmount": 0,
      "stocksCount": 0
    },
    "response": {
      "error": null,
      "response": {
        "code": true,
        "reason": "success",
        "sufficientFunds": true,
        "requiredFunds": 0,
        "allowedSellValues": {
          "T0": 0,
          "T1": 1
        }
      }
    },
    "user": {
      "id": "69044940460b987a8555aba0"
    },
    "brokerFunctionLogId": "e7d470b1-ceae-4fdc-a862-65b72dd87325",
    "brokerApi": {
      "functionName": "Funds.check",
      "brokerName": "hdfcsky"
    }
  },
  "reqId": "2f257080-c5e9-11f0-997b-5f33bf0d7fc0",
  "msg": "broker lib function response recieved",
  "time": "2025-11-20T08:16:15.755Z",
  "v": 0
},
{
  "name": "sc.service.sc-integrations-brokers-api",
  "version": "3.8.9",
  "hostname": "ip-10-137-1-157",
  "pid": 2390,
  "type": "SC_BROKER",
  "level": 30,
  "context": {
    "options": {
      "accessToken": "REDACTED",
      "brokeruserId": "S10272",
      "apiKey": "REDACTED",
      "apiSecret": "REDACTED"
    },
    "response": {
      "error": {
        "code": false,
        "reason": "error",
        "message": "Failed to fetch holdings",
        "stack": "Error: HTTP 401: {\"error\":\"invalid credentials\"}\n    at requestBroker (/deployments/sc-integrations-broker-api/node_modules/@smallcase/sc-integrations-broker-lib/src/brokers/hdfcsky/services/request.js:82:32)\n    at processTicksAndRejections (node:internal/process/task_queues:95:5)\n    at holdings (/deployments/sc-integrations-broker-api/node_modules/@smallcase/sc-integrations-broker-lib/src/brokers/hdfcsky/services/portfolio.js:38:52)\n    at Object.liveHoldings (/deployments/sc-integrations-broker-api/node_modules/@smallcase/sc-integrations-broker-lib/src/brokers/hdfcsky/services/portfolio.js:133:72)\n    at Object.liveHoldings (/deployments/sc-integrations-broker-api/node_modules/@smallcase/sc-integrations-broker-lib/src/brokers/hdfcsky/api.js:125:60)",
        "statusCode": 401,
        "body": {
          "error": "invalid credentials"
        }
      },
      "response": {
        "code": false,
        "reason": "error",
        "message": "Failed to fetch holdings",
        "stack": "Error: HTTP 401: {\"error\":\"invalid credentials\"}\n    at requestBroker (/deployments/sc-integrations-broker-api/node_modules/@smallcase/sc-integrations-broker-lib/src/brokers/hdfcsky/services/request.js:82:32)\n    at processTicksAndRejections (node:internal/process/task_queues:95:5)\n    at holdings (/deployments/sc-integrations-broker-api/node_modules/@smallcase/sc-integrations-broker-lib/src/brokers/hdfcsky/services/portfolio.js:38:52)\n    at Object.liveHoldings (/deployments/sc-integrations-broker-api/node_modules/@smallcase/sc-integrations-broker-lib/src/brokers/hdfcsky/services/portfolio.js:133:72)\n    at Object.liveHoldings (/deployments/sc-integrations-broker-api/node_modules/@smallcase/sc-integrations-broker-lib/src/brokers/hdfcsky/api.js:125:60)",
        "statusCode": 401,
        "body": {
          "error": "invalid credentials"
        }
      }
    },
    "userId": "69044940460b987a8555aba0",
    "brokerFunctionLogId": "751cc7d1-aec9-4914-9433-bcb88d7c0dfc",
    "brokerApi": {
      "functionName": "Portfolio.liveHoldings",
      "brokerName": "hdfcsky"
    }
  },
  "reqId": "2f132100-c5e9-11f0-997b-5f33bf0d7fc0",
  "msg": "broker lib function response recieved",
  "time": "2025-11-20T08:16:15.657Z",
  "v": 0
},
{
  "name": "sc.service.sc-integrations-brokers-api",
  "version": "3.8.9",
  "hostname": "ip-10-137-1-157",
  "pid": 2390,
  "type": "SC_BROKER",
  "level": 40,
  "err": {
    "message": "Failed to fetch holdings",
    "stack": "Error: HTTP 401: {\"error\":\"invalid credentials\"}\n    at requestBroker (/deployments/sc-integrations-broker-api/node_modules/@smallcase/sc-integrations-broker-lib/src/brokers/hdfcsky/services/request.js:82:32)\n    at processTicksAndRejections (node:internal/process/task_queues:95:5)\n    at holdings (/deployments/sc-integrations-broker-api/node_modules/@smallcase/sc-integrations-broker-lib/src/brokers/hdfcsky/services/portfolio.js:38:52)\n    at Object.liveHoldings (/deployments/sc-integrations-broker-api/node_modules/@smallcase/sc-integrations-broker-lib/src/brokers/hdfcsky/services/portfolio.js:133:72)\n    at Object.liveHoldings (/deployments/sc-integrations-broker-api/node_modules/@smallcase/sc-integrations-broker-lib/src/brokers/hdfcsky/api.js:125:60)"
  },
  "context": {
    "broker": "hdfcsky",
    "msg": "Error in fetching live holdings",
    "details": {
      "options": {
        "accessToken": "REDACTED",
        "brokeruserId": "S10272",
        "apiKey": "REDACTED",
        "apiSecret": "REDACTED"
      }
    },
    "userId": "69044940460b987a8555aba0",
    "brokerFunctionLogId": "751cc7d1-aec9-4914-9433-bcb88d7c0dfc",
    "functionName": "Portfolio.liveHoldings",
    "brokerName": "hdfcsky"
  },
  "reqId": "2f132100-c5e9-11f0-997b-5f33bf0d7fc0",
  "msg": "",
  "time": "2025-11-20T08:16:15.656Z",
  "v": 0
},
{
  "name": "sc.service.sc-integrations-brokers-api",
  "version": "3.8.9",
  "hostname": "ip-10-137-1-157",
  "pid": 2390,
  "type": "SC_BROKER",
  "level": 50,
  "err": {
    "message": "Request failed with status code 401",
    "name": "AxiosError",
    "stack": "AxiosError: Request failed with status code 401\n    at settle (/deployments/sc-integrations-broker-api/node_modules/axios/lib/core/settle.js:17:12)\n    at IncomingMessage.handleStreamEnd (/deployments/sc-integrations-broker-api/node_modules/axios/lib/adapters/http.js:382:11)\n    at IncomingMessage.emit (node:events:525:35)\n    at endReadableNT (node:internal/streams/readable:1359:12)\n    at processTicksAndRejections (node:internal/process/task_queues:82:21)"
  },
  "context": {
    "broker": "hdfcsky",
    "msg": "Error in request - Request failed with status code 401",
    "details": {
      "request": {
        "url": "https://developer.hdfcsky.com/oapi/v1/holdings?api_key=1bc928ff1ce54970b0a2f2ae4740dc77&client_id=S10272",
        "method": "GET",
        "headers": {
          "Authorization": "REDACTED",
          "Content-Type": "application/json"
        },
        "timeout": 20000
      },
      "userId": "S10272",
      "accessToken": "REDACTED",
      "response": {
        "error": "invalid credentials"
      }
    },
    "userId": "69044940460b987a8555aba0",
    "brokerFunctionLogId": "751cc7d1-aec9-4914-9433-bcb88d7c0dfc",
    "functionName": "Portfolio.liveHoldings",
    "brokerName": "hdfcsky"
  },
  "reqId": "2f132100-c5e9-11f0-997b-5f33bf0d7fc0",
  "msg": "",
  "time": "2025-11-20T08:16:15.655Z",
  "v": 0
},
{
  "name": "sc.service.sc-integrations-brokers-api",
  "version": "3.8.9",
  "hostname": "ip-10-137-1-157",
  "pid": 2390,
  "type": "SC_BROKER",
  "level": 30,
  "context": {
    "options": {
      "apiKey": "REDACTED",
      "accessToken": "REDACTED",
      "apiSecret": "REDACTED",
      "ipAddress": "REDACTED"
    },
    "response": {
      "error": null,
      "response": {
        "code": true,
        "reason": "success",
        "message": "Session check successful"
      }
    },
    "userId": "69044940460b987a8555aba0",
    "brokerFunctionLogId": "278af6eb-c75e-4122-b530-d09368943e0a",
    "brokerApi": {
      "functionName": "User.checkSession",
      "brokerName": "hdfcsky"
    }
  },
  "reqId": "2efcb2d0-c5e9-11f0-997b-5f33bf0d7fc0",
  "msg": "broker lib function response recieved",
  "time": "2025-11-20T08:16:15.541Z",
  "v": 0
},
{
  "name": "sc.service.sc-integrations-brokers-api",
  "version": "3.8.9",
  "hostname": "ip-10-137-1-157",
  "pid": 2390,
  "type": "SC_BROKER",
  "level": 30,
  "context": {
    "broker": "hdfcsky",
    "msg": "Successful request",
    "details": {
      "request": {
        "url": "https://developer.hdfcsky.com/oapi/v1/user/trading_info?client_id=S10272&api_key=1bc928ff1ce54970b0a2f2ae4740dc77",
        "method": "GET",
        "headers": {
          "Authorization": "REDACTED",
          "Content-Type": "application/json"
        },
        "timeout": 20000
      },
      "userId": "S10272",
      "accessToken": "REDACTED",
      "response": {
        "statusCode": 200,
        "body": {
          "data": {
            "client_id": "REDACTED",
            "ddpi": true,
            "exchanges_subscribed": [
              ""
            ],
            "name": "REDACTED",
            "poa_enabled": false,
            "products_enabled": [
              "CNC",
              "MIS",
              "NRML",
              "MTF"
            ],
            "status": "active"
          },
          "message": "",
          "status": "success"
        }
      },
      "responseString": {
        "data": {
          "client_id": "REDACTED",
          "ddpi": true,
          "exchanges_subscribed": [
            ""
          ],
          "name": "REDACTED",
          "poa_enabled": false,
          "products_enabled": [
            "CNC",
            "MIS",
            "NRML",
            "MTF"
          ],
          "status": "active"
        },
        "message": "",
        "status": "success"
      }
    },
    "userId": "69044940460b987a8555aba0",
    "brokerFunctionLogId": "278af6eb-c75e-4122-b530-d09368943e0a",
    "functionName": "User.checkSession",
    "brokerName": "hdfcsky"
  },
  "reqId": "2efcb2d0-c5e9-11f0-997b-5f33bf0d7fc0",
  "msg": "",
  "time": "2025-11-20T08:16:15.538Z",
  "v": 0
},
{
  "name": "sc.service.sc-integrations-brokers-api",
  "version": "3.8.9",
  "hostname": "ip-10-137-1-157",
  "pid": 2399,
  "type": "SC_BROKER",
  "level": 30,
  "context": {
    "options": {
      "requestToken": "REDACTED",
      "ipAddress": "REDACTED",
      "clientDetails": {
        "channel": "web",
        "channelIp": "152.58.43.21",
        "appInstallId": "9941e26b-b33b-596d-af3c-03e53b504cc7",
        "appVersion": "1.0.0",
        "userAgent": "Mozilla/5.0 (Linux; Android 10; K) AppleWebKit/537.36 (KHTML, like Gecko) Chrome/135.0.0.0 Mobile Safari/537.36"
      },
      "apiKey": "REDACTED",
      "apiSecret": "REDACTED"
    },
    "response": {
      "error": null,
      "response": {
        "code": true,
        "reason": "success",
        "accessToken": "REDACTED",
        "userId": "S10272",
        "userName": "REDACTED",
        "isPOAEnabled": false,
        "isDDPIEnabled": true
      }
    },
    "brokerFunctionLogId": "ff9f7218-6c61-4c7d-9aac-d792b85cbeda",
    "brokerApi": {
      "functionName": "User.accessToken",
      "brokerName": "hdfcsky"
    }
  },
  "reqId": "2e314c80-c5e9-11f0-bcd3-515fe7353c87",
  "msg": "broker lib function response recieved",
  "time": "2025-11-20T08:16:14.253Z",
  "v": 0
},
{
  "name": "sc.service.sc-integrations-brokers-api",
  "version": "3.8.9",
  "hostname": "ip-10-137-1-157",
  "pid": 2399,
  "type": "SC_BROKER",
  "level": 30,
  "context": {
    "broker": "hdfcsky",
    "msg": "Broker login successful",
    "details": {
      "options": {
        "requestToken": "REDACTED",
        "ipAddress": "REDACTED",
        "clientDetails": {
          "channel": "web",
          "channelIp": "152.58.43.21",
          "appInstallId": "9941e26b-b33b-596d-af3c-03e53b504cc7",
          "appVersion": "1.0.0",
          "userAgent": "Mozilla/5.0 (Linux; Android 10; K) AppleWebKit/537.36 (KHTML, like Gecko) Chrome/135.0.0.0 Mobile Safari/537.36"
        },
        "apiKey": "REDACTED",
        "apiSecret": "REDACTED"
      },
      "userResponse": {
        "code": true,
        "reason": "success",
        "payload": {
          "data": {
            "accessToken": "REDACTED",
            "userId": "S10272",
            "userName": "REDACTED",
            "isPOAEnabled": false,
            "isDDPIEnabled": true
          }
        }
      }
    },
    "brokerFunctionLogId": "ff9f7218-6c61-4c7d-9aac-d792b85cbeda",
    "functionName": "User.accessToken",
    "brokerName": "hdfcsky"
  },
  "reqId": "2e314c80-c5e9-11f0-bcd3-515fe7353c87",
  "msg": "",
  "time": "2025-11-20T08:16:14.252Z",
  "v": 0
},
{
  "name": "sc.service.sc-integrations-brokers-api",
  "version": "3.8.9",
  "hostname": "ip-10-137-1-157",
  "pid": 2399,
  "type": "SC_BROKER",
  "level": 30,
  "context": {
    "userData": {
      "accessToken": "REDACTED",
      "userId": "S10272",
      "userName": "REDACTED",
      "isPOAEnabled": false,
      "isDDPIEnabled": true
    },
    "brokerFunctionLogId": "ff9f7218-6c61-4c7d-9aac-d792b85cbeda",
    "functionName": "User.accessToken",
    "brokerName": "hdfcsky"
  },
  "reqId": "2e314c80-c5e9-11f0-bcd3-515fe7353c87",
  "msg": "Broker login successful",
  "time": "2025-11-20T08:16:14.241Z",
  "v": 0
},
{
  "name": "sc.service.sc-integrations-brokers-api",
  "version": "3.8.9",
  "hostname": "ip-10-137-1-157",
  "pid": 2399,
  "type": "SC_BROKER",
  "level": 30,
  "context": {
    "broker": "hdfcsky",
    "msg": "Successful request",
    "details": {
      "request": {
        "url": "https://developer.hdfcsky.com/oapi/v1/user/trading_info?client_id=S10272&api_key=1bc928ff1ce54970b0a2f2ae4740dc77",
        "method": "GET",
        "headers": {
          "Authorization": "REDACTED",
          "Content-Type": "application/json"
        },
        "timeout": 20000
      },
      "userId": "S10272",
      "accessToken": "REDACTED",
      "response": {
        "statusCode": 200,
        "body": {
          "data": {
            "client_id": "REDACTED",
            "ddpi": true,
            "exchanges_subscribed": [
              ""
            ],
            "name": "REDACTED",
            "poa_enabled": false,
            "products_enabled": [
              "CNC",
              "MIS",
              "NRML",
              "MTF"
            ],
            "status": "active"
          },
          "message": "",
          "status": "success"
        }
      },
      "responseString": {
        "data": {
          "client_id": "REDACTED",
          "ddpi": true,
          "exchanges_subscribed": [
            ""
          ],
          "name": "REDACTED",
          "poa_enabled": false,
          "products_enabled": [
            "CNC",
            "MIS",
            "NRML",
            "MTF"
          ],
          "status": "active"
        },
        "message": "",
        "status": "success"
      }
    },
    "brokerFunctionLogId": "ff9f7218-6c61-4c7d-9aac-d792b85cbeda",
    "functionName": "User.accessToken",
    "brokerName": "hdfcsky"
  },
  "reqId": "2e314c80-c5e9-11f0-bcd3-515fe7353c87",
  "msg": "",
  "time": "2025-11-20T08:16:14.235Z",
  "v": 0
},
{
  "name": "sc.service.sc-integrations-brokers-api",
  "version": "3.8.9",
  "hostname": "ip-10-137-1-157",
  "pid": 2399,
  "type": "SC_BROKER",
  "level": 30,
  "context": {
    "broker": "hdfcsky",
    "msg": "Successful request",
    "details": {
      "request": {
        "url": "https://developer.hdfcsky.com/oapi/v1/access-token?api_key=1bc928ff1ce54970b0a2f2ae4740dc77&request_token=2b23bab39826439f95806cc5d2fff3491872015461",
        "method": "POST",
        "headers": {
          "Content-Type": "application/json",
          "User-Agent": "Mozilla/5.0 (Macintosh; Intel Mac OS X 10_15_7) AppleWebKit/537.36 (KHTML, like Gecko) Chrome/123.0.0.0 Safari/537.36"
        },
        "timeout": 20000,
        "data": {
          "apiSecret": "REDACTED"
        }
      },
      "userId": null,
      "accessToken": "REDACTED",
      "response": {
        "statusCode": 200,
        "body": {
          "accessToken": "REDACTED"
        }
      },
      "responseString": {
        "accessToken": "REDACTED"
      }
    },
    "brokerFunctionLogId": "ff9f7218-6c61-4c7d-9aac-d792b85cbeda",
    "functionName": "User.accessToken",
    "brokerName": "hdfcsky"
  },
  "reqId": "2e314c80-c5e9-11f0-bcd3-515fe7353c87",
  "msg": "",
  "time": "2025-11-20T08:16:14.191Z",
  "v": 0
},
{
  "name": "sc.service.sc-integrations-brokers-api",
  "version": "3.8.9",
  "hostname": "ip-10-137-1-157",
  "pid": 2399,
  "type": "SC_BROKER",
  "level": 30,
  "context": {
    "options": {
      "segment": "equity",
      "accessToken": "REDACTED",
      "buyAmount": 0,
      "variety": "regular",
      "ipAddress": "REDACTED",
      "noErrorType": true,
      "rebalanceBasketFlag": false,
      "clientDetails": {
        "channel": "web",
        "channelIp": "2405:201:5004:3c3:ac14:7eb:f6d9:1819",
        "appInstallId": "e18d5850-8500-5448-b192-c39fa80551ae",
        "appVersion": "1.0.0",
        "userAgent": "Mozilla/5.0 (Macintosh; Intel Mac OS X 10_15_7) AppleWebKit/537.36 (KHTML, like Gecko) Chrome/142.0.0.0 Safari/537.36"
      },
      "apiKey": "REDACTED",
      "apiSecret": "REDACTED",
      "sellAmount": 0,
      "stocksCount": 0
    },
    "response": {
      "error": null,
      "response": {
        "code": true,
        "reason": "success",
        "sufficientFunds": true,
        "requiredFunds": 0,
        "allowedSellValues": {
          "T0": 0,
          "T1": 1
        }
      }
    },
    "userId": "69045647228214990ee7483a",
    "brokerFunctionLogId": "67c136e3-0d94-4c7f-8b11-d89fa26bac09",
    "brokerApi": {
      "functionName": "Funds.check",
      "brokerName": "hdfcsky"
    }
  },
  "reqId": "ea3f91f0-c5e6-11f0-bcd3-515fe7353c87",
  "msg": "broker lib function response recieved",
  "time": "2025-11-20T08:00:01.171Z",
  "v": 0
},
{
  "name": "sc.service.sc-integrations-brokers-api",
  "version": "3.8.9",
  "hostname": "ip-10-137-1-157",
  "pid": 2399,
  "type": "SC_BROKER",
  "level": 30,
  "context": {
    "options": {
      "accessToken": "REDACTED",
      "brokeruserId": "S2338362",
      "apiKey": "REDACTED",
      "apiSecret": "REDACTED"
    },
    "response": {
      "error": null,
      "response": {
        "code": true,
        "reason": "success",
        "payload": [
          {
            "isin": "INE161L01027",
            "tradingsymbol": "VIKASLIFE",
            "brokersymbol": "9931",
            "quantity": 21,
            "averagePrice": 2.03,
            "exchange": "NSE",
            "authorisedQuantity": 20
          },
          {
            "isin": "INE219Y01026",
            "tradingsymbol": "RMDRIP",
            "brokersymbol": "757834",
            "quantity": 2,
            "averagePrice": 81.04,
            "exchange": "NSE",
            "authorisedQuantity": 1
          },
          {
            "isin": "INE221H01019",
            "tradingsymbol": "GTLINFRA",
            "brokersymbol": "13745",
            "quantity": 41,
            "averagePrice": 1.48,
            "exchange": "NSE",
            "authorisedQuantity": 26
          },
          {
            "isin": "INE483S01020",
            "tradingsymbol": "INFIBEAM",
            "brokersymbol": "16249",
            "quantity": 4,
            "averagePrice": 19.84,
            "exchange": "NSE",
            "authorisedQuantity": 2
          },
          {
            "isin": "INE528G01035",
            "tradingsymbol": "YESBANK",
            "brokersymbol": "11915",
            "quantity": 12,
            "averagePrice": 23.41,
            "exchange": "NSE",
            "authorisedQuantity": 6
          },
          {
            "isin": "INE669E01016",
            "tradingsymbol": "IDEA",
            "brokersymbol": "14366",
            "quantity": 21,
            "averagePrice": 10.55,
            "exchange": "NSE",
            "authorisedQuantity": 11
          },
          {
            "isin": "INE694A01020",
            "tradingsymbol": "UNITECH",
            "brokersymbol": "3594",
            "quantity": 6,
            "averagePrice": 7.48,
            "exchange": "NSE",
            "authorisedQuantity": 4
          },
          {
            "isin": "INE806A01020",
            "tradingsymbol": "VIKASECO",
            "brokersymbol": "25756",
            "quantity": 2,
            "averagePrice": 1.71,
            "exchange": "NSE",
            "authorisedQuantity": 2
          },
          {
            "isin": "INF204KB14I2",
            "tradingsymbol": "NIFTYBEES",
            "brokersymbol": "10576",
            "quantity": 2,
            "averagePrice": 293.52,
            "exchange": "NSE",
            "authorisedQuantity": 1
          },
          {
            "isin": "INF204KB17I5",
            "tradingsymbol": "GOLDBEES",
            "brokersymbol": "14428",
            "quantity": 2,
            "averagePrice": 100.28,
            "exchange": "NSE",
            "authorisedQuantity": 1
          },
          {
            "isin": "INE650K01021",
            "tradingsymbol": "SECURKLOUD-EQ",
            "brokersymbol": "11058",
            "quantity": 0,
            "averagePrice": null,
            "exchange": "NSE"
          },
          {
            "isin": "INE418H01029",
            "tradingsymbol": "ALLCARGO-BE",
            "brokersymbol": "13504",
            "quantity": 3,
            "averagePrice": 15.89,
            "exchange": "NSE"
          },
          {
            "isin": "INE694A01020",
            "tradingsymbol": "UNITECH-EQ",
            "brokersymbol": "3594",
            "quantity": -2,
            "averagePrice": 6.46,
            "exchange": "NSE"
          },
          {
            "isin": "INF204KB14I2",
            "tradingsymbol": "NIFTYBEES-EQ",
            "brokersymbol": "10576",
            "quantity": -1,
            "averagePrice": 295.22,
            "exchange": "NSE"
          },
          {
            "isin": "INE219Y01026",
            "tradingsymbol": "RMDRIP-EQ",
            "brokersymbol": "757834",
            "quantity": -1,
            "averagePrice": 79.1,
            "exchange": "NSE"
          },
          {
            "isin": "INE528G01035",
            "tradingsymbol": "YESBANK-EQ",
            "brokersymbol": "11915",
            "quantity": -6,
            "averagePrice": 22.773333333333337,
            "exchange": "NSE"
          },
          {
            "isin": "INE806A01020",
            "tradingsymbol": "VIKASECO-EQ",
            "brokersymbol": "25756",
            "quantity": 4,
            "averagePrice": 1.6,
            "exchange": "NSE"
          },
          {
            "isin": "INF204KB17I5",
            "tradingsymbol": "GOLDBEES-EQ",
            "brokersymbol": "14428",
            "quantity": -1,
            "averagePrice": 101.62,
            "exchange": "NSE"
          },
          {
            "isin": "INE669E01016",
            "tradingsymbol": "IDEA-EQ",
            "brokersymbol": "14366",
            "quantity": -10,
            "averagePrice": 10.467,
            "exchange": "NSE"
          },
          {
            "isin": "INE483S01020",
            "tradingsymbol": "INFIBEAM-EQ",
            "brokersymbol": "16249",
            "quantity": -2,
            "averagePrice": 19.395,
            "exchange": "NSE"
          },
          {
            "isin": "INE221H01019",
            "tradingsymbol": "GTLINFRA-EQ",
            "brokersymbol": "13745",
            "quantity": -15,
            "averagePrice": 1.3726666666666665,
            "exchange": "NSE"
          },
          {
            "isin": "INE161L01027",
            "tradingsymbol": "VIKASLIFE-EQ",
            "brokersymbol": "9931",
            "quantity": -1,
            "averagePrice": 1.94,
            "exchange": "NSE"
          }
        ]
      }
    },
    "userId": "69045647228214990ee7483a",
    "brokerFunctionLogId": "4193b6aa-1ab3-4e44-86cd-dc8057c2f571",
    "brokerApi": {
      "functionName": "Portfolio.liveHoldings",
      "brokerName": "hdfcsky"
    }
  },
  "reqId": "e395ca40-c5e6-11f0-bcd3-515fe7353c87",
  "msg": "broker lib function response recieved",
  "time": "2025-11-20T07:59:50.253Z",
  "v": 0
},
{
  "name": "sc.service.sc-integrations-brokers-api",
  "version": "3.8.9",
  "hostname": "ip-10-137-1-157",
  "pid": 2399,
  "type": "SC_BROKER",
  "level": 30,
  "context": {
    "broker": "hdfcsky",
    "msg": "Successful request",
    "details": {
      "request": {
        "url": "https://developer.hdfcsky.com/oapi/v1/positions?api_key=1bc928ff1ce54970b0a2f2ae4740dc77&client_id=S2338362&type=historical",
        "method": "GET",
        "headers": {
          "Authorization": "REDACTED",
          "Content-Type": "application/json"
        },
        "timeout": 20000
      },
      "userId": "S2338362",
      "accessToken": "REDACTED",
      "response": {
        "statusCode": 200,
        "body": {
          "data": [
            {
              "ltp": 28.26,
              "other_margin": null,
              "sell_amount": 27.31,
              "exchange": "NSE",
              "net_quantity": 0,
              "token": "REDACTED",
              "average_price": 0,
              "client_id": "REDACTED",
              "cf_sell_average_price": 0,
              "cf_sell_quantity": 0,
              "pledged_quantity": 0,
              "cf_buy_quantity": 0,
              "cf_sell_amount": 0,
              "instrument_token": 11058,
              "previous_close": 23.55,
              "trading_symbol": "SECURKLOUD-EQ",
              "v_login_id": "S2338362",
              "pro_cli": "CLIENT",
              "display_symbol": "SECURKLOUD",
              "user_name": "REDACTED",
              "rmtm_sell_average_price": 27.31,
              "close_price": 0,
              "prod_type": 1,
              "multiplier": 1,
              "symbol": "SECURKLOUD",
              "sell_quantity": 1,
              "segment": "Capital",
              "buy_quantity": 1,
              "cf_buy_amount": 0,
              "cf_buy_average_price": 0,
              "net_amount": 0.7199999999999989,
              "series": "EQ",
              "average_sell_price": 27.31,
              "xe_uuid": "INE650K01021",
              "product": "CNC",
              "rmtm_buy_average_price": 26.59,
              "buy_amount": 26.59,
              "average_buy_price": 26.59,
              "realized_mtm": 0
            },
            {
              "ltp": 15.2,
              "other_margin": null,
              "sell_amount": 0,
              "exchange": "NSE",
              "net_quantity": 3,
              "token": "REDACTED",
              "average_price": 0,
              "client_id": "REDACTED",
              "cf_sell_average_price": 0,
              "cf_sell_quantity": 0,
              "pledged_quantity": 0,
              "cf_buy_quantity": 0,
              "cf_sell_amount": 0,
              "instrument_token": 13504,
              "previous_close": 15.14,
              "trading_symbol": "ALLCARGO-BE",
              "v_login_id": "S2338362",
              "pro_cli": "CLIENT",
              "display_symbol": "ALLCARGO",
              "user_name": "REDACTED",
              "rmtm_sell_average_price": 0,
              "close_price": 0,
              "prod_type": 1,
              "multiplier": 1,
              "symbol": "ALLCARGO",
              "sell_quantity": 0,
              "segment": "Capital",
              "buy_quantity": 3,
              "cf_buy_amount": 0,
              "cf_buy_average_price": 0,
              "net_amount": -47.67,
              "series": "BE",
              "average_sell_price": 0,
              "xe_uuid": "INE418H01029",
              "product": "CNC",
              "rmtm_buy_average_price": 15.89,
              "buy_amount": 47.67,
              "average_buy_price": 15.89,
              "realized_mtm": 0
            },
            {
              "ltp": 6.44,
              "other_margin": null,
              "sell_amount": 12.92,
              "exchange": "NSE",
              "net_quantity": -2,
              "token": "REDACTED",
              "average_price": 0,
              "client_id": "REDACTED",
              "cf_sell_average_price": 0,
              "cf_sell_quantity": 0,
              "pledged_quantity": 0,
              "cf_buy_quantity": 0,
              "cf_sell_amount": 0,
              "instrument_token": 3594,
              "previous_close": 6.45,
              "trading_symbol": "UNITECH-EQ",
              "v_login_id": "S2338362",
              "pro_cli": "CLIENT",
              "display_symbol": "UNITECH",
              "user_name": "REDACTED",
              "rmtm_sell_average_price": 6.46,
              "close_price": 0,
              "prod_type": 1,
              "multiplier": 1,
              "symbol": "UNITECH",
              "sell_quantity": 2,
              "segment": "Capital",
              "buy_quantity": 0,
              "cf_buy_amount": 0,
              "cf_buy_average_price": 0,
              "net_amount": 12.92,
              "series": "EQ",
              "average_sell_price": 6.46,
              "xe_uuid": "INE694A01020",
              "product": "CNC",
              "rmtm_buy_average_price": 0,
              "buy_amount": 0,
              "average_buy_price": 0,
              "realized_mtm": 0
            },
            {
              "ltp": 295.87,
              "other_margin": null,
              "sell_amount": 295.22,
              "exchange": "NSE",
              "net_quantity": -1,
              "token": "REDACTED",
              "average_price": 0,
              "client_id": "REDACTED",
              "cf_sell_average_price": 0,
              "cf_sell_quantity": 0,
              "pledged_quantity": 0,
              "cf_buy_quantity": 0,
              "cf_sell_amount": 0,
              "instrument_token": 10576,
              "previous_close": 294.37,
              "trading_symbol": "NIFTYBEES-EQ",
              "v_login_id": "S2338362",
              "pro_cli": "CLIENT",
              "display_symbol": "NIFTYBEES",
              "user_name": "REDACTED",
              "rmtm_sell_average_price": 295.22,
              "close_price": 0,
              "prod_type": 1,
              "multiplier": 1,
              "symbol": "NIFTYBEES",
              "sell_quantity": 1,
              "segment": "Capital",
              "buy_quantity": 0,
              "cf_buy_amount": 0,
              "cf_buy_average_price": 0,
              "net_amount": 295.22,
              "series": "EQ",
              "average_sell_price": 295.22,
              "xe_uuid": "INF204KB14I2",
              "product": "CNC",
              "rmtm_buy_average_price": 0,
              "buy_amount": 0,
              "average_buy_price": 0,
              "realized_mtm": 0
            },
            {
              "ltp": 79,
              "other_margin": null,
              "sell_amount": 79.1,
              "exchange": "NSE",
              "net_quantity": -1,
              "token": "REDACTED",
              "average_price": 0,
              "client_id": "REDACTED",
              "cf_sell_average_price": 0,
              "cf_sell_quantity": 0,
              "pledged_quantity": 0,
              "cf_buy_quantity": 0,
              "cf_sell_amount": 0,
              "instrument_token": 757834,
              "previous_close": 80.11,
              "trading_symbol": "RMDRIP-EQ",
              "v_login_id": "S2338362",
              "pro_cli": "CLIENT",
              "display_symbol": "RMDRIP",
              "user_name": "REDACTED",
              "rmtm_sell_average_price": 79.1,
              "close_price": 0,
              "prod_type": 1,
              "multiplier": 1,
              "symbol": "RMDRIP",
              "sell_quantity": 1,
              "segment": "Capital",
              "buy_quantity": 0,
              "cf_buy_amount": 0,
              "cf_buy_average_price": 0,
              "net_amount": 79.1,
              "series": "EQ",
              "average_sell_price": 79.1,
              "xe_uuid": "INE219Y01026",
              "product": "CNC",
              "rmtm_buy_average_price": 0,
              "buy_amount": 0,
              "average_buy_price": 0,
              "realized_mtm": 0
            },
            {
              "ltp": 22.73,
              "other_margin": null,
              "sell_amount": 136.64000000000001,
              "exchange": "NSE",
              "net_quantity": -6,
              "token": "REDACTED",
              "average_price": 0,
              "client_id": "REDACTED",
              "cf_sell_average_price": 0,
              "cf_sell_quantity": 0,
              "pledged_quantity": 0,
              "cf_buy_quantity": 0,
              "cf_sell_amount": 0,
              "instrument_token": 11915,
              "previous_close": 22.93,
              "trading_symbol": "YESBANK-EQ",
              "v_login_id": "S2338362",
              "pro_cli": "CLIENT",
              "display_symbol": "YESBANK",
              "user_name": "REDACTED",
              "rmtm_sell_average_price": 22.76,
              "close_price": 0,
              "prod_type": 1,
              "multiplier": 1,
              "symbol": "YESBANK",
              "sell_quantity": 6,
              "segment": "Capital",
              "buy_quantity": 0,
              "cf_buy_amount": 0,
              "cf_buy_average_price": 0,
              "net_amount": 136.64000000000001,
              "series": "EQ",
              "average_sell_price": 22.773333333333337,
              "xe_uuid": "INE528G01035",
              "product": "CNC",
              "rmtm_buy_average_price": 0,
              "buy_amount": 0,
              "average_buy_price": 0,
              "realized_mtm": 0
            },
            {
              "ltp": 1.6,
              "other_margin": null,
              "sell_amount": 0,
              "exchange": "NSE",
              "net_quantity": 4,
              "token": "REDACTED",
              "average_price": 0,
              "client_id": "REDACTED",
              "cf_sell_average_price": 0,
              "cf_sell_quantity": 0,
              "pledged_quantity": 0,
              "cf_buy_quantity": 0,
              "cf_sell_amount": 0,
              "instrument_token": 25756,
              "previous_close": 1.6,
              "trading_symbol": "VIKASECO-EQ",
              "v_login_id": "S2338362",
              "pro_cli": "CLIENT",
              "display_symbol": "VIKASECO",
              "user_name": "REDACTED",
              "rmtm_sell_average_price": 0,
              "close_price": 0,
              "prod_type": 1,
              "multiplier": 1,
              "symbol": "VIKASECO",
              "sell_quantity": 0,
              "segment": "Capital",
              "buy_quantity": 4,
              "cf_buy_amount": 0,
              "cf_buy_average_price": 0,
              "net_amount": -6.4,
              "series": "EQ",
              "average_sell_price": 0,
              "xe_uuid": "INE806A01020",
              "product": "CNC",
              "rmtm_buy_average_price": 1.6,
              "buy_amount": 6.4,
              "average_buy_price": 1.6,
              "realized_mtm": 0
            },
            {
              "ltp": 101.48,
              "other_margin": null,
              "sell_amount": 101.62,
              "exchange": "NSE",
              "net_quantity": -1,
              "token": "REDACTED",
              "average_price": 0,
              "client_id": "REDACTED",
              "cf_sell_average_price": 0,
              "cf_sell_quantity": 0,
              "pledged_quantity": 0,
              "cf_buy_quantity": 0,
              "cf_sell_amount": 0,
              "instrument_token": 14428,
              "previous_close": 102.23,
              "trading_symbol": "GOLDBEES-EQ",
              "v_login_id": "S2338362",
              "pro_cli": "CLIENT",
              "display_symbol": "GOLDBEES",
              "user_name": "REDACTED",
              "rmtm_sell_average_price": 101.62,
              "close_price": 0,
              "prod_type": 1,
              "multiplier": 1,
              "symbol": "GOLDBEES",
              "sell_quantity": 1,
              "segment": "Capital",
              "buy_quantity": 0,
              "cf_buy_amount": 0,
              "cf_buy_average_price": 0,
              "net_amount": 101.62,
              "series": "EQ",
              "average_sell_price": 101.62,
              "xe_uuid": "INF204KB17I5",
              "product": "CNC",
              "rmtm_buy_average_price": 0,
              "buy_amount": 0,
              "average_buy_price": 0,
              "realized_mtm": 0
            },
            {
              "ltp": 10.37,
              "other_margin": null,
              "sell_amount": 115.17,
              "exchange": "NSE",
              "net_quantity": -10,
              "token": "REDACTED",
              "average_price": 0,
              "client_id": "REDACTED",
              "cf_sell_average_price": 0,
              "cf_sell_quantity": 0,
              "pledged_quantity": 0,
              "cf_buy_quantity": 0,
              "cf_sell_amount": 0,
              "instrument_token": 14366,
              "previous_close": 10.69,
              "trading_symbol": "IDEA-EQ",
              "v_login_id": "S2338362",
              "pro_cli": "CLIENT",
              "display_symbol": "IDEA",
              "user_name": "REDACTED",
              "rmtm_sell_average_price": 10.47,
              "close_price": 0,
              "prod_type": 1,
              "multiplier": 1,
              "symbol": "IDEA",
              "sell_quantity": 11,
              "segment": "Capital",
              "buy_quantity": 1,
              "cf_buy_amount": 0,
              "cf_buy_average_price": 0,
              "net_amount": 104.67,
              "series": "EQ",
              "average_sell_price": 10.47,
              "xe_uuid": "INE669E01016",
              "product": "CNC",
              "rmtm_buy_average_price": 10.5,
              "buy_amount": 10.5,
              "average_buy_price": 10.5,
              "realized_mtm": 0
            },
            {
              "ltp": 19.55,
              "other_margin": null,
              "sell_amount": 38.79,
              "exchange": "NSE",
              "net_quantity": -2,
              "token": "REDACTED",
              "average_price": 0,
              "client_id": "REDACTED",
              "cf_sell_average_price": 0,
              "cf_sell_quantity": 0,
              "pledged_quantity": 0,
              "cf_buy_quantity": 0,
              "cf_sell_amount": 0,
              "instrument_token": 16249,
              "previous_close": 20.12,
              "trading_symbol": "INFIBEAM-EQ",
              "v_login_id": "S2338362",
              "pro_cli": "CLIENT",
              "display_symbol": "INFIBEAM",
              "user_name": "REDACTED",
              "rmtm_sell_average_price": 19.38,
              "close_price": 0,
              "prod_type": 1,
              "multiplier": 1,
              "symbol": "INFIBEAM",
              "sell_quantity": 2,
              "segment": "Capital",
              "buy_quantity": 0,
              "cf_buy_amount": 0,
              "cf_buy_average_price": 0,
              "net_amount": 38.79,
              "series": "EQ",
              "average_sell_price": 19.395,
              "xe_uuid": "INE483S01020",
              "product": "CNC",
              "rmtm_buy_average_price": 0,
              "buy_amount": 0,
              "average_buy_price": 0,
              "realized_mtm": 0
            },
            {
              "ltp": 1.39,
              "other_margin": null,
              "sell_amount": 37.269999999999996,
              "exchange": "NSE",
              "net_quantity": -15,
              "token": "REDACTED",
              "average_price": 0,
              "client_id": "REDACTED",
              "cf_sell_average_price": 0,
              "cf_sell_quantity": 0,
              "pledged_quantity": 0,
              "cf_buy_quantity": 0,
              "cf_sell_amount": 0,
              "instrument_token": 13745,
              "previous_close": 1.38,
              "trading_symbol": "GTLINFRA-EQ",
              "v_login_id": "S2338362",
              "pro_cli": "CLIENT",
              "display_symbol": "GTLINFRA",
              "user_name": "REDACTED",
              "rmtm_sell_average_price": 1.3804,
              "close_price": 0,
              "prod_type": 1,
              "multiplier": 1,
              "symbol": "GTLINFRA",
              "sell_quantity": 27,
              "segment": "Capital",
              "buy_quantity": 12,
              "cf_buy_amount": 0,
              "cf_buy_average_price": 0,
              "net_amount": 20.589999999999996,
              "series": "EQ",
              "average_sell_price": 1.3803703703703702,
              "xe_uuid": "INE221H01019",
              "product": "CNC",
              "rmtm_buy_average_price": 1.39,
              "buy_amount": 16.68,
              "average_buy_price": 1.39,
              "realized_mtm": 0
            },
            {
              "ltp": 1.95,
              "other_margin": null,
              "sell_amount": 1.94,
              "exchange": "NSE",
              "net_quantity": -1,
              "token": "REDACTED",
              "average_price": 0,
              "client_id": "REDACTED",
              "cf_sell_average_price": 0,
              "cf_sell_quantity": 0,
              "pledged_quantity": 0,
              "cf_buy_quantity": 0,
              "cf_sell_amount": 0,
              "instrument_token": 9931,
              "previous_close": 1.96,
              "trading_symbol": "VIKASLIFE-EQ",
              "v_login_id": "S2338362",
              "pro_cli": "CLIENT",
              "display_symbol": "VIKASLIFE",
              "user_name": "REDACTED",
              "rmtm_sell_average_price": 1.94,
              "close_price": 0,
              "prod_type": 1,
              "multiplier": 1,
              "symbol": "VIKASLIFE",
              "sell_quantity": 1,
              "segment": "Capital",
              "buy_quantity": 0,
              "cf_buy_amount": 0,
              "cf_buy_average_price": 0,
              "net_amount": 1.94,
              "series": "EQ",
              "average_sell_price": 1.94,
              "xe_uuid": "INE161L01027",
              "product": "CNC",
              "rmtm_buy_average_price": 0,
              "buy_amount": 0,
              "average_buy_price": 0,
              "realized_mtm": 0
            }
          ],
          "message": "",
          "status": "success"
        }
      },
      "responseString": {
        "data": [
          {
            "ltp": 28.26,
            "other_margin": null,
            "sell_amount": 27.31,
            "exchange": "NSE",
            "net_quantity": 0,
            "token": "REDACTED",
            "average_price": 0,
            "client_id": "REDACTED",
            "cf_sell_average_price": 0,
            "cf_sell_quantity": 0,
            "pledged_quantity": 0,
            "cf_buy_quantity": 0,
            "cf_sell_amount": 0,
            "instrument_token": 11058,
            "previous_close": 23.55,
            "trading_symbol": "SECURKLOUD-EQ",
            "v_login_id": "S2338362",
            "pro_cli": "CLIENT",
            "display_symbol": "SECURKLOUD",
            "user_name": "REDACTED",
            "rmtm_sell_average_price": 27.31,
            "close_price": 0,
            "prod_type": 1,
            "multiplier": 1,
            "symbol": "SECURKLOUD",
            "sell_quantity": 1,
            "segment": "Capital",
            "buy_quantity": 1,
            "cf_buy_amount": 0,
            "cf_buy_average_price": 0,
            "net_amount": 0.7199999999999989,
            "series": "EQ",
            "average_sell_price": 27.31,
            "xe_uuid": "INE650K01021",
            "product": "CNC",
            "rmtm_buy_average_price": 26.59,
            "buy_amount": 26.59,
            "average_buy_price": 26.59,
            "realized_mtm": 0
          },
          {
            "ltp": 15.2,
            "other_margin": null,
            "sell_amount": 0,
            "exchange": "NSE",
            "net_quantity": 3,
            "token": "REDACTED",
            "average_price": 0,
            "client_id": "REDACTED",
            "cf_sell_average_price": 0,
            "cf_sell_quantity": 0,
            "pledged_quantity": 0,
            "cf_buy_quantity": 0,
            "cf_sell_amount": 0,
            "instrument_token": 13504,
            "previous_close": 15.14,
            "trading_symbol": "ALLCARGO-BE",
            "v_login_id": "S2338362",
            "pro_cli": "CLIENT",
            "display_symbol": "ALLCARGO",
            "user_name": "REDACTED",
            "rmtm_sell_average_price": 0,
            "close_price": 0,
            "prod_type": 1,
            "multiplier": 1,
            "symbol": "ALLCARGO",
            "sell_quantity": 0,
            "segment": "Capital",
            "buy_quantity": 3,
            "cf_buy_amount": 0,
            "cf_buy_average_price": 0,
            "net_amount": -47.67,
            "series": "BE",
            "average_sell_price": 0,
            "xe_uuid": "INE418H01029",
            "product": "CNC",
            "rmtm_buy_average_price": 15.89,
            "buy_amount": 47.67,
            "average_buy_price": 15.89,
            "realized_mtm": 0
          },
          {
            "ltp": 6.44,
            "other_margin": null,
            "sell_amount": 12.92,
            "exchange": "NSE",
            "net_quantity": -2,
            "token": "REDACTED",
            "average_price": 0,
            "client_id": "REDACTED",
            "cf_sell_average_price": 0,
            "cf_sell_quantity": 0,
            "pledged_quantity": 0,
            "cf_buy_quantity": 0,
            "cf_sell_amount": 0,
            "instrument_token": 3594,
            "previous_close": 6.45,
            "trading_symbol": "UNITECH-EQ",
            "v_login_id": "S2338362",
            "pro_cli": "CLIENT",
            "display_symbol": "UNITECH",
            "user_name": "REDACTED",
            "rmtm_sell_average_price": 6.46,
            "close_price": 0,
            "prod_type": 1,
            "multiplier": 1,
            "symbol": "UNITECH",
            "sell_quantity": 2,
            "segment": "Capital",
            "buy_quantity": 0,
            "cf_buy_amount": 0,
            "cf_buy_average_price": 0,
            "net_amount": 12.92,
            "series": "EQ",
            "average_sell_price": 6.46,
            "xe_uuid": "INE694A01020",
            "product": "CNC",
            "rmtm_buy_average_price": 0,
            "buy_amount": 0,
            "average_buy_price": 0,
            "realized_mtm": 0
          },
          {
            "ltp": 295.87,
            "other_margin": null,
            "sell_amount": 295.22,
            "exchange": "NSE",
            "net_quantity": -1,
            "token": "REDACTED",
            "average_price": 0,
            "client_id": "REDACTED",
            "cf_sell_average_price": 0,
            "cf_sell_quantity": 0,
            "pledged_quantity": 0,
            "cf_buy_quantity": 0,
            "cf_sell_amount": 0,
            "instrument_token": 10576,
            "previous_close": 294.37,
            "trading_symbol": "NIFTYBEES-EQ",
            "v_login_id": "S2338362",
            "pro_cli": "CLIENT",
            "display_symbol": "NIFTYBEES",
            "user_name": "REDACTED",
            "rmtm_sell_average_price": 295.22,
            "close_price": 0,
            "prod_type": 1,
            "multiplier": 1,
            "symbol": "NIFTYBEES",
            "sell_quantity": 1,
            "segment": "Capital",
            "buy_quantity": 0,
            "cf_buy_amount": 0,
            "cf_buy_average_price": 0,
            "net_amount": 295.22,
            "series": "EQ",
            "average_sell_price": 295.22,
            "xe_uuid": "INF204KB14I2",
            "product": "CNC",
            "rmtm_buy_average_price": 0,
            "buy_amount": 0,
            "average_buy_price": 0,
            "realized_mtm": 0
          },
          {
            "ltp": 79,
            "other_margin": null,
            "sell_amount": 79.1,
            "exchange": "NSE",
            "net_quantity": -1,
            "token": "REDACTED",
            "average_price": 0,
            "client_id": "REDACTED",
            "cf_sell_average_price": 0,
            "cf_sell_quantity": 0,
            "pledged_quantity": 0,
            "cf_buy_quantity": 0,
            "cf_sell_amount": 0,
            "instrument_token": 757834,
            "previous_close": 80.11,
            "trading_symbol": "RMDRIP-EQ",
            "v_login_id": "S2338362",
            "pro_cli": "CLIENT",
            "display_symbol": "RMDRIP",
            "user_name": "REDACTED",
            "rmtm_sell_average_price": 79.1,
            "close_price": 0,
            "prod_type": 1,
            "multiplier": 1,
            "symbol": "RMDRIP",
            "sell_quantity": 1,
            "segment": "Capital",
            "buy_quantity": 0,
            "cf_buy_amount": 0,
            "cf_buy_average_price": 0,
            "net_amount": 79.1,
            "series": "EQ",
            "average_sell_price": 79.1,
            "xe_uuid": "INE219Y01026",
            "product": "CNC",
            "rmtm_buy_average_price": 0,
            "buy_amount": 0,
            "average_buy_price": 0,
            "realized_mtm": 0
          },
          {
            "ltp": 22.73,
            "other_margin": null,
            "sell_amount": 136.64000000000001,
            "exchange": "NSE",
            "net_quantity": -6,
            "token": "REDACTED",
            "average_price": 0,
            "client_id": "REDACTED",
            "cf_sell_average_price": 0,
            "cf_sell_quantity": 0,
            "pledged_quantity": 0,
            "cf_buy_quantity": 0,
            "cf_sell_amount": 0,
            "instrument_token": 11915,
            "previous_close": 22.93,
            "trading_symbol": "YESBANK-EQ",
            "v_login_id": "S2338362",
            "pro_cli": "CLIENT",
            "display_symbol": "YESBANK",
            "user_name": "REDACTED",
            "rmtm_sell_average_price": 22.76,
            "close_price": 0,
            "prod_type": 1,
            "multiplier": 1,
            "symbol": "YESBANK",
            "sell_quantity": 6,
            "segment": "Capital",
            "buy_quantity": 0,
            "cf_buy_amount": 0,
            "cf_buy_average_price": 0,
            "net_amount": 136.64000000000001,
            "series": "EQ",
            "average_sell_price": 22.773333333333337,
            "xe_uuid": "INE528G01035",
            "product": "CNC",
            "rmtm_buy_average_price": 0,
            "buy_amount": 0,
            "average_buy_price": 0,
            "realized_mtm": 0
          },
          {
            "ltp": 1.6,
            "other_margin": null,
            "sell_amount": 0,
            "exchange": "NSE",
            "net_quantity": 4,
            "token": "REDACTED",
            "average_price": 0,
            "client_id": "REDACTED",
            "cf_sell_average_price": 0,
            "cf_sell_quantity": 0,
            "pledged_quantity": 0,
            "cf_buy_quantity": 0,
            "cf_sell_amount": 0,
            "instrument_token": 25756,
            "previous_close": 1.6,
            "trading_symbol": "VIKASECO-EQ",
            "v_login_id": "S2338362",
            "pro_cli": "CLIENT",
            "display_symbol": "VIKASECO",
            "user_name": "REDACTED",
            "rmtm_sell_average_price": 0,
            "close_price": 0,
            "prod_type": 1,
            "multiplier": 1,
            "symbol": "VIKASECO",
            "sell_quantity": 0,
            "segment": "Capital",
            "buy_quantity": 4,
            "cf_buy_amount": 0,
            "cf_buy_average_price": 0,
            "net_amount": -6.4,
            "series": "EQ",
            "average_sell_price": 0,
            "xe_uuid": "INE806A01020",
            "product": "CNC",
            "rmtm_buy_average_price": 1.6,
            "buy_amount": 6.4,
            "average_buy_price": 1.6,
            "realized_mtm": 0
          },
          {
            "ltp": 101.48,
            "other_margin": null,
            "sell_amount": 101.62,
            "exchange": "NSE",
            "net_quantity": -1,
            "token": "REDACTED",
            "average_price": 0,
            "client_id": "REDACTED",
            "cf_sell_average_price": 0,
            "cf_sell_quantity": 0,
            "pledged_quantity": 0,
            "cf_buy_quantity": 0,
            "cf_sell_amount": 0,
            "instrument_token": 14428,
            "previous_close": 102.23,
            "trading_symbol": "GOLDBEES-EQ",
            "v_login_id": "S2338362",
            "pro_cli": "CLIENT",
            "display_symbol": "GOLDBEES",
            "user_name": "REDACTED",
            "rmtm_sell_average_price": 101.62,
            "close_price": 0,
            "prod_type": 1,
            "multiplier": 1,
            "symbol": "GOLDBEES",
            "sell_quantity": 1,
            "segment": "Capital",
            "buy_quantity": 0,
            "cf_buy_amount": 0,
            "cf_buy_average_price": 0,
            "net_amount": 101.62,
            "series": "EQ",
            "average_sell_price": 101.62,
            "xe_uuid": "INF204KB17I5",
            "product": "CNC",
            "rmtm_buy_average_price": 0,
            "buy_amount": 0,
            "average_buy_price": 0,
            "realized_mtm": 0
          },
          {
            "ltp": 10.37,
            "other_margin": null,
            "sell_amount": 115.17,
            "exchange": "NSE",
            "net_quantity": -10,
            "token": "REDACTED",
            "average_price": 0,
            "client_id": "REDACTED",
            "cf_sell_average_price": 0,
            "cf_sell_quantity": 0,
            "pledged_quantity": 0,
            "cf_buy_quantity": 0,
            "cf_sell_amount": 0,
            "instrument_token": 14366,
            "previous_close": 10.69,
            "trading_symbol": "IDEA-EQ",
            "v_login_id": "S2338362",
            "pro_cli": "CLIENT",
            "display_symbol": "IDEA",
            "user_name": "REDACTED",
            "rmtm_sell_average_price": 10.47,
            "close_price": 0,
            "prod_type": 1,
            "multiplier": 1,
            "symbol": "IDEA",
            "sell_quantity": 11,
            "segment": "Capital",
            "buy_quantity": 1,
            "cf_buy_amount": 0,
            "cf_buy_average_price": 0,
            "net_amount": 104.67,
            "series": "EQ",
            "average_sell_price": 10.47,
            "xe_uuid": "INE669E01016",
            "product": "CNC",
            "rmtm_buy_average_price": 10.5,
            "buy_amount": 10.5,
            "average_buy_price": 10.5,
            "realized_mtm": 0
          },
          {
            "ltp": 19.55,
            "other_margin": null,
            "sell_amount": 38.79,
            "exchange": "NSE",
            "net_quantity": -2,
            "token": "REDACTED",
            "average_price": 0,
            "client_id": "REDACTED",
            "cf_sell_average_price": 0,
            "cf_sell_quantity": 0,
            "pledged_quantity": 0,
            "cf_buy_quantity": 0,
            "cf_sell_amount": 0,
            "instrument_token": 16249,
            "previous_close": 20.12,
            "trading_symbol": "INFIBEAM-EQ",
            "v_login_id": "S2338362",
            "pro_cli": "CLIENT",
            "display_symbol": "INFIBEAM",
            "user_name": "REDACTED",
            "rmtm_sell_average_price": 19.38,
            "close_price": 0,
            "prod_type": 1,
            "multiplier": 1,
            "symbol": "INFIBEAM",
            "sell_quantity": 2,
            "segment": "Capital",
            "buy_quantity": 0,
            "cf_buy_amount": 0,
            "cf_buy_average_price": 0,
            "net_amount": 38.79,
            "series": "EQ",
            "average_sell_price": 19.395,
            "xe_uuid": "INE483S01020",
            "product": "CNC",
            "rmtm_buy_average_price": 0,
            "buy_amount": 0,
            "average_buy_price": 0,
            "realized_mtm": 0
          },
          {
            "ltp": 1.39,
            "other_margin": null,
            "sell_amount": 37.269999999999996,
            "exchange": "NSE",
            "net_quantity": -15,
            "token": "REDACTED",
            "average_price": 0,
            "client_id": "REDACTED",
            "cf_sell_average_price": 0,
            "cf_sell_quantity": 0,
            "pledged_quantity": 0,
            "cf_buy_quantity": 0,
            "cf_sell_amount": 0,
            "instrument_token": 13745,
            "previous_close": 1.38,
            "trading_symbol": "GTLINFRA-EQ",
            "v_login_id": "S2338362",
            "pro_cli": "CLIENT",
            "display_symbol": "GTLINFRA",
            "user_name": "REDACTED",
            "rmtm_sell_average_price": 1.3804,
            "close_price": 0,
            "prod_type": 1,
            "multiplier": 1,
            "symbol": "GTLINFRA",
            "sell_quantity": 27,
            "segment": "Capital",
            "buy_quantity": 12,
            "cf_buy_amount": 0,
            "cf_buy_average_price": 0,
            "net_amount": 20.589999999999996,
            "series": "EQ",
            "average_sell_price": 1.3803703703703702,
            "xe_uuid": "INE221H01019",
            "product": "CNC",
            "rmtm_buy_average_price": 1.39,
            "buy_amount": 16.68,
            "average_buy_price": 1.39,
            "realized_mtm": 0
          },
          {
            "ltp": 1.95,
            "other_margin": null,
            "sell_amount": 1.94,
            "exchange": "NSE",
            "net_quantity": -1,
            "token": "REDACTED",
            "average_price": 0,
            "client_id": "REDACTED",
            "cf_sell_average_price": 0,
            "cf_sell_quantity": 0,
            "pledged_quantity": 0,
            "cf_buy_quantity": 0,
            "cf_sell_amount": 0,
            "instrument_token": 9931,
            "previous_close": 1.96,
            "trading_symbol": "VIKASLIFE-EQ",
            "v_login_id": "S2338362",
            "pro_cli": "CLIENT",
            "display_symbol": "VIKASLIFE",
            "user_name": "REDACTED",
            "rmtm_sell_average_price": 1.94,
            "close_price": 0,
            "prod_type": 1,
            "multiplier": 1,
            "symbol": "VIKASLIFE",
            "sell_quantity": 1,
            "segment": "Capital",
            "buy_quantity": 0,
            "cf_buy_amount": 0,
            "cf_buy_average_price": 0,
            "net_amount": 1.94,
            "series": "EQ",
            "average_sell_price": 1.94,
            "xe_uuid": "INE161L01027",
            "product": "CNC",
            "rmtm_buy_average_price": 0,
            "buy_amount": 0,
            "average_buy_price": 0,
            "realized_mtm": 0
          }
        ],
        "message": "",
        "status": "success"
      }
    },
    "userId": "69045647228214990ee7483a",
    "brokerFunctionLogId": "4193b6aa-1ab3-4e44-86cd-dc8057c2f571",
    "functionName": "Portfolio.liveHoldings",
    "brokerName": "hdfcsky"
  },
  "reqId": "e395ca40-c5e6-11f0-bcd3-515fe7353c87",
  "msg": "",
  "time": "2025-11-20T07:59:50.248Z",
  "v": 0
},
{
  "name": "sc.service.sc-integrations-brokers-api",
  "version": "3.8.9",
  "hostname": "ip-10-137-1-157",
  "pid": 2399,
  "type": "SC_BROKER",
  "level": 30,
  "context": {
    "broker": "hdfcsky",
    "msg": "Successful request",
    "details": {
      "request": {
        "url": "https://developer.hdfcsky.com/oapi/v1/holdings?api_key=1bc928ff1ce54970b0a2f2ae4740dc77&client_id=S2338362",
        "method": "GET",
        "headers": {
          "Authorization": "REDACTED",
          "Content-Type": "application/json"
        },
        "timeout": 20000
      },
      "userId": "S2338362",
      "accessToken": "REDACTED",
      "response": {
        "statusCode": 200,
        "body": {
          "data": {
            "holdings": [
              {
                "branch_code": "",
                "t0_price": 0,
                "isin": "INE161L01027",
                "used_quantity": 1,
                "exchange": "NSE",
                "actual_buy_avg": 2.03,
                "pledge_percentage": 0,
                "today_pledge_quantity": 0,
                "pledge_value": 0,
                "quantity": 20,
                "pending_quantity": 11,
                "net_holding_quantity": 20,
                "buy_avg_mtm": -0.20000000000000018,
                "squared_off_pledge_quantity": 0,
                "ltp": 1.95,
                "t0_quantity": 0,
                "pledge_allow": false,
                "t1_quantity": 0,
                "symbol": "VIKASLIFE",
                "instrument_details": {
                  "exchange": 1,
                  "instrument_name": "EQ",
                  "instrument_token": 9931,
                  "trading_symbol": "VIKASLIFE-EQ"
                },
                "pms_quantity": 20,
                "pledge_quantity": 0,
                "t1_price": 0,
                "t2_price": 0,
                "client_id": "REDACTED",
                "today_unpledge_quantity": 0,
                "buy_avg": 2.03,
                "t2_quantity": 0,
                "transaction_type": "",
                "free_quantity": 9,
                "trading_symbol": "VIKASLIFE",
                "token": "REDACTED",
                "squared_off_free_quantity": 1,
                "previous_close": 1.96
              },
              {
                "branch_code": "",
                "t0_price": 0,
                "isin": "INE219Y01026",
                "used_quantity": 1,
                "exchange": "NSE",
                "actual_buy_avg": 81.04,
                "pledge_percentage": 0,
                "today_pledge_quantity": 0,
                "pledge_value": 0,
                "quantity": 1,
                "pending_quantity": 1,
                "net_holding_quantity": 1,
                "buy_avg_mtm": -1.1099999999999994,
                "squared_off_pledge_quantity": 0,
                "ltp": 79,
                "t0_quantity": 0,
                "pledge_allow": false,
                "t1_quantity": 0,
                "symbol": "RMDRIP",
                "instrument_details": {
                  "exchange": 1,
                  "instrument_name": "EQ",
                  "instrument_token": 757834,
                  "trading_symbol": "RMDRIP-EQ"
                },
                "pms_quantity": 1,
                "pledge_quantity": 0,
                "t1_price": 0,
                "t2_price": 0,
                "client_id": "REDACTED",
                "today_unpledge_quantity": 0,
                "buy_avg": 81.04,
                "t2_quantity": 0,
                "transaction_type": "",
                "free_quantity": 0,
                "trading_symbol": "RMDRIP",
                "token": "REDACTED",
                "squared_off_free_quantity": 1,
                "previous_close": 80.11
              },
              {
                "branch_code": "",
                "t0_price": 0,
                "isin": "INE221H01019",
                "used_quantity": 15,
                "exchange": "NSE",
                "actual_buy_avg": 1.48,
                "pledge_percentage": 0,
                "today_pledge_quantity": 0,
                "pledge_value": 0,
                "quantity": 26,
                "pending_quantity": 1,
                "net_holding_quantity": 26,
                "buy_avg_mtm": 0.26000000000000023,
                "squared_off_pledge_quantity": 0,
                "ltp": 1.39,
                "t0_quantity": 0,
                "pledge_allow": false,
                "t1_quantity": 0,
                "symbol": "GTLINFRA",
                "instrument_details": {
                  "exchange": 1,
                  "instrument_name": "EQ",
                  "instrument_token": 13745,
                  "trading_symbol": "GTLINFRA-EQ"
                },
                "pms_quantity": 26,
                "pledge_quantity": 0,
                "t1_price": 0,
                "t2_price": 0,
                "client_id": "REDACTED",
                "today_unpledge_quantity": 0,
                "buy_avg": 1.48,
                "t2_quantity": 0,
                "transaction_type": "",
                "free_quantity": 25,
                "trading_symbol": "GTLINFRA",
                "token": "REDACTED",
                "squared_off_free_quantity": 16,
                "previous_close": 1.38
              },
              {
                "branch_code": "",
                "t0_price": 0,
                "isin": "INE483S01020",
                "used_quantity": 2,
                "exchange": "NSE",
                "actual_buy_avg": 19.84,
                "pledge_percentage": 0,
                "today_pledge_quantity": 0,
                "pledge_value": 0,
                "quantity": 2,
                "pending_quantity": 0,
                "net_holding_quantity": 2,
                "buy_avg_mtm": -1.1400000000000006,
                "squared_off_pledge_quantity": 0,
                "ltp": 19.55,
                "t0_quantity": 0,
                "pledge_allow": false,
                "t1_quantity": 0,
                "symbol": "INFIBEAM",
                "instrument_details": {
                  "exchange": 1,
                  "instrument_name": "EQ",
                  "instrument_token": 16249,
                  "trading_symbol": "INFIBEAM-EQ"
                },
                "pms_quantity": 2,
                "pledge_quantity": 0,
                "t1_price": 0,
                "t2_price": 0,
                "client_id": "REDACTED",
                "today_unpledge_quantity": 0,
                "buy_avg": 19.84,
                "t2_quantity": 0,
                "transaction_type": "",
                "free_quantity": 2,
                "trading_symbol": "INFIBEAM",
                "token": "REDACTED",
                "squared_off_free_quantity": 2,
                "previous_close": 20.12
              },
              {
                "branch_code": "",
                "t0_price": 0,
                "isin": "INE528G01035",
                "used_quantity": 6,
                "exchange": "NSE",
                "actual_buy_avg": 23.41,
                "pledge_percentage": 70,
                "today_pledge_quantity": 0,
                "pledge_value": 0,
                "quantity": 6,
                "pending_quantity": 2,
                "net_holding_quantity": 6,
                "buy_avg_mtm": -1.1999999999999957,
                "squared_off_pledge_quantity": 0,
                "ltp": 22.73,
                "t0_quantity": 0,
                "pledge_allow": true,
                "t1_quantity": 0,
                "symbol": "YESBANK",
                "instrument_details": {
                  "exchange": 1,
                  "instrument_name": "EQ",
                  "instrument_token": 11915,
                  "trading_symbol": "YESBANK-EQ"
                },
                "pms_quantity": 6,
                "pledge_quantity": 0,
                "t1_price": 0,
                "t2_price": 0,
                "client_id": "REDACTED",
                "today_unpledge_quantity": 0,
                "buy_avg": 23.41,
                "t2_quantity": 0,
                "transaction_type": "",
                "free_quantity": 4,
                "trading_symbol": "YESBANK",
                "token": "REDACTED",
                "squared_off_free_quantity": 6,
                "previous_close": 22.93
              },
              {
                "branch_code": "",
                "t0_price": 0,
                "isin": "INE669E01016",
                "used_quantity": 10,
                "exchange": "NSE",
                "actual_buy_avg": 10.55,
                "pledge_percentage": 70,
                "today_pledge_quantity": 0,
                "pledge_value": 0,
                "quantity": 11,
                "pending_quantity": 0,
                "net_holding_quantity": 11,
                "buy_avg_mtm": -3.520000000000003,
                "squared_off_pledge_quantity": 0,
                "ltp": 10.37,
                "t0_quantity": 0,
                "pledge_allow": true,
                "t1_quantity": 0,
                "symbol": "IDEA",
                "instrument_details": {
                  "exchange": 1,
                  "instrument_name": "EQ",
                  "instrument_token": 14366,
                  "trading_symbol": "IDEA-EQ"
                },
                "pms_quantity": 11,
                "pledge_quantity": 0,
                "t1_price": 0,
                "t2_price": 0,
                "client_id": "REDACTED",
                "today_unpledge_quantity": 0,
                "buy_avg": 10.55,
                "t2_quantity": 0,
                "transaction_type": "",
                "free_quantity": 11,
                "trading_symbol": "IDEA",
                "token": "REDACTED",
                "squared_off_free_quantity": 10,
                "previous_close": 10.69
              },
              {
                "branch_code": "",
                "t0_price": 0,
                "isin": "INE694A01020",
                "used_quantity": 2,
                "exchange": "NSE",
                "actual_buy_avg": 7.48,
                "pledge_percentage": 0,
                "today_pledge_quantity": 0,
                "pledge_value": 0,
                "quantity": 4,
                "pending_quantity": 0,
                "net_holding_quantity": 4,
                "buy_avg_mtm": -0.03999999999999915,
                "squared_off_pledge_quantity": 0,
                "ltp": 6.44,
                "t0_quantity": 0,
                "pledge_allow": false,
                "t1_quantity": 0,
                "symbol": "UNITECH",
                "instrument_details": {
                  "exchange": 1,
                  "instrument_name": "EQ",
                  "instrument_token": 3594,
                  "trading_symbol": "UNITECH-EQ"
                },
                "pms_quantity": 4,
                "pledge_quantity": 0,
                "t1_price": 0,
                "t2_price": 0,
                "client_id": "REDACTED",
                "today_unpledge_quantity": 0,
                "buy_avg": 7.48,
                "t2_quantity": 0,
                "transaction_type": "",
                "free_quantity": 4,
                "trading_symbol": "UNITECH",
                "token": "REDACTED",
                "squared_off_free_quantity": 2,
                "previous_close": 6.45
              },
              {
                "branch_code": "",
                "t0_price": 0,
                "isin": "INE806A01020",
                "used_quantity": 0,
                "exchange": "NSE",
                "actual_buy_avg": 1.71,
                "pledge_percentage": 0,
                "today_pledge_quantity": 0,
                "pledge_value": 0,
                "quantity": 2,
                "pending_quantity": 0,
                "net_holding_quantity": 2,
                "buy_avg_mtm": 0,
                "squared_off_pledge_quantity": 0,
                "ltp": 1.6,
                "t0_quantity": 0,
                "pledge_allow": false,
                "t1_quantity": 0,
                "symbol": "VIKASECO",
                "instrument_details": {
                  "exchange": 1,
                  "instrument_name": "EQ",
                  "instrument_token": 25756,
                  "trading_symbol": "VIKASECO-EQ"
                },
                "pms_quantity": 2,
                "pledge_quantity": 0,
                "t1_price": 0,
                "t2_price": 0,
                "client_id": "REDACTED",
                "today_unpledge_quantity": 0,
                "buy_avg": 1.71,
                "t2_quantity": 0,
                "transaction_type": "",
                "free_quantity": 2,
                "trading_symbol": "VIKASECO",
                "token": "REDACTED",
                "squared_off_free_quantity": 0,
                "previous_close": 1.6
              },
              {
                "branch_code": "",
                "t0_price": 0,
                "isin": "INF204KB14I2",
                "used_quantity": 1,
                "exchange": "NSE",
                "actual_buy_avg": 293.52,
                "pledge_percentage": 80,
                "today_pledge_quantity": 0,
                "pledge_value": 0,
                "quantity": 1,
                "pending_quantity": 0,
                "net_holding_quantity": 1,
                "buy_avg_mtm": 1.5,
                "squared_off_pledge_quantity": 0,
                "ltp": 295.87,
                "t0_quantity": 0,
                "pledge_allow": true,
                "t1_quantity": 0,
                "symbol": "NIFTYBEES",
                "instrument_details": {
                  "exchange": 1,
                  "instrument_name": "EQ",
                  "instrument_token": 10576,
                  "trading_symbol": "NIFTYBEES-EQ"
                },
                "pms_quantity": 1,
                "pledge_quantity": 0,
                "t1_price": 0,
                "t2_price": 0,
                "client_id": "REDACTED",
                "today_unpledge_quantity": 0,
                "buy_avg": 293.52,
                "t2_quantity": 0,
                "transaction_type": "",
                "free_quantity": 1,
                "trading_symbol": "NIFTYBEES",
                "token": "REDACTED",
                "squared_off_free_quantity": 1,
                "previous_close": 294.37
              },
              {
                "branch_code": "",
                "t0_price": 0,
                "isin": "INF204KB17I5",
                "used_quantity": 1,
                "exchange": "NSE",
                "actual_buy_avg": 100.28,
                "pledge_percentage": 65,
                "today_pledge_quantity": 0,
                "pledge_value": 0,
                "quantity": 1,
                "pending_quantity": 0,
                "net_holding_quantity": 1,
                "buy_avg_mtm": -0.75,
                "squared_off_pledge_quantity": 0,
                "ltp": 101.48,
                "t0_quantity": 0,
                "pledge_allow": true,
                "t1_quantity": 0,
                "symbol": "GOLDBEES",
                "instrument_details": {
                  "exchange": 1,
                  "instrument_name": "EQ",
                  "instrument_token": 14428,
                  "trading_symbol": "GOLDBEES-EQ"
                },
                "pms_quantity": 1,
                "pledge_quantity": 0,
                "t1_price": 0,
                "t2_price": 0,
                "client_id": "REDACTED",
                "today_unpledge_quantity": 0,
                "buy_avg": 100.28,
                "t2_quantity": 0,
                "transaction_type": "",
                "free_quantity": 1,
                "trading_symbol": "GOLDBEES",
                "token": "REDACTED",
                "squared_off_free_quantity": 1,
                "previous_close": 102.23
              }
            ]
          },
          "message": "",
          "status": "success"
        }
      },
      "responseString": {
        "data": {
          "holdings": [
            {
              "branch_code": "",
              "t0_price": 0,
              "isin": "INE161L01027",
              "used_quantity": 1,
              "exchange": "NSE",
              "actual_buy_avg": 2.03,
              "pledge_percentage": 0,
              "today_pledge_quantity": 0,
              "pledge_value": 0,
              "quantity": 20,
              "pending_quantity": 11,
              "net_holding_quantity": 20,
              "buy_avg_mtm": -0.20000000000000018,
              "squared_off_pledge_quantity": 0,
              "ltp": 1.95,
              "t0_quantity": 0,
              "pledge_allow": false,
              "t1_quantity": 0,
              "symbol": "VIKASLIFE",
              "instrument_details": {
                "exchange": 1,
                "instrument_name": "EQ",
                "instrument_token": 9931,
                "trading_symbol": "VIKASLIFE-EQ"
              },
              "pms_quantity": 20,
              "pledge_quantity": 0,
              "t1_price": 0,
              "t2_price": 0,
              "client_id": "REDACTED",
              "today_unpledge_quantity": 0,
              "buy_avg": 2.03,
              "t2_quantity": 0,
              "transaction_type": "",
              "free_quantity": 9,
              "trading_symbol": "VIKASLIFE",
              "token": "REDACTED",
              "squared_off_free_quantity": 1,
              "previous_close": 1.96
            },
            {
              "branch_code": "",
              "t0_price": 0,
              "isin": "INE219Y01026",
              "used_quantity": 1,
              "exchange": "NSE",
              "actual_buy_avg": 81.04,
              "pledge_percentage": 0,
              "today_pledge_quantity": 0,
              "pledge_value": 0,
              "quantity": 1,
              "pending_quantity": 1,
              "net_holding_quantity": 1,
              "buy_avg_mtm": -1.1099999999999994,
              "squared_off_pledge_quantity": 0,
              "ltp": 79,
              "t0_quantity": 0,
              "pledge_allow": false,
              "t1_quantity": 0,
              "symbol": "RMDRIP",
              "instrument_details": {
                "exchange": 1,
                "instrument_name": "EQ",
                "instrument_token": 757834,
                "trading_symbol": "RMDRIP-EQ"
              },
              "pms_quantity": 1,
              "pledge_quantity": 0,
              "t1_price": 0,
              "t2_price": 0,
              "client_id": "REDACTED",
              "today_unpledge_quantity": 0,
              "buy_avg": 81.04,
              "t2_quantity": 0,
              "transaction_type": "",
              "free_quantity": 0,
              "trading_symbol": "RMDRIP",
              "token": "REDACTED",
              "squared_off_free_quantity": 1,
              "previous_close": 80.11
            },
            {
              "branch_code": "",
              "t0_price": 0,
              "isin": "INE221H01019",
              "used_quantity": 15,
              "exchange": "NSE",
              "actual_buy_avg": 1.48,
              "pledge_percentage": 0,
              "today_pledge_quantity": 0,
              "pledge_value": 0,
              "quantity": 26,
              "pending_quantity": 1,
              "net_holding_quantity": 26,
              "buy_avg_mtm": 0.26000000000000023,
              "squared_off_pledge_quantity": 0,
              "ltp": 1.39,
              "t0_quantity": 0,
              "pledge_allow": false,
              "t1_quantity": 0,
              "symbol": "GTLINFRA",
              "instrument_details": {
                "exchange": 1,
                "instrument_name": "EQ",
                "instrument_token": 13745,
                "trading_symbol": "GTLINFRA-EQ"
              },
              "pms_quantity": 26,
              "pledge_quantity": 0,
              "t1_price": 0,
              "t2_price": 0,
              "client_id": "REDACTED",
              "today_unpledge_quantity": 0,
              "buy_avg": 1.48,
              "t2_quantity": 0,
              "transaction_type": "",
              "free_quantity": 25,
              "trading_symbol": "GTLINFRA",
              "token": "REDACTED",
              "squared_off_free_quantity": 16,
              "previous_close": 1.38
            },
            {
              "branch_code": "",
              "t0_price": 0,
              "isin": "INE483S01020",
              "used_quantity": 2,
              "exchange": "NSE",
              "actual_buy_avg": 19.84,
              "pledge_percentage": 0,
              "today_pledge_quantity": 0,
              "pledge_value": 0,
              "quantity": 2,
              "pending_quantity": 0,
              "net_holding_quantity": 2,
              "buy_avg_mtm": -1.1400000000000006,
              "squared_off_pledge_quantity": 0,
              "ltp": 19.55,
              "t0_quantity": 0,
              "pledge_allow": false,
              "t1_quantity": 0,
              "symbol": "INFIBEAM",
              "instrument_details": {
                "exchange": 1,
                "instrument_name": "EQ",
                "instrument_token": 16249,
                "trading_symbol": "INFIBEAM-EQ"
              },
              "pms_quantity": 2,
              "pledge_quantity": 0,
              "t1_price": 0,
              "t2_price": 0,
              "client_id": "REDACTED",
              "today_unpledge_quantity": 0,
              "buy_avg": 19.84,
              "t2_quantity": 0,
              "transaction_type": "",
              "free_quantity": 2,
              "trading_symbol": "INFIBEAM",
              "token": "REDACTED",
              "squared_off_free_quantity": 2,
              "previous_close": 20.12
            },
            {
              "branch_code": "",
              "t0_price": 0,
              "isin": "INE528G01035",
              "used_quantity": 6,
              "exchange": "NSE",
              "actual_buy_avg": 23.41,
              "pledge_percentage": 70,
              "today_pledge_quantity": 0,
              "pledge_value": 0,
              "quantity": 6,
              "pending_quantity": 2,
              "net_holding_quantity": 6,
              "buy_avg_mtm": -1.1999999999999957,
              "squared_off_pledge_quantity": 0,
              "ltp": 22.73,
              "t0_quantity": 0,
              "pledge_allow": true,
              "t1_quantity": 0,
              "symbol": "YESBANK",
              "instrument_details": {
                "exchange": 1,
                "instrument_name": "EQ",
                "instrument_token": 11915,
                "trading_symbol": "YESBANK-EQ"
              },
              "pms_quantity": 6,
              "pledge_quantity": 0,
              "t1_price": 0,
              "t2_price": 0,
              "client_id": "REDACTED",
              "today_unpledge_quantity": 0,
              "buy_avg": 23.41,
              "t2_quantity": 0,
              "transaction_type": "",
              "free_quantity": 4,
              "trading_symbol": "YESBANK",
              "token": "REDACTED",
              "squared_off_free_quantity": 6,
              "previous_close": 22.93
            },
            {
              "branch_code": "",
              "t0_price": 0,
              "isin": "INE669E01016",
              "used_quantity": 10,
              "exchange": "NSE",
              "actual_buy_avg": 10.55,
              "pledge_percentage": 70,
              "today_pledge_quantity": 0,
              "pledge_value": 0,
              "quantity": 11,
              "pending_quantity": 0,
              "net_holding_quantity": 11,
              "buy_avg_mtm": -3.520000000000003,
              "squared_off_pledge_quantity": 0,
              "ltp": 10.37,
              "t0_quantity": 0,
              "pledge_allow": true,
              "t1_quantity": 0,
              "symbol": "IDEA",
              "instrument_details": {
                "exchange": 1,
                "instrument_name": "EQ",
                "instrument_token": 14366,
                "trading_symbol": "IDEA-EQ"
              },
              "pms_quantity": 11,
              "pledge_quantity": 0,
              "t1_price": 0,
              "t2_price": 0,
              "client_id": "REDACTED",
              "today_unpledge_quantity": 0,
              "buy_avg": 10.55,
              "t2_quantity": 0,
              "transaction_type": "",
              "free_quantity": 11,
              "trading_symbol": "IDEA",
              "token": "REDACTED",
              "squared_off_free_quantity": 10,
              "previous_close": 10.69
            },
            {
              "branch_code": "",
              "t0_price": 0,
              "isin": "INE694A01020",
              "used_quantity": 2,
              "exchange": "NSE",
              "actual_buy_avg": 7.48,
              "pledge_percentage": 0,
              "today_pledge_quantity": 0,
              "pledge_value": 0,
              "quantity": 4,
              "pending_quantity": 0,
              "net_holding_quantity": 4,
              "buy_avg_mtm": -0.03999999999999915,
              "squared_off_pledge_quantity": 0,
              "ltp": 6.44,
              "t0_quantity": 0,
              "pledge_allow": false,
              "t1_quantity": 0,
              "symbol": "UNITECH",
              "instrument_details": {
                "exchange": 1,
                "instrument_name": "EQ",
                "instrument_token": 3594,
                "trading_symbol": "UNITECH-EQ"
              },
              "pms_quantity": 4,
              "pledge_quantity": 0,
              "t1_price": 0,
              "t2_price": 0,
              "client_id": "REDACTED",
              "today_unpledge_quantity": 0,
              "buy_avg": 7.48,
              "t2_quantity": 0,
              "transaction_type": "",
              "free_quantity": 4,
              "trading_symbol": "UNITECH",
              "token": "REDACTED",
              "squared_off_free_quantity": 2,
              "previous_close": 6.45
            },
            {
              "branch_code": "",
              "t0_price": 0,
              "isin": "INE806A01020",
              "used_quantity": 0,
              "exchange": "NSE",
              "actual_buy_avg": 1.71,
              "pledge_percentage": 0,
              "today_pledge_quantity": 0,
              "pledge_value": 0,
              "quantity": 2,
              "pending_quantity": 0,
              "net_holding_quantity": 2,
              "buy_avg_mtm": 0,
              "squared_off_pledge_quantity": 0,
              "ltp": 1.6,
              "t0_quantity": 0,
              "pledge_allow": false,
              "t1_quantity": 0,
              "symbol": "VIKASECO",
              "instrument_details": {
                "exchange": 1,
                "instrument_name": "EQ",
                "instrument_token": 25756,
                "trading_symbol": "VIKASECO-EQ"
              },
              "pms_quantity": 2,
              "pledge_quantity": 0,
              "t1_price": 0,
              "t2_price": 0,
              "client_id": "REDACTED",
              "today_unpledge_quantity": 0,
              "buy_avg": 1.71,
              "t2_quantity": 0,
              "transaction_type": "",
              "free_quantity": 2,
              "trading_symbol": "VIKASECO",
              "token": "REDACTED",
              "squared_off_free_quantity": 0,
              "previous_close": 1.6
            },
            {
              "branch_code": "",
              "t0_price": 0,
              "isin": "INF204KB14I2",
              "used_quantity": 1,
              "exchange": "NSE",
              "actual_buy_avg": 293.52,
              "pledge_percentage": 80,
              "today_pledge_quantity": 0,
              "pledge_value": 0,
              "quantity": 1,
              "pending_quantity": 0,
              "net_holding_quantity": 1,
              "buy_avg_mtm": 1.5,
              "squared_off_pledge_quantity": 0,
              "ltp": 295.87,
              "t0_quantity": 0,
              "pledge_allow": true,
              "t1_quantity": 0,
              "symbol": "NIFTYBEES",
              "instrument_details": {
                "exchange": 1,
                "instrument_name": "EQ",
                "instrument_token": 10576,
                "trading_symbol": "NIFTYBEES-EQ"
              },
              "pms_quantity": 1,
              "pledge_quantity": 0,
              "t1_price": 0,
              "t2_price": 0,
              "client_id": "REDACTED",
              "today_unpledge_quantity": 0,
              "buy_avg": 293.52,
              "t2_quantity": 0,
              "transaction_type": "",
              "free_quantity": 1,
              "trading_symbol": "NIFTYBEES",
              "token": "REDACTED",
              "squared_off_free_quantity": 1,
              "previous_close": 294.37
            },
            {
              "branch_code": "",
              "t0_price": 0,
              "isin": "INF204KB17I5",
              "used_quantity": 1,
              "exchange": "NSE",
              "actual_buy_avg": 100.28,
              "pledge_percentage": 65,
              "today_pledge_quantity": 0,
              "pledge_value": 0,
              "quantity": 1,
              "pending_quantity": 0,
              "net_holding_quantity": 1,
              "buy_avg_mtm": -0.75,
              "squared_off_pledge_quantity": 0,
              "ltp": 101.48,
              "t0_quantity": 0,
              "pledge_allow": true,
              "t1_quantity": 0,
              "symbol": "GOLDBEES",
              "instrument_details": {
                "exchange": 1,
                "instrument_name": "EQ",
                "instrument_token": 14428,
                "trading_symbol": "GOLDBEES-EQ"
              },
              "pms_quantity": 1,
              "pledge_quantity": 0,
              "t1_price": 0,
              "t2_price": 0,
              "client_id": "REDACTED",
              "today_unpledge_quantity": 0,
              "buy_avg": 100.28,
              "t2_quantity": 0,
              "transaction_type": "",
              "free_quantity": 1,
              "trading_symbol": "GOLDBEES",
              "token": "REDACTED",
              "squared_off_free_quantity": 1,
              "previous_close": 102.23
            }
          ]
        },
        "message": "",
        "status": "success"
      }
    },
    "userId": "69045647228214990ee7483a",
    "brokerFunctionLogId": "4193b6aa-1ab3-4e44-86cd-dc8057c2f571",
    "functionName": "Portfolio.liveHoldings",
    "brokerName": "hdfcsky"
  },
  "reqId": "e395ca40-c5e6-11f0-bcd3-515fe7353c87",
  "msg": "",
  "time": "2025-11-20T07:59:50.112Z",
  "v": 0
},
{
  "name": "sc.service.sc-integrations-brokers-api",
  "version": "3.8.9",
  "hostname": "ip-10-137-1-157",
  "pid": 2399,
  "type": "SC_BROKER",
  "level": 30,
  "context": {
    "options": {
      "accessToken": "REDACTED",
      "brokeruserId": "S2338362",
      "gateway": true,
      "apiKey": "REDACTED",
      "apiSecret": "REDACTED"
    },
    "response": {
      "error": null,
      "response": {
        "code": true,
        "reason": "success",
        "payload": [
          {
            "isin": "INE161L01027",
            "tradingsymbol": "VIKASLIFE",
            "brokersymbol": "9931",
            "quantity": 20,
            "averagePrice": 2.03,
            "exchange": "NSE",
            "authorisedQuantity": 20
          },
          {
            "isin": "INE219Y01026",
            "tradingsymbol": "RMDRIP",
            "brokersymbol": "757834",
            "quantity": 2,
            "averagePrice": 81.04,
            "exchange": "NSE",
            "authorisedQuantity": 1
          },
          {
            "isin": "INE221H01019",
            "tradingsymbol": "GTLINFRA",
            "brokersymbol": "13745",
            "quantity": 26,
            "averagePrice": 1.48,
            "exchange": "NSE",
            "authorisedQuantity": 26
          },
          {
            "isin": "INE483S01020",
            "tradingsymbol": "INFIBEAM",
            "brokersymbol": "16249",
            "quantity": 4,
            "averagePrice": 19.84,
            "exchange": "NSE",
            "authorisedQuantity": 2
          },
          {
            "isin": "INE528G01035",
            "tradingsymbol": "YESBANK",
            "brokersymbol": "11915",
            "quantity": 12,
            "averagePrice": 23.41,
            "exchange": "NSE",
            "authorisedQuantity": 6
          },
          {
            "isin": "INE669E01016",
            "tradingsymbol": "IDEA",
            "brokersymbol": "14366",
            "quantity": 21,
            "averagePrice": 10.55,
            "exchange": "NSE",
            "authorisedQuantity": 11
          },
          {
            "isin": "INE694A01020",
            "tradingsymbol": "UNITECH",
            "brokersymbol": "3594",
            "quantity": 6,
            "averagePrice": 7.48,
            "exchange": "NSE",
            "authorisedQuantity": 4
          },
          {
            "isin": "INE806A01020",
            "tradingsymbol": "VIKASECO",
            "brokersymbol": "25756",
            "quantity": 2,
            "averagePrice": 1.71,
            "exchange": "NSE",
            "authorisedQuantity": 2
          },
          {
            "isin": "INF204KB14I2",
            "tradingsymbol": "NIFTYBEES",
            "brokersymbol": "10576",
            "quantity": 2,
            "averagePrice": 293.52,
            "exchange": "NSE",
            "authorisedQuantity": 1
          },
          {
            "isin": "INF204KB17I5",
            "tradingsymbol": "GOLDBEES",
            "brokersymbol": "14428",
            "quantity": 2,
            "averagePrice": 100.28,
            "exchange": "NSE",
            "authorisedQuantity": 1
          },
          {
            "isin": "INE650K01021",
            "tradingsymbol": "SECURKLOUD-EQ",
            "brokersymbol": "11058",
            "quantity": 0,
            "averagePrice": null,
            "exchange": "NSE"
          },
          {
            "isin": "INE418H01029",
            "tradingsymbol": "ALLCARGO-BE",
            "brokersymbol": "13504",
            "quantity": 3,
            "averagePrice": 15.89,
            "exchange": "NSE"
          },
          {
            "isin": "INE694A01020",
            "tradingsymbol": "UNITECH-EQ",
            "brokersymbol": "3594",
            "quantity": -2,
            "averagePrice": 6.46,
            "exchange": "NSE"
          },
          {
            "isin": "INF204KB14I2",
            "tradingsymbol": "NIFTYBEES-EQ",
            "brokersymbol": "10576",
            "quantity": -1,
            "averagePrice": 295.22,
            "exchange": "NSE"
          },
          {
            "isin": "INE219Y01026",
            "tradingsymbol": "RMDRIP-EQ",
            "brokersymbol": "757834",
            "quantity": -1,
            "averagePrice": 79.1,
            "exchange": "NSE"
          },
          {
            "isin": "INE528G01035",
            "tradingsymbol": "YESBANK-EQ",
            "brokersymbol": "11915",
            "quantity": -6,
            "averagePrice": 22.773333333333337,
            "exchange": "NSE"
          },
          {
            "isin": "INE806A01020",
            "tradingsymbol": "VIKASECO-EQ",
            "brokersymbol": "25756",
            "quantity": 4,
            "averagePrice": 1.6,
            "exchange": "NSE"
          },
          {
            "isin": "INF204KB17I5",
            "tradingsymbol": "GOLDBEES-EQ",
            "brokersymbol": "14428",
            "quantity": -1,
            "averagePrice": 101.62,
            "exchange": "NSE"
          },
          {
            "isin": "INE669E01016",
            "tradingsymbol": "IDEA-EQ",
            "brokersymbol": "14366",
            "quantity": -10,
            "averagePrice": 10.467,
            "exchange": "NSE"
          },
          {
            "isin": "INE221H01019",
            "tradingsymbol": "GTLINFRA-EQ",
            "brokersymbol": "13745",
            "quantity": 4,
            "averagePrice": 1.4050000000000002,
            "exchange": "NSE"
          },
          {
            "isin": "INE483S01020",
            "tradingsymbol": "INFIBEAM-EQ",
            "brokersymbol": "16249",
            "quantity": -2,
            "averagePrice": 19.395,
            "exchange": "NSE"
          }
        ]
      }
    },
    "userId": "69045647228214990ee7483a",
    "brokerFunctionLogId": "428b3392-9f43-4002-b396-1a0a9aa85097",
    "brokerApi": {
      "functionName": "Portfolio.liveHoldings",
      "brokerName": "hdfcsky"
    }
  },
  "reqId": "4b31e870-c5e5-11f0-bcd3-515fe7353c87",
  "msg": "broker lib function response recieved",
  "time": "2025-11-20T07:48:25.109Z",
  "v": 0
},
{
  "name": "sc.service.sc-integrations-brokers-api",
  "version": "3.8.9",
  "hostname": "ip-10-137-1-157",
  "pid": 2399,
  "type": "SC_BROKER",
  "level": 30,
  "context": {
    "broker": "hdfcsky",
    "msg": "Successful request",
    "details": {
      "request": {
        "url": "https://developer.hdfcsky.com/oapi/v1/positions?api_key=1bc928ff1ce54970b0a2f2ae4740dc77&client_id=S2338362&type=historical",
        "method": "GET",
        "headers": {
          "Authorization": "REDACTED",
          "Content-Type": "application/json"
        },
        "timeout": 20000
      },
      "userId": "S2338362",
      "accessToken": "REDACTED",
      "response": {
        "statusCode": 200,
        "body": {
          "data": [
            {
              "ltp": 28.26,
              "other_margin": null,
              "sell_amount": 27.31,
              "exchange": "NSE",
              "net_quantity": 0,
              "token": "REDACTED",
              "average_price": 0,
              "client_id": "REDACTED",
              "cf_sell_average_price": 0,
              "cf_sell_quantity": 0,
              "pledged_quantity": 0,
              "cf_buy_quantity": 0,
              "cf_sell_amount": 0,
              "instrument_token": 11058,
              "previous_close": 23.55,
              "trading_symbol": "SECURKLOUD-EQ",
              "v_login_id": "S2338362",
              "pro_cli": "CLIENT",
              "display_symbol": "SECURKLOUD",
              "user_name": "REDACTED",
              "rmtm_sell_average_price": 27.31,
              "close_price": 0,
              "prod_type": 1,
              "multiplier": 1,
              "symbol": "SECURKLOUD",
              "sell_quantity": 1,
              "segment": "Capital",
              "buy_quantity": 1,
              "cf_buy_amount": 0,
              "cf_buy_average_price": 0,
              "net_amount": 0.7199999999999989,
              "series": "EQ",
              "average_sell_price": 27.31,
              "xe_uuid": "INE650K01021",
              "product": "CNC",
              "rmtm_buy_average_price": 26.59,
              "buy_amount": 26.59,
              "average_buy_price": 26.59,
              "realized_mtm": 0
            },
            {
              "ltp": 15.05,
              "other_margin": null,
              "sell_amount": 0,
              "exchange": "NSE",
              "net_quantity": 3,
              "token": "REDACTED",
              "average_price": 0,
              "client_id": "REDACTED",
              "cf_sell_average_price": 0,
              "cf_sell_quantity": 0,
              "pledged_quantity": 0,
              "cf_buy_quantity": 0,
              "cf_sell_amount": 0,
              "instrument_token": 13504,
              "previous_close": 15.14,
              "trading_symbol": "ALLCARGO-BE",
              "v_login_id": "S2338362",
              "pro_cli": "CLIENT",
              "display_symbol": "ALLCARGO",
              "user_name": "REDACTED",
              "rmtm_sell_average_price": 0,
              "close_price": 0,
              "prod_type": 1,
              "multiplier": 1,
              "symbol": "ALLCARGO",
              "sell_quantity": 0,
              "segment": "Capital",
              "buy_quantity": 3,
              "cf_buy_amount": 0,
              "cf_buy_average_price": 0,
              "net_amount": -47.67,
              "series": "BE",
              "average_sell_price": 0,
              "xe_uuid": "INE418H01029",
              "product": "CNC",
              "rmtm_buy_average_price": 15.89,
              "buy_amount": 47.67,
              "average_buy_price": 15.89,
              "realized_mtm": 0
            },
            {
              "ltp": 6.44,
              "other_margin": null,
              "sell_amount": 12.92,
              "exchange": "NSE",
              "net_quantity": -2,
              "token": "REDACTED",
              "average_price": 0,
              "client_id": "REDACTED",
              "cf_sell_average_price": 0,
              "cf_sell_quantity": 0,
              "pledged_quantity": 0,
              "cf_buy_quantity": 0,
              "cf_sell_amount": 0,
              "instrument_token": 3594,
              "previous_close": 6.45,
              "trading_symbol": "UNITECH-EQ",
              "v_login_id": "S2338362",
              "pro_cli": "CLIENT",
              "display_symbol": "UNITECH",
              "user_name": "REDACTED",
              "rmtm_sell_average_price": 6.46,
              "close_price": 0,
              "prod_type": 1,
              "multiplier": 1,
              "symbol": "UNITECH",
              "sell_quantity": 2,
              "segment": "Capital",
              "buy_quantity": 0,
              "cf_buy_amount": 0,
              "cf_buy_average_price": 0,
              "net_amount": 12.92,
              "series": "EQ",
              "average_sell_price": 6.46,
              "xe_uuid": "INE694A01020",
              "product": "CNC",
              "rmtm_buy_average_price": 0,
              "buy_amount": 0,
              "average_buy_price": 0,
              "realized_mtm": 0
            },
            {
              "ltp": 295.66,
              "other_margin": null,
              "sell_amount": 295.22,
              "exchange": "NSE",
              "net_quantity": -1,
              "token": "REDACTED",
              "average_price": 0,
              "client_id": "REDACTED",
              "cf_sell_average_price": 0,
              "cf_sell_quantity": 0,
              "pledged_quantity": 0,
              "cf_buy_quantity": 0,
              "cf_sell_amount": 0,
              "instrument_token": 10576,
              "previous_close": 294.37,
              "trading_symbol": "NIFTYBEES-EQ",
              "v_login_id": "S2338362",
              "pro_cli": "CLIENT",
              "display_symbol": "NIFTYBEES",
              "user_name": "REDACTED",
              "rmtm_sell_average_price": 295.22,
              "close_price": 0,
              "prod_type": 1,
              "multiplier": 1,
              "symbol": "NIFTYBEES",
              "sell_quantity": 1,
              "segment": "Capital",
              "buy_quantity": 0,
              "cf_buy_amount": 0,
              "cf_buy_average_price": 0,
              "net_amount": 295.22,
              "series": "EQ",
              "average_sell_price": 295.22,
              "xe_uuid": "INF204KB14I2",
              "product": "CNC",
              "rmtm_buy_average_price": 0,
              "buy_amount": 0,
              "average_buy_price": 0,
              "realized_mtm": 0
            },
            {
              "ltp": 79.46,
              "other_margin": null,
              "sell_amount": 79.1,
              "exchange": "NSE",
              "net_quantity": -1,
              "token": "REDACTED",
              "average_price": 0,
              "client_id": "REDACTED",
              "cf_sell_average_price": 0,
              "cf_sell_quantity": 0,
              "pledged_quantity": 0,
              "cf_buy_quantity": 0,
              "cf_sell_amount": 0,
              "instrument_token": 757834,
              "previous_close": 80.11,
              "trading_symbol": "RMDRIP-EQ",
              "v_login_id": "S2338362",
              "pro_cli": "CLIENT",
              "display_symbol": "RMDRIP",
              "user_name": "REDACTED",
              "rmtm_sell_average_price": 79.1,
              "close_price": 0,
              "prod_type": 1,
              "multiplier": 1,
              "symbol": "RMDRIP",
              "sell_quantity": 1,
              "segment": "Capital",
              "buy_quantity": 0,
              "cf_buy_amount": 0,
              "cf_buy_average_price": 0,
              "net_amount": 79.1,
              "series": "EQ",
              "average_sell_price": 79.1,
              "xe_uuid": "INE219Y01026",
              "product": "CNC",
              "rmtm_buy_average_price": 0,
              "buy_amount": 0,
              "average_buy_price": 0,
              "realized_mtm": 0
            },
            {
              "ltp": 22.72,
              "other_margin": null,
              "sell_amount": 136.64000000000001,
              "exchange": "NSE",
              "net_quantity": -6,
              "token": "REDACTED",
              "average_price": 0,
              "client_id": "REDACTED",
              "cf_sell_average_price": 0,
              "cf_sell_quantity": 0,
              "pledged_quantity": 0,
              "cf_buy_quantity": 0,
              "cf_sell_amount": 0,
              "instrument_token": 11915,
              "previous_close": 22.93,
              "trading_symbol": "YESBANK-EQ",
              "v_login_id": "S2338362",
              "pro_cli": "CLIENT",
              "display_symbol": "YESBANK",
              "user_name": "REDACTED",
              "rmtm_sell_average_price": 22.76,
              "close_price": 0,
              "prod_type": 1,
              "multiplier": 1,
              "symbol": "YESBANK",
              "sell_quantity": 6,
              "segment": "Capital",
              "buy_quantity": 0,
              "cf_buy_amount": 0,
              "cf_buy_average_price": 0,
              "net_amount": 136.64000000000001,
              "series": "EQ",
              "average_sell_price": 22.773333333333337,
              "xe_uuid": "INE528G01035",
              "product": "CNC",
              "rmtm_buy_average_price": 0,
              "buy_amount": 0,
              "average_buy_price": 0,
              "realized_mtm": 0
            },
            {
              "ltp": 1.6,
              "other_margin": null,
              "sell_amount": 0,
              "exchange": "NSE",
              "net_quantity": 4,
              "token": "REDACTED",
              "average_price": 0,
              "client_id": "REDACTED",
              "cf_sell_average_price": 0,
              "cf_sell_quantity": 0,
              "pledged_quantity": 0,
              "cf_buy_quantity": 0,
              "cf_sell_amount": 0,
              "instrument_token": 25756,
              "previous_close": 1.6,
              "trading_symbol": "VIKASECO-EQ",
              "v_login_id": "S2338362",
              "pro_cli": "CLIENT",
              "display_symbol": "VIKASECO",
              "user_name": "REDACTED",
              "rmtm_sell_average_price": 0,
              "close_price": 0,
              "prod_type": 1,
              "multiplier": 1,
              "symbol": "VIKASECO",
              "sell_quantity": 0,
              "segment": "Capital",
              "buy_quantity": 4,
              "cf_buy_amount": 0,
              "cf_buy_average_price": 0,
              "net_amount": -6.4,
              "series": "EQ",
              "average_sell_price": 0,
              "xe_uuid": "INE806A01020",
              "product": "CNC",
              "rmtm_buy_average_price": 1.6,
              "buy_amount": 6.4,
              "average_buy_price": 1.6,
              "realized_mtm": 0
            },
            {
              "ltp": 101.49,
              "other_margin": null,
              "sell_amount": 101.62,
              "exchange": "NSE",
              "net_quantity": -1,
              "token": "REDACTED",
              "average_price": 0,
              "client_id": "REDACTED",
              "cf_sell_average_price": 0,
              "cf_sell_quantity": 0,
              "pledged_quantity": 0,
              "cf_buy_quantity": 0,
              "cf_sell_amount": 0,
              "instrument_token": 14428,
              "previous_close": 102.23,
              "trading_symbol": "GOLDBEES-EQ",
              "v_login_id": "S2338362",
              "pro_cli": "CLIENT",
              "display_symbol": "GOLDBEES",
              "user_name": "REDACTED",
              "rmtm_sell_average_price": 101.62,
              "close_price": 0,
              "prod_type": 1,
              "multiplier": 1,
              "symbol": "GOLDBEES",
              "sell_quantity": 1,
              "segment": "Capital",
              "buy_quantity": 0,
              "cf_buy_amount": 0,
              "cf_buy_average_price": 0,
              "net_amount": 101.62,
              "series": "EQ",
              "average_sell_price": 101.62,
              "xe_uuid": "INF204KB17I5",
              "product": "CNC",
              "rmtm_buy_average_price": 0,
              "buy_amount": 0,
              "average_buy_price": 0,
              "realized_mtm": 0
            },
            {
              "ltp": 10.39,
              "other_margin": null,
              "sell_amount": 115.17,
              "exchange": "NSE",
              "net_quantity": -10,
              "token": "REDACTED",
              "average_price": 0,
              "client_id": "REDACTED",
              "cf_sell_average_price": 0,
              "cf_sell_quantity": 0,
              "pledged_quantity": 0,
              "cf_buy_quantity": 0,
              "cf_sell_amount": 0,
              "instrument_token": 14366,
              "previous_close": 10.69,
              "trading_symbol": "IDEA-EQ",
              "v_login_id": "S2338362",
              "pro_cli": "CLIENT",
              "display_symbol": "IDEA",
              "user_name": "REDACTED",
              "rmtm_sell_average_price": 10.47,
              "close_price": 0,
              "prod_type": 1,
              "multiplier": 1,
              "symbol": "IDEA",
              "sell_quantity": 11,
              "segment": "Capital",
              "buy_quantity": 1,
              "cf_buy_amount": 0,
              "cf_buy_average_price": 0,
              "net_amount": 104.67,
              "series": "EQ",
              "average_sell_price": 10.47,
              "xe_uuid": "INE669E01016",
              "product": "CNC",
              "rmtm_buy_average_price": 10.5,
              "buy_amount": 10.5,
              "average_buy_price": 10.5,
              "realized_mtm": 0
            },
            {
              "ltp": 1.39,
              "other_margin": null,
              "sell_amount": 9.67,
              "exchange": "NSE",
              "net_quantity": 4,
              "token": "REDACTED",
              "average_price": 0,
              "client_id": "REDACTED",
              "cf_sell_average_price": 0,
              "cf_sell_quantity": 0,
              "pledged_quantity": 0,
              "cf_buy_quantity": 0,
              "cf_sell_amount": 0,
              "instrument_token": 13745,
              "previous_close": 1.38,
              "trading_symbol": "GTLINFRA-EQ",
              "v_login_id": "S2338362",
              "pro_cli": "CLIENT",
              "display_symbol": "GTLINFRA",
              "user_name": "REDACTED",
              "rmtm_sell_average_price": 1.3814,
              "close_price": 0,
              "prod_type": 1,
              "multiplier": 1,
              "symbol": "GTLINFRA",
              "sell_quantity": 7,
              "segment": "Capital",
              "buy_quantity": 11,
              "cf_buy_amount": 0,
              "cf_buy_average_price": 0,
              "net_amount": -5.620000000000001,
              "series": "EQ",
              "average_sell_price": 1.3814285714285715,
              "xe_uuid": "INE221H01019",
              "product": "CNC",
              "rmtm_buy_average_price": 1.39,
              "buy_amount": 15.290000000000001,
              "average_buy_price": 1.3900000000000001,
              "realized_mtm": 0
            },
            {
              "ltp": 19.42,
              "other_margin": null,
              "sell_amount": 38.79,
              "exchange": "NSE",
              "net_quantity": -2,
              "token": "REDACTED",
              "average_price": 0,
              "client_id": "REDACTED",
              "cf_sell_average_price": 0,
              "cf_sell_quantity": 0,
              "pledged_quantity": 0,
              "cf_buy_quantity": 0,
              "cf_sell_amount": 0,
              "instrument_token": 16249,
              "previous_close": 20.12,
              "trading_symbol": "INFIBEAM-EQ",
              "v_login_id": "S2338362",
              "pro_cli": "CLIENT",
              "display_symbol": "INFIBEAM",
              "user_name": "REDACTED",
              "rmtm_sell_average_price": 19.38,
              "close_price": 0,
              "prod_type": 1,
              "multiplier": 1,
              "symbol": "INFIBEAM",
              "sell_quantity": 2,
              "segment": "Capital",
              "buy_quantity": 0,
              "cf_buy_amount": 0,
              "cf_buy_average_price": 0,
              "net_amount": 38.79,
              "series": "EQ",
              "average_sell_price": 19.395,
              "xe_uuid": "INE483S01020",
              "product": "CNC",
              "rmtm_buy_average_price": 0,
              "buy_amount": 0,
              "average_buy_price": 0,
              "realized_mtm": 0
            }
          ],
          "message": "",
          "status": "success"
        }
      },
      "responseString": {
        "data": [
          {
            "ltp": 28.26,
            "other_margin": null,
            "sell_amount": 27.31,
            "exchange": "NSE",
            "net_quantity": 0,
            "token": "REDACTED",
            "average_price": 0,
            "client_id": "REDACTED",
            "cf_sell_average_price": 0,
            "cf_sell_quantity": 0,
            "pledged_quantity": 0,
            "cf_buy_quantity": 0,
            "cf_sell_amount": 0,
            "instrument_token": 11058,
            "previous_close": 23.55,
            "trading_symbol": "SECURKLOUD-EQ",
            "v_login_id": "S2338362",
            "pro_cli": "CLIENT",
            "display_symbol": "SECURKLOUD",
            "user_name": "REDACTED",
            "rmtm_sell_average_price": 27.31,
            "close_price": 0,
            "prod_type": 1,
            "multiplier": 1,
            "symbol": "SECURKLOUD",
            "sell_quantity": 1,
            "segment": "Capital",
            "buy_quantity": 1,
            "cf_buy_amount": 0,
            "cf_buy_average_price": 0,
            "net_amount": 0.7199999999999989,
            "series": "EQ",
            "average_sell_price": 27.31,
            "xe_uuid": "INE650K01021",
            "product": "CNC",
            "rmtm_buy_average_price": 26.59,
            "buy_amount": 26.59,
            "average_buy_price": 26.59,
            "realized_mtm": 0
          },
          {
            "ltp": 15.05,
            "other_margin": null,
            "sell_amount": 0,
            "exchange": "NSE",
            "net_quantity": 3,
            "token": "REDACTED",
            "average_price": 0,
            "client_id": "REDACTED",
            "cf_sell_average_price": 0,
            "cf_sell_quantity": 0,
            "pledged_quantity": 0,
            "cf_buy_quantity": 0,
            "cf_sell_amount": 0,
            "instrument_token": 13504,
            "previous_close": 15.14,
            "trading_symbol": "ALLCARGO-BE",
            "v_login_id": "S2338362",
            "pro_cli": "CLIENT",
            "display_symbol": "ALLCARGO",
            "user_name": "REDACTED",
            "rmtm_sell_average_price": 0,
            "close_price": 0,
            "prod_type": 1,
            "multiplier": 1,
            "symbol": "ALLCARGO",
            "sell_quantity": 0,
            "segment": "Capital",
            "buy_quantity": 3,
            "cf_buy_amount": 0,
            "cf_buy_average_price": 0,
            "net_amount": -47.67,
            "series": "BE",
            "average_sell_price": 0,
            "xe_uuid": "INE418H01029",
            "product": "CNC",
            "rmtm_buy_average_price": 15.89,
            "buy_amount": 47.67,
            "average_buy_price": 15.89,
            "realized_mtm": 0
          },
          {
            "ltp": 6.44,
            "other_margin": null,
            "sell_amount": 12.92,
            "exchange": "NSE",
            "net_quantity": -2,
            "token": "REDACTED",
            "average_price": 0,
            "client_id": "REDACTED",
            "cf_sell_average_price": 0,
            "cf_sell_quantity": 0,
            "pledged_quantity": 0,
            "cf_buy_quantity": 0,
            "cf_sell_amount": 0,
            "instrument_token": 3594,
            "previous_close": 6.45,
            "trading_symbol": "UNITECH-EQ",
            "v_login_id": "S2338362",
            "pro_cli": "CLIENT",
            "display_symbol": "UNITECH",
            "user_name": "REDACTED",
            "rmtm_sell_average_price": 6.46,
            "close_price": 0,
            "prod_type": 1,
            "multiplier": 1,
            "symbol": "UNITECH",
            "sell_quantity": 2,
            "segment": "Capital",
            "buy_quantity": 0,
            "cf_buy_amount": 0,
            "cf_buy_average_price": 0,
            "net_amount": 12.92,
            "series": "EQ",
            "average_sell_price": 6.46,
            "xe_uuid": "INE694A01020",
            "product": "CNC",
            "rmtm_buy_average_price": 0,
            "buy_amount": 0,
            "average_buy_price": 0,
            "realized_mtm": 0
          },
          {
            "ltp": 295.66,
            "other_margin": null,
            "sell_amount": 295.22,
            "exchange": "NSE",
            "net_quantity": -1,
            "token": "REDACTED",
            "average_price": 0,
            "client_id": "REDACTED",
            "cf_sell_average_price": 0,
            "cf_sell_quantity": 0,
            "pledged_quantity": 0,
            "cf_buy_quantity": 0,
            "cf_sell_amount": 0,
            "instrument_token": 10576,
            "previous_close": 294.37,
            "trading_symbol": "NIFTYBEES-EQ",
            "v_login_id": "S2338362",
            "pro_cli": "CLIENT",
            "display_symbol": "NIFTYBEES",
            "user_name": "REDACTED",
            "rmtm_sell_average_price": 295.22,
            "close_price": 0,
            "prod_type": 1,
            "multiplier": 1,
            "symbol": "NIFTYBEES",
            "sell_quantity": 1,
            "segment": "Capital",
            "buy_quantity": 0,
            "cf_buy_amount": 0,
            "cf_buy_average_price": 0,
            "net_amount": 295.22,
            "series": "EQ",
            "average_sell_price": 295.22,
            "xe_uuid": "INF204KB14I2",
            "product": "CNC",
            "rmtm_buy_average_price": 0,
            "buy_amount": 0,
            "average_buy_price": 0,
            "realized_mtm": 0
          },
          {
            "ltp": 79.46,
            "other_margin": null,
            "sell_amount": 79.1,
            "exchange": "NSE",
            "net_quantity": -1,
            "token": "REDACTED",
            "average_price": 0,
            "client_id": "REDACTED",
            "cf_sell_average_price": 0,
            "cf_sell_quantity": 0,
            "pledged_quantity": 0,
            "cf_buy_quantity": 0,
            "cf_sell_amount": 0,
            "instrument_token": 757834,
            "previous_close": 80.11,
            "trading_symbol": "RMDRIP-EQ",
            "v_login_id": "S2338362",
            "pro_cli": "CLIENT",
            "display_symbol": "RMDRIP",
            "user_name": "REDACTED",
            "rmtm_sell_average_price": 79.1,
            "close_price": 0,
            "prod_type": 1,
            "multiplier": 1,
            "symbol": "RMDRIP",
            "sell_quantity": 1,
            "segment": "Capital",
            "buy_quantity": 0,
            "cf_buy_amount": 0,
            "cf_buy_average_price": 0,
            "net_amount": 79.1,
            "series": "EQ",
            "average_sell_price": 79.1,
            "xe_uuid": "INE219Y01026",
            "product": "CNC",
            "rmtm_buy_average_price": 0,
            "buy_amount": 0,
            "average_buy_price": 0,
            "realized_mtm": 0
          },
          {
            "ltp": 22.72,
            "other_margin": null,
            "sell_amount": 136.64000000000001,
            "exchange": "NSE",
            "net_quantity": -6,
            "token": "REDACTED",
            "average_price": 0,
            "client_id": "REDACTED",
            "cf_sell_average_price": 0,
            "cf_sell_quantity": 0,
            "pledged_quantity": 0,
            "cf_buy_quantity": 0,
            "cf_sell_amount": 0,
            "instrument_token": 11915,
            "previous_close": 22.93,
            "trading_symbol": "YESBANK-EQ",
            "v_login_id": "S2338362",
            "pro_cli": "CLIENT",
            "display_symbol": "YESBANK",
            "user_name": "REDACTED",
            "rmtm_sell_average_price": 22.76,
            "close_price": 0,
            "prod_type": 1,
            "multiplier": 1,
            "symbol": "YESBANK",
            "sell_quantity": 6,
            "segment": "Capital",
            "buy_quantity": 0,
            "cf_buy_amount": 0,
            "cf_buy_average_price": 0,
            "net_amount": 136.64000000000001,
            "series": "EQ",
            "average_sell_price": 22.773333333333337,
            "xe_uuid": "INE528G01035",
            "product": "CNC",
            "rmtm_buy_average_price": 0,
            "buy_amount": 0,
            "average_buy_price": 0,
            "realized_mtm": 0
          },
          {
            "ltp": 1.6,
            "other_margin": null,
            "sell_amount": 0,
            "exchange": "NSE",
            "net_quantity": 4,
            "token": "REDACTED",
            "average_price": 0,
            "client_id": "REDACTED",
            "cf_sell_average_price": 0,
            "cf_sell_quantity": 0,
            "pledged_quantity": 0,
            "cf_buy_quantity": 0,
            "cf_sell_amount": 0,
            "instrument_token": 25756,
            "previous_close": 1.6,
            "trading_symbol": "VIKASECO-EQ",
            "v_login_id": "S2338362",
            "pro_cli": "CLIENT",
            "display_symbol": "VIKASECO",
            "user_name": "REDACTED",
            "rmtm_sell_average_price": 0,
            "close_price": 0,
            "prod_type": 1,
            "multiplier": 1,
            "symbol": "VIKASECO",
            "sell_quantity": 0,
            "segment": "Capital",
            "buy_quantity": 4,
            "cf_buy_amount": 0,
            "cf_buy_average_price": 0,
            "net_amount": -6.4,
            "series": "EQ",
            "average_sell_price": 0,
            "xe_uuid": "INE806A01020",
            "product": "CNC",
            "rmtm_buy_average_price": 1.6,
            "buy_amount": 6.4,
            "average_buy_price": 1.6,
            "realized_mtm": 0
          },
          {
            "ltp": 101.49,
            "other_margin": null,
            "sell_amount": 101.62,
            "exchange": "NSE",
            "net_quantity": -1,
            "token": "REDACTED",
            "average_price": 0,
            "client_id": "REDACTED",
            "cf_sell_average_price": 0,
            "cf_sell_quantity": 0,
            "pledged_quantity": 0,
            "cf_buy_quantity": 0,
            "cf_sell_amount": 0,
            "instrument_token": 14428,
            "previous_close": 102.23,
            "trading_symbol": "GOLDBEES-EQ",
            "v_login_id": "S2338362",
            "pro_cli": "CLIENT",
            "display_symbol": "GOLDBEES",
            "user_name": "REDACTED",
            "rmtm_sell_average_price": 101.62,
            "close_price": 0,
            "prod_type": 1,
            "multiplier": 1,
            "symbol": "GOLDBEES",
            "sell_quantity": 1,
            "segment": "Capital",
            "buy_quantity": 0,
            "cf_buy_amount": 0,
            "cf_buy_average_price": 0,
            "net_amount": 101.62,
            "series": "EQ",
            "average_sell_price": 101.62,
            "xe_uuid": "INF204KB17I5",
            "product": "CNC",
            "rmtm_buy_average_price": 0,
            "buy_amount": 0,
            "average_buy_price": 0,
            "realized_mtm": 0
          },
          {
            "ltp": 10.39,
            "other_margin": null,
            "sell_amount": 115.17,
            "exchange": "NSE",
            "net_quantity": -10,
            "token": "REDACTED",
            "average_price": 0,
            "client_id": "REDACTED",
            "cf_sell_average_price": 0,
            "cf_sell_quantity": 0,
            "pledged_quantity": 0,
            "cf_buy_quantity": 0,
            "cf_sell_amount": 0,
            "instrument_token": 14366,
            "previous_close": 10.69,
            "trading_symbol": "IDEA-EQ",
            "v_login_id": "S2338362",
            "pro_cli": "CLIENT",
            "display_symbol": "IDEA",
            "user_name": "REDACTED",
            "rmtm_sell_average_price": 10.47,
            "close_price": 0,
            "prod_type": 1,
            "multiplier": 1,
            "symbol": "IDEA",
            "sell_quantity": 11,
            "segment": "Capital",
            "buy_quantity": 1,
            "cf_buy_amount": 0,
            "cf_buy_average_price": 0,
            "net_amount": 104.67,
            "series": "EQ",
            "average_sell_price": 10.47,
            "xe_uuid": "INE669E01016",
            "product": "CNC",
            "rmtm_buy_average_price": 10.5,
            "buy_amount": 10.5,
            "average_buy_price": 10.5,
            "realized_mtm": 0
          },
          {
            "ltp": 1.39,
            "other_margin": null,
            "sell_amount": 9.67,
            "exchange": "NSE",
            "net_quantity": 4,
            "token": "REDACTED",
            "average_price": 0,
            "client_id": "REDACTED",
            "cf_sell_average_price": 0,
            "cf_sell_quantity": 0,
            "pledged_quantity": 0,
            "cf_buy_quantity": 0,
            "cf_sell_amount": 0,
            "instrument_token": 13745,
            "previous_close": 1.38,
            "trading_symbol": "GTLINFRA-EQ",
            "v_login_id": "S2338362",
            "pro_cli": "CLIENT",
            "display_symbol": "GTLINFRA",
            "user_name": "REDACTED",
            "rmtm_sell_average_price": 1.3814,
            "close_price": 0,
            "prod_type": 1,
            "multiplier": 1,
            "symbol": "GTLINFRA",
            "sell_quantity": 7,
            "segment": "Capital",
            "buy_quantity": 11,
            "cf_buy_amount": 0,
            "cf_buy_average_price": 0,
            "net_amount": -5.620000000000001,
            "series": "EQ",
            "average_sell_price": 1.3814285714285715,
            "xe_uuid": "INE221H01019",
            "product": "CNC",
            "rmtm_buy_average_price": 1.39,
            "buy_amount": 15.290000000000001,
            "average_buy_price": 1.3900000000000001,
            "realized_mtm": 0
          },
          {
            "ltp": 19.42,
            "other_margin": null,
            "sell_amount": 38.79,
            "exchange": "NSE",
            "net_quantity": -2,
            "token": "REDACTED",
            "average_price": 0,
            "client_id": "REDACTED",
            "cf_sell_average_price": 0,
            "cf_sell_quantity": 0,
            "pledged_quantity": 0,
            "cf_buy_quantity": 0,
            "cf_sell_amount": 0,
            "instrument_token": 16249,
            "previous_close": 20.12,
            "trading_symbol": "INFIBEAM-EQ",
            "v_login_id": "S2338362",
            "pro_cli": "CLIENT",
            "display_symbol": "INFIBEAM",
            "user_name": "REDACTED",
            "rmtm_sell_average_price": 19.38,
            "close_price": 0,
            "prod_type": 1,
            "multiplier": 1,
            "symbol": "INFIBEAM",
            "sell_quantity": 2,
            "segment": "Capital",
            "buy_quantity": 0,
            "cf_buy_amount": 0,
            "cf_buy_average_price": 0,
            "net_amount": 38.79,
            "series": "EQ",
            "average_sell_price": 19.395,
            "xe_uuid": "INE483S01020",
            "product": "CNC",
            "rmtm_buy_average_price": 0,
            "buy_amount": 0,
            "average_buy_price": 0,
            "realized_mtm": 0
          }
        ],
        "message": "",
        "status": "success"
      }
    },
    "userId": "69045647228214990ee7483a",
    "brokerFunctionLogId": "428b3392-9f43-4002-b396-1a0a9aa85097",
    "functionName": "Portfolio.liveHoldings",
    "brokerName": "hdfcsky"
  },
  "reqId": "4b31e870-c5e5-11f0-bcd3-515fe7353c87",
  "msg": "",
  "time": "2025-11-20T07:48:25.103Z",
  "v": 0
},
{
  "name": "sc.service.sc-integrations-brokers-api",
  "version": "3.8.9",
  "hostname": "ip-10-137-1-157",
  "pid": 2399,
  "type": "SC_BROKER",
  "level": 30,
  "context": {
    "broker": "hdfcsky",
    "msg": "Successful request",
    "details": {
      "request": {
        "url": "https://developer.hdfcsky.com/oapi/v1/holdings?api_key=1bc928ff1ce54970b0a2f2ae4740dc77&client_id=S2338362",
        "method": "GET",
        "headers": {
          "Authorization": "REDACTED",
          "Content-Type": "application/json"
        },
        "timeout": 20000
      },
      "userId": "S2338362",
      "accessToken": "REDACTED",
      "response": {
        "statusCode": 200,
        "body": {
          "data": {
            "holdings": [
              {
                "exchange": "NSE",
                "today_unpledge_quantity": 0,
                "t2_price": 0,
                "pledge_quantity": 0,
                "isin": "INE161L01027",
                "t0_price": 0,
                "t0_quantity": 0,
                "pms_quantity": 20,
                "used_quantity": 0,
                "pledge_allow": false,
                "client_id": "REDACTED",
                "previous_close": 1.96,
                "squared_off_free_quantity": 0,
                "actual_buy_avg": 2.03,
                "pledge_value": 0,
                "trading_symbol": "VIKASLIFE",
                "ltp": 1.96,
                "token": "REDACTED",
                "t1_quantity": 0,
                "squared_off_pledge_quantity": 0,
                "branch_code": "",
                "t2_quantity": 0,
                "net_holding_quantity": 20,
                "pledge_percentage": 0,
                "free_quantity": 9,
                "quantity": 20,
                "buy_avg": 2.03,
                "pending_quantity": 11,
                "today_pledge_quantity": 0,
                "t1_price": 0,
                "transaction_type": "",
                "symbol": "VIKASLIFE",
                "instrument_details": {
                  "exchange": 1,
                  "instrument_name": "EQ",
                  "instrument_token": 9931,
                  "trading_symbol": "VIKASLIFE-EQ"
                },
                "buy_avg_mtm": 0
              },
              {
                "exchange": "NSE",
                "today_unpledge_quantity": 0,
                "t2_price": 0,
                "pledge_quantity": 0,
                "isin": "INE219Y01026",
                "t0_price": 0,
                "t0_quantity": 0,
                "pms_quantity": 1,
                "used_quantity": 1,
                "pledge_allow": false,
                "client_id": "REDACTED",
                "previous_close": 80.11,
                "squared_off_free_quantity": 1,
                "actual_buy_avg": 81.04,
                "pledge_value": 0,
                "trading_symbol": "RMDRIP",
                "ltp": 79.46,
                "token": "REDACTED",
                "t1_quantity": 0,
                "squared_off_pledge_quantity": 0,
                "branch_code": "",
                "t2_quantity": 0,
                "net_holding_quantity": 1,
                "pledge_percentage": 0,
                "free_quantity": 0,
                "quantity": 1,
                "buy_avg": 81.04,
                "pending_quantity": 1,
                "today_pledge_quantity": 0,
                "t1_price": 0,
                "transaction_type": "",
                "symbol": "RMDRIP",
                "instrument_details": {
                  "exchange": 1,
                  "instrument_name": "EQ",
                  "instrument_token": 757834,
                  "trading_symbol": "RMDRIP-EQ"
                },
                "buy_avg_mtm": -0.6500000000000057
              },
              {
                "exchange": "NSE",
                "today_unpledge_quantity": 0,
                "t2_price": 0,
                "pledge_quantity": 0,
                "isin": "INE221H01019",
                "t0_price": 0,
                "t0_quantity": 0,
                "pms_quantity": 26,
                "used_quantity": 0,
                "pledge_allow": false,
                "client_id": "REDACTED",
                "previous_close": 1.38,
                "squared_off_free_quantity": 6,
                "actual_buy_avg": 1.48,
                "pledge_value": 0,
                "trading_symbol": "GTLINFRA",
                "ltp": 1.39,
                "token": "REDACTED",
                "t1_quantity": 0,
                "squared_off_pledge_quantity": 0,
                "branch_code": "",
                "t2_quantity": 0,
                "net_holding_quantity": 26,
                "pledge_percentage": 0,
                "free_quantity": 25,
                "quantity": 26,
                "buy_avg": 1.48,
                "pending_quantity": 1,
                "today_pledge_quantity": 0,
                "t1_price": 0,
                "transaction_type": "",
                "symbol": "GTLINFRA",
                "instrument_details": {
                  "exchange": 1,
                  "instrument_name": "EQ",
                  "instrument_token": 13745,
                  "trading_symbol": "GTLINFRA-EQ"
                },
                "buy_avg_mtm": 0.26000000000000023
              },
              {
                "exchange": "NSE",
                "today_unpledge_quantity": 0,
                "t2_price": 0,
                "pledge_quantity": 0,
                "isin": "INE483S01020",
                "t0_price": 0,
                "t0_quantity": 0,
                "pms_quantity": 2,
                "used_quantity": 2,
                "pledge_allow": false,
                "client_id": "REDACTED",
                "previous_close": 20.12,
                "squared_off_free_quantity": 2,
                "actual_buy_avg": 19.84,
                "pledge_value": 0,
                "trading_symbol": "INFIBEAM",
                "ltp": 19.42,
                "token": "REDACTED",
                "t1_quantity": 0,
                "squared_off_pledge_quantity": 0,
                "branch_code": "",
                "t2_quantity": 0,
                "net_holding_quantity": 2,
                "pledge_percentage": 0,
                "free_quantity": 2,
                "quantity": 2,
                "buy_avg": 19.84,
                "pending_quantity": 0,
                "today_pledge_quantity": 0,
                "t1_price": 0,
                "transaction_type": "",
                "symbol": "INFIBEAM",
                "instrument_details": {
                  "exchange": 1,
                  "instrument_name": "EQ",
                  "instrument_token": 16249,
                  "trading_symbol": "INFIBEAM-EQ"
                },
                "buy_avg_mtm": -1.3999999999999986
              },
              {
                "exchange": "NSE",
                "today_unpledge_quantity": 0,
                "t2_price": 0,
                "pledge_quantity": 0,
                "isin": "INE528G01035",
                "t0_price": 0,
                "t0_quantity": 0,
                "pms_quantity": 6,
                "used_quantity": 6,
                "pledge_allow": true,
                "client_id": "REDACTED",
                "previous_close": 22.93,
                "squared_off_free_quantity": 6,
                "actual_buy_avg": 23.41,
                "pledge_value": 0,
                "trading_symbol": "YESBANK",
                "ltp": 22.72,
                "token": "REDACTED",
                "t1_quantity": 0,
                "squared_off_pledge_quantity": 0,
                "branch_code": "",
                "t2_quantity": 0,
                "net_holding_quantity": 6,
                "pledge_percentage": 70,
                "free_quantity": 4,
                "quantity": 6,
                "buy_avg": 23.41,
                "pending_quantity": 2,
                "today_pledge_quantity": 0,
                "t1_price": 0,
                "transaction_type": "",
                "symbol": "YESBANK",
                "instrument_details": {
                  "exchange": 1,
                  "instrument_name": "EQ",
                  "instrument_token": 11915,
                  "trading_symbol": "YESBANK-EQ"
                },
                "buy_avg_mtm": -1.2600000000000051
              },
              {
                "exchange": "NSE",
                "today_unpledge_quantity": 0,
                "t2_price": 0,
                "pledge_quantity": 0,
                "isin": "INE669E01016",
                "t0_price": 0,
                "t0_quantity": 0,
                "pms_quantity": 11,
                "used_quantity": 10,
                "pledge_allow": true,
                "client_id": "REDACTED",
                "previous_close": 10.69,
                "squared_off_free_quantity": 10,
                "actual_buy_avg": 10.55,
                "pledge_value": 0,
                "trading_symbol": "IDEA",
                "ltp": 10.39,
                "token": "REDACTED",
                "t1_quantity": 0,
                "squared_off_pledge_quantity": 0,
                "branch_code": "",
                "t2_quantity": 0,
                "net_holding_quantity": 11,
                "pledge_percentage": 70,
                "free_quantity": 11,
                "quantity": 11,
                "buy_avg": 10.55,
                "pending_quantity": 0,
                "today_pledge_quantity": 0,
                "t1_price": 0,
                "transaction_type": "",
                "symbol": "IDEA",
                "instrument_details": {
                  "exchange": 1,
                  "instrument_name": "EQ",
                  "instrument_token": 14366,
                  "trading_symbol": "IDEA-EQ"
                },
                "buy_avg_mtm": -3.2999999999999883
              },
              {
                "exchange": "NSE",
                "today_unpledge_quantity": 0,
                "t2_price": 0,
                "pledge_quantity": 0,
                "isin": "INE694A01020",
                "t0_price": 0,
                "t0_quantity": 0,
                "pms_quantity": 4,
                "used_quantity": 2,
                "pledge_allow": false,
                "client_id": "REDACTED",
                "previous_close": 6.45,
                "squared_off_free_quantity": 2,
                "actual_buy_avg": 7.48,
                "pledge_value": 0,
                "trading_symbol": "UNITECH",
                "ltp": 6.44,
                "token": "REDACTED",
                "t1_quantity": 0,
                "squared_off_pledge_quantity": 0,
                "branch_code": "",
                "t2_quantity": 0,
                "net_holding_quantity": 4,
                "pledge_percentage": 0,
                "free_quantity": 4,
                "quantity": 4,
                "buy_avg": 7.48,
                "pending_quantity": 0,
                "today_pledge_quantity": 0,
                "t1_price": 0,
                "transaction_type": "",
                "symbol": "UNITECH",
                "instrument_details": {
                  "exchange": 1,
                  "instrument_name": "EQ",
                  "instrument_token": 3594,
                  "trading_symbol": "UNITECH-EQ"
                },
                "buy_avg_mtm": -0.03999999999999915
              },
              {
                "exchange": "NSE",
                "today_unpledge_quantity": 0,
                "t2_price": 0,
                "pledge_quantity": 0,
                "isin": "INE806A01020",
                "t0_price": 0,
                "t0_quantity": 0,
                "pms_quantity": 2,
                "used_quantity": 0,
                "pledge_allow": false,
                "client_id": "REDACTED",
                "previous_close": 1.6,
                "squared_off_free_quantity": 0,
                "actual_buy_avg": 1.71,
                "pledge_value": 0,
                "trading_symbol": "VIKASECO",
                "ltp": 1.6,
                "token": "REDACTED",
                "t1_quantity": 0,
                "squared_off_pledge_quantity": 0,
                "branch_code": "",
                "t2_quantity": 0,
                "net_holding_quantity": 2,
                "pledge_percentage": 0,
                "free_quantity": 2,
                "quantity": 2,
                "buy_avg": 1.71,
                "pending_quantity": 0,
                "today_pledge_quantity": 0,
                "t1_price": 0,
                "transaction_type": "",
                "symbol": "VIKASECO",
                "instrument_details": {
                  "exchange": 1,
                  "instrument_name": "EQ",
                  "instrument_token": 25756,
                  "trading_symbol": "VIKASECO-EQ"
                },
                "buy_avg_mtm": 0
              },
              {
                "exchange": "NSE",
                "today_unpledge_quantity": 0,
                "t2_price": 0,
                "pledge_quantity": 0,
                "isin": "INF204KB14I2",
                "t0_price": 0,
                "t0_quantity": 0,
                "pms_quantity": 1,
                "used_quantity": 1,
                "pledge_allow": true,
                "client_id": "REDACTED",
                "previous_close": 294.37,
                "squared_off_free_quantity": 1,
                "actual_buy_avg": 293.52,
                "pledge_value": 0,
                "trading_symbol": "NIFTYBEES",
                "ltp": 295.66,
                "token": "REDACTED",
                "t1_quantity": 0,
                "squared_off_pledge_quantity": 0,
                "branch_code": "",
                "t2_quantity": 0,
                "net_holding_quantity": 1,
                "pledge_percentage": 80,
                "free_quantity": 1,
                "quantity": 1,
                "buy_avg": 293.52,
                "pending_quantity": 0,
                "today_pledge_quantity": 0,
                "t1_price": 0,
                "transaction_type": "",
                "symbol": "NIFTYBEES",
                "instrument_details": {
                  "exchange": 1,
                  "instrument_name": "EQ",
                  "instrument_token": 10576,
                  "trading_symbol": "NIFTYBEES-EQ"
                },
                "buy_avg_mtm": 1.2900000000000205
              },
              {
                "exchange": "NSE",
                "today_unpledge_quantity": 0,
                "t2_price": 0,
                "pledge_quantity": 0,
                "isin": "INF204KB17I5",
                "t0_price": 0,
                "t0_quantity": 0,
                "pms_quantity": 1,
                "used_quantity": 1,
                "pledge_allow": true,
                "client_id": "REDACTED",
                "previous_close": 102.23,
                "squared_off_free_quantity": 1,
                "actual_buy_avg": 100.28,
                "pledge_value": 0,
                "trading_symbol": "GOLDBEES",
                "ltp": 101.49,
                "token": "REDACTED",
                "t1_quantity": 0,
                "squared_off_pledge_quantity": 0,
                "branch_code": "",
                "t2_quantity": 0,
                "net_holding_quantity": 1,
                "pledge_percentage": 65,
                "free_quantity": 1,
                "quantity": 1,
                "buy_avg": 100.28,
                "pending_quantity": 0,
                "today_pledge_quantity": 0,
                "t1_price": 0,
                "transaction_type": "",
                "symbol": "GOLDBEES",
                "instrument_details": {
                  "exchange": 1,
                  "instrument_name": "EQ",
                  "instrument_token": 14428,
                  "trading_symbol": "GOLDBEES-EQ"
                },
                "buy_avg_mtm": -0.7400000000000091
              }
            ]
          },
          "message": "",
          "status": "success"
        }
      },
      "responseString": {
        "data": {
          "holdings": [
            {
              "exchange": "NSE",
              "today_unpledge_quantity": 0,
              "t2_price": 0,
              "pledge_quantity": 0,
              "isin": "INE161L01027",
              "t0_price": 0,
              "t0_quantity": 0,
              "pms_quantity": 20,
              "used_quantity": 0,
              "pledge_allow": false,
              "client_id": "REDACTED",
              "previous_close": 1.96,
              "squared_off_free_quantity": 0,
              "actual_buy_avg": 2.03,
              "pledge_value": 0,
              "trading_symbol": "VIKASLIFE",
              "ltp": 1.96,
              "token": "REDACTED",
              "t1_quantity": 0,
              "squared_off_pledge_quantity": 0,
              "branch_code": "",
              "t2_quantity": 0,
              "net_holding_quantity": 20,
              "pledge_percentage": 0,
              "free_quantity": 9,
              "quantity": 20,
              "buy_avg": 2.03,
              "pending_quantity": 11,
              "today_pledge_quantity": 0,
              "t1_price": 0,
              "transaction_type": "",
              "symbol": "VIKASLIFE",
              "instrument_details": {
                "exchange": 1,
                "instrument_name": "EQ",
                "instrument_token": 9931,
                "trading_symbol": "VIKASLIFE-EQ"
              },
              "buy_avg_mtm": 0
            },
            {
              "exchange": "NSE",
              "today_unpledge_quantity": 0,
              "t2_price": 0,
              "pledge_quantity": 0,
              "isin": "INE219Y01026",
              "t0_price": 0,
              "t0_quantity": 0,
              "pms_quantity": 1,
              "used_quantity": 1,
              "pledge_allow": false,
              "client_id": "REDACTED",
              "previous_close": 80.11,
              "squared_off_free_quantity": 1,
              "actual_buy_avg": 81.04,
              "pledge_value": 0,
              "trading_symbol": "RMDRIP",
              "ltp": 79.46,
              "token": "REDACTED",
              "t1_quantity": 0,
              "squared_off_pledge_quantity": 0,
              "branch_code": "",
              "t2_quantity": 0,
              "net_holding_quantity": 1,
              "pledge_percentage": 0,
              "free_quantity": 0,
              "quantity": 1,
              "buy_avg": 81.04,
              "pending_quantity": 1,
              "today_pledge_quantity": 0,
              "t1_price": 0,
              "transaction_type": "",
              "symbol": "RMDRIP",
              "instrument_details": {
                "exchange": 1,
                "instrument_name": "EQ",
                "instrument_token": 757834,
                "trading_symbol": "RMDRIP-EQ"
              },
              "buy_avg_mtm": -0.6500000000000057
            },
            {
              "exchange": "NSE",
              "today_unpledge_quantity": 0,
              "t2_price": 0,
              "pledge_quantity": 0,
              "isin": "INE221H01019",
              "t0_price": 0,
              "t0_quantity": 0,
              "pms_quantity": 26,
              "used_quantity": 0,
              "pledge_allow": false,
              "client_id": "REDACTED",
              "previous_close": 1.38,
              "squared_off_free_quantity": 6,
              "actual_buy_avg": 1.48,
              "pledge_value": 0,
              "trading_symbol": "GTLINFRA",
              "ltp": 1.39,
              "token": "REDACTED",
              "t1_quantity": 0,
              "squared_off_pledge_quantity": 0,
              "branch_code": "",
              "t2_quantity": 0,
              "net_holding_quantity": 26,
              "pledge_percentage": 0,
              "free_quantity": 25,
              "quantity": 26,
              "buy_avg": 1.48,
              "pending_quantity": 1,
              "today_pledge_quantity": 0,
              "t1_price": 0,
              "transaction_type": "",
              "symbol": "GTLINFRA",
              "instrument_details": {
                "exchange": 1,
                "instrument_name": "EQ",
                "instrument_token": 13745,
                "trading_symbol": "GTLINFRA-EQ"
              },
              "buy_avg_mtm": 0.26000000000000023
            },
            {
              "exchange": "NSE",
              "today_unpledge_quantity": 0,
              "t2_price": 0,
              "pledge_quantity": 0,
              "isin": "INE483S01020",
              "t0_price": 0,
              "t0_quantity": 0,
              "pms_quantity": 2,
              "used_quantity": 2,
              "pledge_allow": false,
              "client_id": "REDACTED",
              "previous_close": 20.12,
              "squared_off_free_quantity": 2,
              "actual_buy_avg": 19.84,
              "pledge_value": 0,
              "trading_symbol": "INFIBEAM",
              "ltp": 19.42,
              "token": "REDACTED",
              "t1_quantity": 0,
              "squared_off_pledge_quantity": 0,
              "branch_code": "",
              "t2_quantity": 0,
              "net_holding_quantity": 2,
              "pledge_percentage": 0,
              "free_quantity": 2,
              "quantity": 2,
              "buy_avg": 19.84,
              "pending_quantity": 0,
              "today_pledge_quantity": 0,
              "t1_price": 0,
              "transaction_type": "",
              "symbol": "INFIBEAM",
              "instrument_details": {
                "exchange": 1,
                "instrument_name": "EQ",
                "instrument_token": 16249,
                "trading_symbol": "INFIBEAM-EQ"
              },
              "buy_avg_mtm": -1.3999999999999986
            },
            {
              "exchange": "NSE",
              "today_unpledge_quantity": 0,
              "t2_price": 0,
              "pledge_quantity": 0,
              "isin": "INE528G01035",
              "t0_price": 0,
              "t0_quantity": 0,
              "pms_quantity": 6,
              "used_quantity": 6,
              "pledge_allow": true,
              "client_id": "REDACTED",
              "previous_close": 22.93,
              "squared_off_free_quantity": 6,
              "actual_buy_avg": 23.41,
              "pledge_value": 0,
              "trading_symbol": "YESBANK",
              "ltp": 22.72,
              "token": "REDACTED",
              "t1_quantity": 0,
              "squared_off_pledge_quantity": 0,
              "branch_code": "",
              "t2_quantity": 0,
              "net_holding_quantity": 6,
              "pledge_percentage": 70,
              "free_quantity": 4,
              "quantity": 6,
              "buy_avg": 23.41,
              "pending_quantity": 2,
              "today_pledge_quantity": 0,
              "t1_price": 0,
              "transaction_type": "",
              "symbol": "YESBANK",
              "instrument_details": {
                "exchange": 1,
                "instrument_name": "EQ",
                "instrument_token": 11915,
                "trading_symbol": "YESBANK-EQ"
              },
              "buy_avg_mtm": -1.2600000000000051
            },
            {
              "exchange": "NSE",
              "today_unpledge_quantity": 0,
              "t2_price": 0,
              "pledge_quantity": 0,
              "isin": "INE669E01016",
              "t0_price": 0,
              "t0_quantity": 0,
              "pms_quantity": 11,
              "used_quantity": 10,
              "pledge_allow": true,
              "client_id": "REDACTED",
              "previous_close": 10.69,
              "squared_off_free_quantity": 10,
              "actual_buy_avg": 10.55,
              "pledge_value": 0,
              "trading_symbol": "IDEA",
              "ltp": 10.39,
              "token": "REDACTED",
              "t1_quantity": 0,
              "squared_off_pledge_quantity": 0,
              "branch_code": "",
              "t2_quantity": 0,
              "net_holding_quantity": 11,
              "pledge_percentage": 70,
              "free_quantity": 11,
              "quantity": 11,
              "buy_avg": 10.55,
              "pending_quantity": 0,
              "today_pledge_quantity": 0,
              "t1_price": 0,
              "transaction_type": "",
              "symbol": "IDEA",
              "instrument_details": {
                "exchange": 1,
                "instrument_name": "EQ",
                "instrument_token": 14366,
                "trading_symbol": "IDEA-EQ"
              },
              "buy_avg_mtm": -3.2999999999999883
            },
            {
              "exchange": "NSE",
              "today_unpledge_quantity": 0,
              "t2_price": 0,
              "pledge_quantity": 0,
              "isin": "INE694A01020",
              "t0_price": 0,
              "t0_quantity": 0,
              "pms_quantity": 4,
              "used_quantity": 2,
              "pledge_allow": false,
              "client_id": "REDACTED",
              "previous_close": 6.45,
              "squared_off_free_quantity": 2,
              "actual_buy_avg": 7.48,
              "pledge_value": 0,
              "trading_symbol": "UNITECH",
              "ltp": 6.44,
              "token": "REDACTED",
              "t1_quantity": 0,
              "squared_off_pledge_quantity": 0,
              "branch_code": "",
              "t2_quantity": 0,
              "net_holding_quantity": 4,
              "pledge_percentage": 0,
              "free_quantity": 4,
              "quantity": 4,
              "buy_avg": 7.48,
              "pending_quantity": 0,
              "today_pledge_quantity": 0,
              "t1_price": 0,
              "transaction_type": "",
              "symbol": "UNITECH",
              "instrument_details": {
                "exchange": 1,
                "instrument_name": "EQ",
                "instrument_token": 3594,
                "trading_symbol": "UNITECH-EQ"
              },
              "buy_avg_mtm": -0.03999999999999915
            },
            {
              "exchange": "NSE",
              "today_unpledge_quantity": 0,
              "t2_price": 0,
              "pledge_quantity": 0,
              "isin": "INE806A01020",
              "t0_price": 0,
              "t0_quantity": 0,
              "pms_quantity": 2,
              "used_quantity": 0,
              "pledge_allow": false,
              "client_id": "REDACTED",
              "previous_close": 1.6,
              "squared_off_free_quantity": 0,
              "actual_buy_avg": 1.71,
              "pledge_value": 0,
              "trading_symbol": "VIKASECO",
              "ltp": 1.6,
              "token": "REDACTED",
              "t1_quantity": 0,
              "squared_off_pledge_quantity": 0,
              "branch_code": "",
              "t2_quantity": 0,
              "net_holding_quantity": 2,
              "pledge_percentage": 0,
              "free_quantity": 2,
              "quantity": 2,
              "buy_avg": 1.71,
              "pending_quantity": 0,
              "today_pledge_quantity": 0,
              "t1_price": 0,
              "transaction_type": "",
              "symbol": "VIKASECO",
              "instrument_details": {
                "exchange": 1,
                "instrument_name": "EQ",
                "instrument_token": 25756,
                "trading_symbol": "VIKASECO-EQ"
              },
              "buy_avg_mtm": 0
            },
            {
              "exchange": "NSE",
              "today_unpledge_quantity": 0,
              "t2_price": 0,
              "pledge_quantity": 0,
              "isin": "INF204KB14I2",
              "t0_price": 0,
              "t0_quantity": 0,
              "pms_quantity": 1,
              "used_quantity": 1,
              "pledge_allow": true,
              "client_id": "REDACTED",
              "previous_close": 294.37,
              "squared_off_free_quantity": 1,
              "actual_buy_avg": 293.52,
              "pledge_value": 0,
              "trading_symbol": "NIFTYBEES",
              "ltp": 295.66,
              "token": "REDACTED",
              "t1_quantity": 0,
              "squared_off_pledge_quantity": 0,
              "branch_code": "",
              "t2_quantity": 0,
              "net_holding_quantity": 1,
              "pledge_percentage": 80,
              "free_quantity": 1,
              "quantity": 1,
              "buy_avg": 293.52,
              "pending_quantity": 0,
              "today_pledge_quantity": 0,
              "t1_price": 0,
              "transaction_type": "",
              "symbol": "NIFTYBEES",
              "instrument_details": {
                "exchange": 1,
                "instrument_name": "EQ",
                "instrument_token": 10576,
                "trading_symbol": "NIFTYBEES-EQ"
              },
              "buy_avg_mtm": 1.2900000000000205
            },
            {
              "exchange": "NSE",
              "today_unpledge_quantity": 0,
              "t2_price": 0,
              "pledge_quantity": 0,
              "isin": "INF204KB17I5",
              "t0_price": 0,
              "t0_quantity": 0,
              "pms_quantity": 1,
              "used_quantity": 1,
              "pledge_allow": true,
              "client_id": "REDACTED",
              "previous_close": 102.23,
              "squared_off_free_quantity": 1,
              "actual_buy_avg": 100.28,
              "pledge_value": 0,
              "trading_symbol": "GOLDBEES",
              "ltp": 101.49,
              "token": "REDACTED",
              "t1_quantity": 0,
              "squared_off_pledge_quantity": 0,
              "branch_code": "",
              "t2_quantity": 0,
              "net_holding_quantity": 1,
              "pledge_percentage": 65,
              "free_quantity": 1,
              "quantity": 1,
              "buy_avg": 100.28,
              "pending_quantity": 0,
              "today_pledge_quantity": 0,
              "t1_price": 0,
              "transaction_type": "",
              "symbol": "GOLDBEES",
              "instrument_details": {
                "exchange": 1,
                "instrument_name": "EQ",
                "instrument_token": 14428,
                "trading_symbol": "GOLDBEES-EQ"
              },
              "buy_avg_mtm": -0.7400000000000091
            }
          ]
        },
        "message": "",
        "status": "success"
      }
    },
    "userId": "69045647228214990ee7483a",
    "brokerFunctionLogId": "428b3392-9f43-4002-b396-1a0a9aa85097",
    "functionName": "Portfolio.liveHoldings",
    "brokerName": "hdfcsky"
  },
  "reqId": "4b31e870-c5e5-11f0-bcd3-515fe7353c87",
  "msg": "",
  "time": "2025-11-20T07:48:24.964Z",
  "v": 0
},
{
  "name": "sc.service.sc-integrations-brokers-api",
  "version": "3.8.9",
  "hostname": "ip-10-137-1-157",
  "pid": 2399,
  "type": "SC_BROKER",
  "level": 30,
  "context": {
    "options": {
      "accessToken": "REDACTED",
      "brokeruserId": "S2338362",
      "apiKey": "REDACTED",
      "apiSecret": "REDACTED"
    },
    "response": {
      "error": null,
      "response": {
        "code": true,
        "reason": "success",
        "payload": [
          {
            "isin": "INE161L01027",
            "tradingsymbol": "VIKASLIFE",
            "brokersymbol": "9931",
            "quantity": 20,
            "averagePrice": 2.03,
            "exchange": "NSE",
            "authorisedQuantity": 20
          },
          {
            "isin": "INE219Y01026",
            "tradingsymbol": "RMDRIP",
            "brokersymbol": "757834",
            "quantity": 2,
            "averagePrice": 81.04,
            "exchange": "NSE",
            "authorisedQuantity": 1
          },
          {
            "isin": "INE221H01019",
            "tradingsymbol": "GTLINFRA",
            "brokersymbol": "13745",
            "quantity": 26,
            "averagePrice": 1.48,
            "exchange": "NSE",
            "authorisedQuantity": 26
          },
          {
            "isin": "INE483S01020",
            "tradingsymbol": "INFIBEAM",
            "brokersymbol": "16249",
            "quantity": 2,
            "averagePrice": 19.84,
            "exchange": "NSE",
            "authorisedQuantity": 2
          },
          {
            "isin": "INE528G01035",
            "tradingsymbol": "YESBANK",
            "brokersymbol": "11915",
            "quantity": 12,
            "averagePrice": 23.41,
            "exchange": "NSE",
            "authorisedQuantity": 6
          },
          {
            "isin": "INE669E01016",
            "tradingsymbol": "IDEA",
            "brokersymbol": "14366",
            "quantity": 21,
            "averagePrice": 10.55,
            "exchange": "NSE",
            "authorisedQuantity": 11
          },
          {
            "isin": "INE694A01020",
            "tradingsymbol": "UNITECH",
            "brokersymbol": "3594",
            "quantity": 6,
            "averagePrice": 7.48,
            "exchange": "NSE",
            "authorisedQuantity": 4
          },
          {
            "isin": "INE806A01020",
            "tradingsymbol": "VIKASECO",
            "brokersymbol": "25756",
            "quantity": 2,
            "averagePrice": 1.71,
            "exchange": "NSE",
            "authorisedQuantity": 2
          },
          {
            "isin": "INF204KB14I2",
            "tradingsymbol": "NIFTYBEES",
            "brokersymbol": "10576",
            "quantity": 2,
            "averagePrice": 293.52,
            "exchange": "NSE",
            "authorisedQuantity": 1
          },
          {
            "isin": "INF204KB17I5",
            "tradingsymbol": "GOLDBEES",
            "brokersymbol": "14428",
            "quantity": 2,
            "averagePrice": 100.28,
            "exchange": "NSE",
            "authorisedQuantity": 1
          },
          {
            "isin": "INE650K01021",
            "tradingsymbol": "SECURKLOUD-EQ",
            "brokersymbol": "11058",
            "quantity": 0,
            "averagePrice": null,
            "exchange": "NSE"
          },
          {
            "isin": "INE418H01029",
            "tradingsymbol": "ALLCARGO-BE",
            "brokersymbol": "13504",
            "quantity": 3,
            "averagePrice": 15.89,
            "exchange": "NSE"
          },
          {
            "isin": "INE694A01020",
            "tradingsymbol": "UNITECH-EQ",
            "brokersymbol": "3594",
            "quantity": -2,
            "averagePrice": 6.46,
            "exchange": "NSE"
          },
          {
            "isin": "INF204KB14I2",
            "tradingsymbol": "NIFTYBEES-EQ",
            "brokersymbol": "10576",
            "quantity": -1,
            "averagePrice": 295.22,
            "exchange": "NSE"
          },
          {
            "isin": "INE219Y01026",
            "tradingsymbol": "RMDRIP-EQ",
            "brokersymbol": "757834",
            "quantity": -1,
            "averagePrice": 79.1,
            "exchange": "NSE"
          },
          {
            "isin": "INE528G01035",
            "tradingsymbol": "YESBANK-EQ",
            "brokersymbol": "11915",
            "quantity": -6,
            "averagePrice": 22.773333333333337,
            "exchange": "NSE"
          },
          {
            "isin": "INE806A01020",
            "tradingsymbol": "VIKASECO-EQ",
            "brokersymbol": "25756",
            "quantity": 4,
            "averagePrice": 1.6,
            "exchange": "NSE"
          },
          {
            "isin": "INF204KB17I5",
            "tradingsymbol": "GOLDBEES-EQ",
            "brokersymbol": "14428",
            "quantity": -1,
            "averagePrice": 101.62,
            "exchange": "NSE"
          },
          {
            "isin": "INE669E01016",
            "tradingsymbol": "IDEA-EQ",
            "brokersymbol": "14366",
            "quantity": -10,
            "averagePrice": 10.467,
            "exchange": "NSE"
          },
          {
            "isin": "INE221H01019",
            "tradingsymbol": "GTLINFRA-EQ",
            "brokersymbol": "13745",
            "quantity": 3,
            "averagePrice": 1.4100000000000001,
            "exchange": "NSE"
          }
        ]
      }
    },
    "userId": "69045647228214990ee7483a",
    "brokerFunctionLogId": "73362c86-2396-4260-930a-19b80d27f97a",
    "brokerApi": {
      "functionName": "Portfolio.liveHoldings",
      "brokerName": "hdfcsky"
    }
  },
  "reqId": "483498e0-c5e3-11f0-bcd3-515fe7353c87",
  "msg": "broker lib function response recieved",
  "time": "2025-11-20T07:34:01.082Z",
  "v": 0
},
{
  "name": "sc.service.sc-integrations-brokers-api",
  "version": "3.8.9",
  "hostname": "ip-10-137-1-157",
  "pid": 2399,
  "type": "SC_BROKER",
  "level": 30,
  "context": {
    "broker": "hdfcsky",
    "msg": "Successful request",
    "details": {
      "request": {
        "url": "https://developer.hdfcsky.com/oapi/v1/positions?api_key=1bc928ff1ce54970b0a2f2ae4740dc77&client_id=S2338362&type=historical",
        "method": "GET",
        "headers": {
          "Authorization": "REDACTED",
          "Content-Type": "application/json"
        },
        "timeout": 20000
      },
      "userId": "S2338362",
      "accessToken": "REDACTED",
      "response": {
        "statusCode": 200,
        "body": {
          "data": [
            {
              "ltp": 28.26,
              "other_margin": null,
              "sell_amount": 27.31,
              "exchange": "NSE",
              "net_quantity": 0,
              "token": "REDACTED",
              "average_price": 0,
              "client_id": "REDACTED",
              "cf_sell_average_price": 0,
              "cf_sell_quantity": 0,
              "pledged_quantity": 0,
              "cf_buy_quantity": 0,
              "cf_sell_amount": 0,
              "instrument_token": 11058,
              "previous_close": 23.55,
              "trading_symbol": "SECURKLOUD-EQ",
              "v_login_id": "S2338362",
              "pro_cli": "CLIENT",
              "display_symbol": "SECURKLOUD",
              "user_name": "REDACTED",
              "rmtm_sell_average_price": 27.31,
              "close_price": 0,
              "prod_type": 1,
              "multiplier": 1,
              "symbol": "SECURKLOUD",
              "sell_quantity": 1,
              "segment": "Capital",
              "buy_quantity": 1,
              "cf_buy_amount": 0,
              "cf_buy_average_price": 0,
              "net_amount": 0.7199999999999989,
              "series": "EQ",
              "average_sell_price": 27.31,
              "xe_uuid": "INE650K01021",
              "product": "CNC",
              "rmtm_buy_average_price": 26.59,
              "buy_amount": 26.59,
              "average_buy_price": 26.59,
              "realized_mtm": 0
            },
            {
              "ltp": 15.25,
              "other_margin": null,
              "sell_amount": 0,
              "exchange": "NSE",
              "net_quantity": 3,
              "token": "REDACTED",
              "average_price": 0,
              "client_id": "REDACTED",
              "cf_sell_average_price": 0,
              "cf_sell_quantity": 0,
              "pledged_quantity": 0,
              "cf_buy_quantity": 0,
              "cf_sell_amount": 0,
              "instrument_token": 13504,
              "previous_close": 15.14,
              "trading_symbol": "ALLCARGO-BE",
              "v_login_id": "S2338362",
              "pro_cli": "CLIENT",
              "display_symbol": "ALLCARGO",
              "user_name": "REDACTED",
              "rmtm_sell_average_price": 0,
              "close_price": 0,
              "prod_type": 1,
              "multiplier": 1,
              "symbol": "ALLCARGO",
              "sell_quantity": 0,
              "segment": "Capital",
              "buy_quantity": 3,
              "cf_buy_amount": 0,
              "cf_buy_average_price": 0,
              "net_amount": -47.67,
              "series": "BE",
              "average_sell_price": 0,
              "xe_uuid": "INE418H01029",
              "product": "CNC",
              "rmtm_buy_average_price": 15.89,
              "buy_amount": 47.67,
              "average_buy_price": 15.89,
              "realized_mtm": 0
            },
            {
              "ltp": 6.43,
              "other_margin": null,
              "sell_amount": 12.92,
              "exchange": "NSE",
              "net_quantity": -2,
              "token": "REDACTED",
              "average_price": 0,
              "client_id": "REDACTED",
              "cf_sell_average_price": 0,
              "cf_sell_quantity": 0,
              "pledged_quantity": 0,
              "cf_buy_quantity": 0,
              "cf_sell_amount": 0,
              "instrument_token": 3594,
              "previous_close": 6.45,
              "trading_symbol": "UNITECH-EQ",
              "v_login_id": "S2338362",
              "pro_cli": "CLIENT",
              "display_symbol": "UNITECH",
              "user_name": "REDACTED",
              "rmtm_sell_average_price": 6.46,
              "close_price": 0,
              "prod_type": 1,
              "multiplier": 1,
              "symbol": "UNITECH",
              "sell_quantity": 2,
              "segment": "Capital",
              "buy_quantity": 0,
              "cf_buy_amount": 0,
              "cf_buy_average_price": 0,
              "net_amount": 12.92,
              "series": "EQ",
              "average_sell_price": 6.46,
              "xe_uuid": "INE694A01020",
              "product": "CNC",
              "rmtm_buy_average_price": 0,
              "buy_amount": 0,
              "average_buy_price": 0,
              "realized_mtm": 0
            },
            {
              "ltp": 295.7,
              "other_margin": null,
              "sell_amount": 295.22,
              "exchange": "NSE",
              "net_quantity": -1,
              "token": "REDACTED",
              "average_price": 0,
              "client_id": "REDACTED",
              "cf_sell_average_price": 0,
              "cf_sell_quantity": 0,
              "pledged_quantity": 0,
              "cf_buy_quantity": 0,
              "cf_sell_amount": 0,
              "instrument_token": 10576,
              "previous_close": 294.37,
              "trading_symbol": "NIFTYBEES-EQ",
              "v_login_id": "S2338362",
              "pro_cli": "CLIENT",
              "display_symbol": "NIFTYBEES",
              "user_name": "REDACTED",
              "rmtm_sell_average_price": 295.22,
              "close_price": 0,
              "prod_type": 1,
              "multiplier": 1,
              "symbol": "NIFTYBEES",
              "sell_quantity": 1,
              "segment": "Capital",
              "buy_quantity": 0,
              "cf_buy_amount": 0,
              "cf_buy_average_price": 0,
              "net_amount": 295.22,
              "series": "EQ",
              "average_sell_price": 295.22,
              "xe_uuid": "INF204KB14I2",
              "product": "CNC",
              "rmtm_buy_average_price": 0,
              "buy_amount": 0,
              "average_buy_price": 0,
              "realized_mtm": 0
            },
            {
              "ltp": 79.38,
              "other_margin": null,
              "sell_amount": 79.1,
              "exchange": "NSE",
              "net_quantity": -1,
              "token": "REDACTED",
              "average_price": 0,
              "client_id": "REDACTED",
              "cf_sell_average_price": 0,
              "cf_sell_quantity": 0,
              "pledged_quantity": 0,
              "cf_buy_quantity": 0,
              "cf_sell_amount": 0,
              "instrument_token": 757834,
              "previous_close": 80.11,
              "trading_symbol": "RMDRIP-EQ",
              "v_login_id": "S2338362",
              "pro_cli": "CLIENT",
              "display_symbol": "RMDRIP",
              "user_name": "REDACTED",
              "rmtm_sell_average_price": 79.1,
              "close_price": 0,
              "prod_type": 1,
              "multiplier": 1,
              "symbol": "RMDRIP",
              "sell_quantity": 1,
              "segment": "Capital",
              "buy_quantity": 0,
              "cf_buy_amount": 0,
              "cf_buy_average_price": 0,
              "net_amount": 79.1,
              "series": "EQ",
              "average_sell_price": 79.1,
              "xe_uuid": "INE219Y01026",
              "product": "CNC",
              "rmtm_buy_average_price": 0,
              "buy_amount": 0,
              "average_buy_price": 0,
              "realized_mtm": 0
            },
            {
              "ltp": 22.75,
              "other_margin": null,
              "sell_amount": 136.64000000000001,
              "exchange": "NSE",
              "net_quantity": -6,
              "token": "REDACTED",
              "average_price": 0,
              "client_id": "REDACTED",
              "cf_sell_average_price": 0,
              "cf_sell_quantity": 0,
              "pledged_quantity": 0,
              "cf_buy_quantity": 0,
              "cf_sell_amount": 0,
              "instrument_token": 11915,
              "previous_close": 22.93,
              "trading_symbol": "YESBANK-EQ",
              "v_login_id": "S2338362",
              "pro_cli": "CLIENT",
              "display_symbol": "YESBANK",
              "user_name": "REDACTED",
              "rmtm_sell_average_price": 22.76,
              "close_price": 0,
              "prod_type": 1,
              "multiplier": 1,
              "symbol": "YESBANK",
              "sell_quantity": 6,
              "segment": "Capital",
              "buy_quantity": 0,
              "cf_buy_amount": 0,
              "cf_buy_average_price": 0,
              "net_amount": 136.64000000000001,
              "series": "EQ",
              "average_sell_price": 22.773333333333337,
              "xe_uuid": "INE528G01035",
              "product": "CNC",
              "rmtm_buy_average_price": 0,
              "buy_amount": 0,
              "average_buy_price": 0,
              "realized_mtm": 0
            },
            {
              "ltp": 1.6,
              "other_margin": null,
              "sell_amount": 0,
              "exchange": "NSE",
              "net_quantity": 4,
              "token": "REDACTED",
              "average_price": 0,
              "client_id": "REDACTED",
              "cf_sell_average_price": 0,
              "cf_sell_quantity": 0,
              "pledged_quantity": 0,
              "cf_buy_quantity": 0,
              "cf_sell_amount": 0,
              "instrument_token": 25756,
              "previous_close": 1.6,
              "trading_symbol": "VIKASECO-EQ",
              "v_login_id": "S2338362",
              "pro_cli": "CLIENT",
              "display_symbol": "VIKASECO",
              "user_name": "REDACTED",
              "rmtm_sell_average_price": 0,
              "close_price": 0,
              "prod_type": 1,
              "multiplier": 1,
              "symbol": "VIKASECO",
              "sell_quantity": 0,
              "segment": "Capital",
              "buy_quantity": 4,
              "cf_buy_amount": 0,
              "cf_buy_average_price": 0,
              "net_amount": -6.4,
              "series": "EQ",
              "average_sell_price": 0,
              "xe_uuid": "INE806A01020",
              "product": "CNC",
              "rmtm_buy_average_price": 1.6,
              "buy_amount": 6.4,
              "average_buy_price": 1.6,
              "realized_mtm": 0
            },
            {
              "ltp": 101.69,
              "other_margin": null,
              "sell_amount": 101.62,
              "exchange": "NSE",
              "net_quantity": -1,
              "token": "REDACTED",
              "average_price": 0,
              "client_id": "REDACTED",
              "cf_sell_average_price": 0,
              "cf_sell_quantity": 0,
              "pledged_quantity": 0,
              "cf_buy_quantity": 0,
              "cf_sell_amount": 0,
              "instrument_token": 14428,
              "previous_close": 102.23,
              "trading_symbol": "GOLDBEES-EQ",
              "v_login_id": "S2338362",
              "pro_cli": "CLIENT",
              "display_symbol": "GOLDBEES",
              "user_name": "REDACTED",
              "rmtm_sell_average_price": 101.62,
              "close_price": 0,
              "prod_type": 1,
              "multiplier": 1,
              "symbol": "GOLDBEES",
              "sell_quantity": 1,
              "segment": "Capital",
              "buy_quantity": 0,
              "cf_buy_amount": 0,
              "cf_buy_average_price": 0,
              "net_amount": 101.62,
              "series": "EQ",
              "average_sell_price": 101.62,
              "xe_uuid": "INF204KB17I5",
              "product": "CNC",
              "rmtm_buy_average_price": 0,
              "buy_amount": 0,
              "average_buy_price": 0,
              "realized_mtm": 0
            },
            {
              "ltp": 10.4,
              "other_margin": null,
              "sell_amount": 115.17,
              "exchange": "NSE",
              "net_quantity": -10,
              "token": "REDACTED",
              "average_price": 0,
              "client_id": "REDACTED",
              "cf_sell_average_price": 0,
              "cf_sell_quantity": 0,
              "pledged_quantity": 0,
              "cf_buy_quantity": 0,
              "cf_sell_amount": 0,
              "instrument_token": 14366,
              "previous_close": 10.69,
              "trading_symbol": "IDEA-EQ",
              "v_login_id": "S2338362",
              "pro_cli": "CLIENT",
              "display_symbol": "IDEA",
              "user_name": "REDACTED",
              "rmtm_sell_average_price": 10.47,
              "close_price": 0,
              "prod_type": 1,
              "multiplier": 1,
              "symbol": "IDEA",
              "sell_quantity": 11,
              "segment": "Capital",
              "buy_quantity": 1,
              "cf_buy_amount": 0,
              "cf_buy_average_price": 0,
              "net_amount": 104.67,
              "series": "EQ",
              "average_sell_price": 10.47,
              "xe_uuid": "INE669E01016",
              "product": "CNC",
              "rmtm_buy_average_price": 10.5,
              "buy_amount": 10.5,
              "average_buy_price": 10.5,
              "realized_mtm": 0
            },
            {
              "ltp": 1.39,
              "other_margin": null,
              "sell_amount": 9.67,
              "exchange": "NSE",
              "net_quantity": 3,
              "token": "REDACTED",
              "average_price": 0,
              "client_id": "REDACTED",
              "cf_sell_average_price": 0,
              "cf_sell_quantity": 0,
              "pledged_quantity": 0,
              "cf_buy_quantity": 0,
              "cf_sell_amount": 0,
              "instrument_token": 13745,
              "previous_close": 1.38,
              "trading_symbol": "GTLINFRA-EQ",
              "v_login_id": "S2338362",
              "pro_cli": "CLIENT",
              "display_symbol": "GTLINFRA",
              "user_name": "REDACTED",
              "rmtm_sell_average_price": 1.3814,
              "close_price": 0,
              "prod_type": 1,
              "multiplier": 1,
              "symbol": "GTLINFRA",
              "sell_quantity": 7,
              "segment": "Capital",
              "buy_quantity": 10,
              "cf_buy_amount": 0,
              "cf_buy_average_price": 0,
              "net_amount": -4.23,
              "series": "EQ",
              "average_sell_price": 1.3814285714285715,
              "xe_uuid": "INE221H01019",
              "product": "CNC",
              "rmtm_buy_average_price": 1.39,
              "buy_amount": 13.9,
              "average_buy_price": 1.3900000000000001,
              "realized_mtm": 0
            }
          ],
          "message": "",
          "status": "success"
        }
      },
      "responseString": {
        "data": [
          {
            "ltp": 28.26,
            "other_margin": null,
            "sell_amount": 27.31,
            "exchange": "NSE",
            "net_quantity": 0,
            "token": "REDACTED",
            "average_price": 0,
            "client_id": "REDACTED",
            "cf_sell_average_price": 0,
            "cf_sell_quantity": 0,
            "pledged_quantity": 0,
            "cf_buy_quantity": 0,
            "cf_sell_amount": 0,
            "instrument_token": 11058,
            "previous_close": 23.55,
            "trading_symbol": "SECURKLOUD-EQ",
            "v_login_id": "S2338362",
            "pro_cli": "CLIENT",
            "display_symbol": "SECURKLOUD",
            "user_name": "REDACTED",
            "rmtm_sell_average_price": 27.31,
            "close_price": 0,
            "prod_type": 1,
            "multiplier": 1,
            "symbol": "SECURKLOUD",
            "sell_quantity": 1,
            "segment": "Capital",
            "buy_quantity": 1,
            "cf_buy_amount": 0,
            "cf_buy_average_price": 0,
            "net_amount": 0.7199999999999989,
            "series": "EQ",
            "average_sell_price": 27.31,
            "xe_uuid": "INE650K01021",
            "product": "CNC",
            "rmtm_buy_average_price": 26.59,
            "buy_amount": 26.59,
            "average_buy_price": 26.59,
            "realized_mtm": 0
          },
          {
            "ltp": 15.25,
            "other_margin": null,
            "sell_amount": 0,
            "exchange": "NSE",
            "net_quantity": 3,
            "token": "REDACTED",
            "average_price": 0,
            "client_id": "REDACTED",
            "cf_sell_average_price": 0,
            "cf_sell_quantity": 0,
            "pledged_quantity": 0,
            "cf_buy_quantity": 0,
            "cf_sell_amount": 0,
            "instrument_token": 13504,
            "previous_close": 15.14,
            "trading_symbol": "ALLCARGO-BE",
            "v_login_id": "S2338362",
            "pro_cli": "CLIENT",
            "display_symbol": "ALLCARGO",
            "user_name": "REDACTED",
            "rmtm_sell_average_price": 0,
            "close_price": 0,
            "prod_type": 1,
            "multiplier": 1,
            "symbol": "ALLCARGO",
            "sell_quantity": 0,
            "segment": "Capital",
            "buy_quantity": 3,
            "cf_buy_amount": 0,
            "cf_buy_average_price": 0,
            "net_amount": -47.67,
            "series": "BE",
            "average_sell_price": 0,
            "xe_uuid": "INE418H01029",
            "product": "CNC",
            "rmtm_buy_average_price": 15.89,
            "buy_amount": 47.67,
            "average_buy_price": 15.89,
            "realized_mtm": 0
          },
          {
            "ltp": 6.43,
            "other_margin": null,
            "sell_amount": 12.92,
            "exchange": "NSE",
            "net_quantity": -2,
            "token": "REDACTED",
            "average_price": 0,
            "client_id": "REDACTED",
            "cf_sell_average_price": 0,
            "cf_sell_quantity": 0,
            "pledged_quantity": 0,
            "cf_buy_quantity": 0,
            "cf_sell_amount": 0,
            "instrument_token": 3594,
            "previous_close": 6.45,
            "trading_symbol": "UNITECH-EQ",
            "v_login_id": "S2338362",
            "pro_cli": "CLIENT",
            "display_symbol": "UNITECH",
            "user_name": "REDACTED",
            "rmtm_sell_average_price": 6.46,
            "close_price": 0,
            "prod_type": 1,
            "multiplier": 1,
            "symbol": "UNITECH",
            "sell_quantity": 2,
            "segment": "Capital",
            "buy_quantity": 0,
            "cf_buy_amount": 0,
            "cf_buy_average_price": 0,
            "net_amount": 12.92,
            "series": "EQ",
            "average_sell_price": 6.46,
            "xe_uuid": "INE694A01020",
            "product": "CNC",
            "rmtm_buy_average_price": 0,
            "buy_amount": 0,
            "average_buy_price": 0,
            "realized_mtm": 0
          },
          {
            "ltp": 295.7,
            "other_margin": null,
            "sell_amount": 295.22,
            "exchange": "NSE",
            "net_quantity": -1,
            "token": "REDACTED",
            "average_price": 0,
            "client_id": "REDACTED",
            "cf_sell_average_price": 0,
            "cf_sell_quantity": 0,
            "pledged_quantity": 0,
            "cf_buy_quantity": 0,
            "cf_sell_amount": 0,
            "instrument_token": 10576,
            "previous_close": 294.37,
            "trading_symbol": "NIFTYBEES-EQ",
            "v_login_id": "S2338362",
            "pro_cli": "CLIENT",
            "display_symbol": "NIFTYBEES",
            "user_name": "REDACTED",
            "rmtm_sell_average_price": 295.22,
            "close_price": 0,
            "prod_type": 1,
            "multiplier": 1,
            "symbol": "NIFTYBEES",
            "sell_quantity": 1,
            "segment": "Capital",
            "buy_quantity": 0,
            "cf_buy_amount": 0,
            "cf_buy_average_price": 0,
            "net_amount": 295.22,
            "series": "EQ",
            "average_sell_price": 295.22,
            "xe_uuid": "INF204KB14I2",
            "product": "CNC",
            "rmtm_buy_average_price": 0,
            "buy_amount": 0,
            "average_buy_price": 0,
            "realized_mtm": 0
          },
          {
            "ltp": 79.38,
            "other_margin": null,
            "sell_amount": 79.1,
            "exchange": "NSE",
            "net_quantity": -1,
            "token": "REDACTED",
            "average_price": 0,
            "client_id": "REDACTED",
            "cf_sell_average_price": 0,
            "cf_sell_quantity": 0,
            "pledged_quantity": 0,
            "cf_buy_quantity": 0,
            "cf_sell_amount": 0,
            "instrument_token": 757834,
            "previous_close": 80.11,
            "trading_symbol": "RMDRIP-EQ",
            "v_login_id": "S2338362",
            "pro_cli": "CLIENT",
            "display_symbol": "RMDRIP",
            "user_name": "REDACTED",
            "rmtm_sell_average_price": 79.1,
            "close_price": 0,
            "prod_type": 1,
            "multiplier": 1,
            "symbol": "RMDRIP",
            "sell_quantity": 1,
            "segment": "Capital",
            "buy_quantity": 0,
            "cf_buy_amount": 0,
            "cf_buy_average_price": 0,
            "net_amount": 79.1,
            "series": "EQ",
            "average_sell_price": 79.1,
            "xe_uuid": "INE219Y01026",
            "product": "CNC",
            "rmtm_buy_average_price": 0,
            "buy_amount": 0,
            "average_buy_price": 0,
            "realized_mtm": 0
          },
          {
            "ltp": 22.75,
            "other_margin": null,
            "sell_amount": 136.64000000000001,
            "exchange": "NSE",
            "net_quantity": -6,
            "token": "REDACTED",
            "average_price": 0,
            "client_id": "REDACTED",
            "cf_sell_average_price": 0,
            "cf_sell_quantity": 0,
            "pledged_quantity": 0,
            "cf_buy_quantity": 0,
            "cf_sell_amount": 0,
            "instrument_token": 11915,
            "previous_close": 22.93,
            "trading_symbol": "YESBANK-EQ",
            "v_login_id": "S2338362",
            "pro_cli": "CLIENT",
            "display_symbol": "YESBANK",
            "user_name": "REDACTED",
            "rmtm_sell_average_price": 22.76,
            "close_price": 0,
            "prod_type": 1,
            "multiplier": 1,
            "symbol": "YESBANK",
            "sell_quantity": 6,
            "segment": "Capital",
            "buy_quantity": 0,
            "cf_buy_amount": 0,
            "cf_buy_average_price": 0,
            "net_amount": 136.64000000000001,
            "series": "EQ",
            "average_sell_price": 22.773333333333337,
            "xe_uuid": "INE528G01035",
            "product": "CNC",
            "rmtm_buy_average_price": 0,
            "buy_amount": 0,
            "average_buy_price": 0,
            "realized_mtm": 0
          },
          {
            "ltp": 1.6,
            "other_margin": null,
            "sell_amount": 0,
            "exchange": "NSE",
            "net_quantity": 4,
            "token": "REDACTED",
            "average_price": 0,
            "client_id": "REDACTED",
            "cf_sell_average_price": 0,
            "cf_sell_quantity": 0,
            "pledged_quantity": 0,
            "cf_buy_quantity": 0,
            "cf_sell_amount": 0,
            "instrument_token": 25756,
            "previous_close": 1.6,
            "trading_symbol": "VIKASECO-EQ",
            "v_login_id": "S2338362",
            "pro_cli": "CLIENT",
            "display_symbol": "VIKASECO",
            "user_name": "REDACTED",
            "rmtm_sell_average_price": 0,
            "close_price": 0,
            "prod_type": 1,
            "multiplier": 1,
            "symbol": "VIKASECO",
            "sell_quantity": 0,
            "segment": "Capital",
            "buy_quantity": 4,
            "cf_buy_amount": 0,
            "cf_buy_average_price": 0,
            "net_amount": -6.4,
            "series": "EQ",
            "average_sell_price": 0,
            "xe_uuid": "INE806A01020",
            "product": "CNC",
            "rmtm_buy_average_price": 1.6,
            "buy_amount": 6.4,
            "average_buy_price": 1.6,
            "realized_mtm": 0
          },
          {
            "ltp": 101.69,
            "other_margin": null,
            "sell_amount": 101.62,
            "exchange": "NSE",
            "net_quantity": -1,
            "token": "REDACTED",
            "average_price": 0,
            "client_id": "REDACTED",
            "cf_sell_average_price": 0,
            "cf_sell_quantity": 0,
            "pledged_quantity": 0,
            "cf_buy_quantity": 0,
            "cf_sell_amount": 0,
            "instrument_token": 14428,
            "previous_close": 102.23,
            "trading_symbol": "GOLDBEES-EQ",
            "v_login_id": "S2338362",
            "pro_cli": "CLIENT",
            "display_symbol": "GOLDBEES",
            "user_name": "REDACTED",
            "rmtm_sell_average_price": 101.62,
            "close_price": 0,
            "prod_type": 1,
            "multiplier": 1,
            "symbol": "GOLDBEES",
            "sell_quantity": 1,
            "segment": "Capital",
            "buy_quantity": 0,
            "cf_buy_amount": 0,
            "cf_buy_average_price": 0,
            "net_amount": 101.62,
            "series": "EQ",
            "average_sell_price": 101.62,
            "xe_uuid": "INF204KB17I5",
            "product": "CNC",
            "rmtm_buy_average_price": 0,
            "buy_amount": 0,
            "average_buy_price": 0,
            "realized_mtm": 0
          },
          {
            "ltp": 10.4,
            "other_margin": null,
            "sell_amount": 115.17,
            "exchange": "NSE",
            "net_quantity": -10,
            "token": "REDACTED",
            "average_price": 0,
            "client_id": "REDACTED",
            "cf_sell_average_price": 0,
            "cf_sell_quantity": 0,
            "pledged_quantity": 0,
            "cf_buy_quantity": 0,
            "cf_sell_amount": 0,
            "instrument_token": 14366,
            "previous_close": 10.69,
            "trading_symbol": "IDEA-EQ",
            "v_login_id": "S2338362",
            "pro_cli": "CLIENT",
            "display_symbol": "IDEA",
            "user_name": "REDACTED",
            "rmtm_sell_average_price": 10.47,
            "close_price": 0,
            "prod_type": 1,
            "multiplier": 1,
            "symbol": "IDEA",
            "sell_quantity": 11,
            "segment": "Capital",
            "buy_quantity": 1,
            "cf_buy_amount": 0,
            "cf_buy_average_price": 0,
            "net_amount": 104.67,
            "series": "EQ",
            "average_sell_price": 10.47,
            "xe_uuid": "INE669E01016",
            "product": "CNC",
            "rmtm_buy_average_price": 10.5,
            "buy_amount": 10.5,
            "average_buy_price": 10.5,
            "realized_mtm": 0
          },
          {
            "ltp": 1.39,
            "other_margin": null,
            "sell_amount": 9.67,
            "exchange": "NSE",
            "net_quantity": 3,
            "token": "REDACTED",
            "average_price": 0,
            "client_id": "REDACTED",
            "cf_sell_average_price": 0,
            "cf_sell_quantity": 0,
            "pledged_quantity": 0,
            "cf_buy_quantity": 0,
            "cf_sell_amount": 0,
            "instrument_token": 13745,
            "previous_close": 1.38,
            "trading_symbol": "GTLINFRA-EQ",
            "v_login_id": "S2338362",
            "pro_cli": "CLIENT",
            "display_symbol": "GTLINFRA",
            "user_name": "REDACTED",
            "rmtm_sell_average_price": 1.3814,
            "close_price": 0,
            "prod_type": 1,
            "multiplier": 1,
            "symbol": "GTLINFRA",
            "sell_quantity": 7,
            "segment": "Capital",
            "buy_quantity": 10,
            "cf_buy_amount": 0,
            "cf_buy_average_price": 0,
            "net_amount": -4.23,
            "series": "EQ",
            "average_sell_price": 1.3814285714285715,
            "xe_uuid": "INE221H01019",
            "product": "CNC",
            "rmtm_buy_average_price": 1.39,
            "buy_amount": 13.9,
            "average_buy_price": 1.3900000000000001,
            "realized_mtm": 0
          }
        ],
        "message": "",
        "status": "success"
      }
    },
    "userId": "69045647228214990ee7483a",
    "brokerFunctionLogId": "73362c86-2396-4260-930a-19b80d27f97a",
    "functionName": "Portfolio.liveHoldings",
    "brokerName": "hdfcsky"
  },
  "reqId": "483498e0-c5e3-11f0-bcd3-515fe7353c87",
  "msg": "",
  "time": "2025-11-20T07:34:01.064Z",
  "v": 0
},
{
  "name": "sc.service.sc-integrations-brokers-api",
  "version": "3.8.9",
  "hostname": "ip-10-137-1-157",
  "pid": 2399,
  "type": "SC_BROKER",
  "level": 30,
  "context": {
    "broker": "hdfcsky",
    "msg": "Successful request",
    "details": {
      "request": {
        "url": "https://developer.hdfcsky.com/oapi/v1/holdings?api_key=1bc928ff1ce54970b0a2f2ae4740dc77&client_id=S2338362",
        "method": "GET",
        "headers": {
          "Authorization": "REDACTED",
          "Content-Type": "application/json"
        },
        "timeout": 20000
      },
      "userId": "S2338362",
      "accessToken": "REDACTED",
      "response": {
        "statusCode": 200,
        "body": {
          "data": {
            "holdings": [
              {
                "branch_code": "",
                "t0_price": 0,
                "today_unpledge_quantity": 0,
                "used_quantity": 0,
                "exchange": "NSE",
                "pledge_value": 0,
                "transaction_type": "",
                "actual_buy_avg": 2.03,
                "isin": "INE161L01027",
                "pms_quantity": 20,
                "squared_off_free_quantity": 0,
                "quantity": 20,
                "trading_symbol": "VIKASLIFE",
                "free_quantity": 9,
                "t0_quantity": 0,
                "symbol": "VIKASLIFE",
                "t1_quantity": 0,
                "instrument_details": {
                  "exchange": 1,
                  "instrument_name": "EQ",
                  "instrument_token": 9931,
                  "trading_symbol": "VIKASLIFE-EQ"
                },
                "previous_close": 1.96,
                "t1_price": 0,
                "t2_price": 0,
                "squared_off_pledge_quantity": 0,
                "pledge_quantity": 0,
                "buy_avg": 2.03,
                "pledge_percentage": 0,
                "net_holding_quantity": 20,
                "token": "REDACTED",
                "t2_quantity": 0,
                "client_id": "REDACTED",
                "pledge_allow": false,
                "ltp": 1.94,
                "pending_quantity": 11,
                "today_pledge_quantity": 0,
                "buy_avg_mtm": -0.40000000000000036
              },
              {
                "branch_code": "",
                "t0_price": 0,
                "today_unpledge_quantity": 0,
                "used_quantity": 1,
                "exchange": "NSE",
                "pledge_value": 0,
                "transaction_type": "",
                "actual_buy_avg": 81.04,
                "isin": "INE219Y01026",
                "pms_quantity": 1,
                "squared_off_free_quantity": 1,
                "quantity": 1,
                "trading_symbol": "RMDRIP",
                "free_quantity": 0,
                "t0_quantity": 0,
                "symbol": "RMDRIP",
                "t1_quantity": 0,
                "instrument_details": {
                  "exchange": 1,
                  "instrument_name": "EQ",
                  "instrument_token": 757834,
                  "trading_symbol": "RMDRIP-EQ"
                },
                "previous_close": 80.11,
                "t1_price": 0,
                "t2_price": 0,
                "squared_off_pledge_quantity": 0,
                "pledge_quantity": 0,
                "buy_avg": 81.04,
                "pledge_percentage": 0,
                "net_holding_quantity": 1,
                "token": "REDACTED",
                "t2_quantity": 0,
                "client_id": "REDACTED",
                "pledge_allow": false,
                "ltp": 79.38,
                "pending_quantity": 1,
                "today_pledge_quantity": 0,
                "buy_avg_mtm": -0.730000000000004
              },
              {
                "branch_code": "",
                "t0_price": 0,
                "today_unpledge_quantity": 0,
                "used_quantity": 0,
                "exchange": "NSE",
                "pledge_value": 0,
                "transaction_type": "",
                "actual_buy_avg": 1.48,
                "isin": "INE221H01019",
                "pms_quantity": 26,
                "squared_off_free_quantity": 6,
                "quantity": 26,
                "trading_symbol": "GTLINFRA",
                "free_quantity": 25,
                "t0_quantity": 0,
                "symbol": "GTLINFRA",
                "t1_quantity": 0,
                "instrument_details": {
                  "exchange": 1,
                  "instrument_name": "EQ",
                  "instrument_token": 13745,
                  "trading_symbol": "GTLINFRA-EQ"
                },
                "previous_close": 1.38,
                "t1_price": 0,
                "t2_price": 0,
                "squared_off_pledge_quantity": 0,
                "pledge_quantity": 0,
                "buy_avg": 1.48,
                "pledge_percentage": 0,
                "net_holding_quantity": 26,
                "token": "REDACTED",
                "t2_quantity": 0,
                "client_id": "REDACTED",
                "pledge_allow": false,
                "ltp": 1.39,
                "pending_quantity": 1,
                "today_pledge_quantity": 0,
                "buy_avg_mtm": 0.26000000000000023
              },
              {
                "branch_code": "",
                "t0_price": 0,
                "today_unpledge_quantity": 0,
                "used_quantity": 0,
                "exchange": "NSE",
                "pledge_value": 0,
                "transaction_type": "",
                "actual_buy_avg": 19.84,
                "isin": "INE483S01020",
                "pms_quantity": 2,
                "squared_off_free_quantity": 0,
                "quantity": 2,
                "trading_symbol": "INFIBEAM",
                "free_quantity": 2,
                "t0_quantity": 0,
                "symbol": "INFIBEAM",
                "t1_quantity": 0,
                "instrument_details": {
                  "exchange": 1,
                  "instrument_name": "EQ",
                  "instrument_token": 16249,
                  "trading_symbol": "INFIBEAM-EQ"
                },
                "previous_close": 20.12,
                "t1_price": 0,
                "t2_price": 0,
                "squared_off_pledge_quantity": 0,
                "pledge_quantity": 0,
                "buy_avg": 19.84,
                "pledge_percentage": 0,
                "net_holding_quantity": 2,
                "token": "REDACTED",
                "t2_quantity": 0,
                "client_id": "REDACTED",
                "pledge_allow": false,
                "ltp": 19.38,
                "pending_quantity": 0,
                "today_pledge_quantity": 0,
                "buy_avg_mtm": -1.480000000000004
              },
              {
                "branch_code": "",
                "t0_price": 0,
                "today_unpledge_quantity": 0,
                "used_quantity": 6,
                "exchange": "NSE",
                "pledge_value": 0,
                "transaction_type": "",
                "actual_buy_avg": 23.41,
                "isin": "INE528G01035",
                "pms_quantity": 6,
                "squared_off_free_quantity": 6,
                "quantity": 6,
                "trading_symbol": "YESBANK",
                "free_quantity": 4,
                "t0_quantity": 0,
                "symbol": "YESBANK",
                "t1_quantity": 0,
                "instrument_details": {
                  "exchange": 1,
                  "instrument_name": "EQ",
                  "instrument_token": 11915,
                  "trading_symbol": "YESBANK-EQ"
                },
                "previous_close": 22.93,
                "t1_price": 0,
                "t2_price": 0,
                "squared_off_pledge_quantity": 0,
                "pledge_quantity": 0,
                "buy_avg": 23.41,
                "pledge_percentage": 70,
                "net_holding_quantity": 6,
                "token": "REDACTED",
                "t2_quantity": 0,
                "client_id": "REDACTED",
                "pledge_allow": true,
                "ltp": 22.75,
                "pending_quantity": 2,
                "today_pledge_quantity": 0,
                "buy_avg_mtm": -1.0799999999999983
              },
              {
                "branch_code": "",
                "t0_price": 0,
                "today_unpledge_quantity": 0,
                "used_quantity": 10,
                "exchange": "NSE",
                "pledge_value": 0,
                "transaction_type": "",
                "actual_buy_avg": 10.55,
                "isin": "INE669E01016",
                "pms_quantity": 11,
                "squared_off_free_quantity": 10,
                "quantity": 11,
                "trading_symbol": "IDEA",
                "free_quantity": 11,
                "t0_quantity": 0,
                "symbol": "IDEA",
                "t1_quantity": 0,
                "instrument_details": {
                  "exchange": 1,
                  "instrument_name": "EQ",
                  "instrument_token": 14366,
                  "trading_symbol": "IDEA-EQ"
                },
                "previous_close": 10.69,
                "t1_price": 0,
                "t2_price": 0,
                "squared_off_pledge_quantity": 0,
                "pledge_quantity": 0,
                "buy_avg": 10.55,
                "pledge_percentage": 70,
                "net_holding_quantity": 11,
                "token": "REDACTED",
                "t2_quantity": 0,
                "client_id": "REDACTED",
                "pledge_allow": true,
                "ltp": 10.37,
                "pending_quantity": 0,
                "today_pledge_quantity": 0,
                "buy_avg_mtm": -3.520000000000003
              },
              {
                "branch_code": "",
                "t0_price": 0,
                "today_unpledge_quantity": 0,
                "used_quantity": 2,
                "exchange": "NSE",
                "pledge_value": 0,
                "transaction_type": "",
                "actual_buy_avg": 7.48,
                "isin": "INE694A01020",
                "pms_quantity": 4,
                "squared_off_free_quantity": 2,
                "quantity": 4,
                "trading_symbol": "UNITECH",
                "free_quantity": 4,
                "t0_quantity": 0,
                "symbol": "UNITECH",
                "t1_quantity": 0,
                "instrument_details": {
                  "exchange": 1,
                  "instrument_name": "EQ",
                  "instrument_token": 3594,
                  "trading_symbol": "UNITECH-EQ"
                },
                "previous_close": 6.45,
                "t1_price": 0,
                "t2_price": 0,
                "squared_off_pledge_quantity": 0,
                "pledge_quantity": 0,
                "buy_avg": 7.48,
                "pledge_percentage": 0,
                "net_holding_quantity": 4,
                "token": "REDACTED",
                "t2_quantity": 0,
                "client_id": "REDACTED",
                "pledge_allow": false,
                "ltp": 6.43,
                "pending_quantity": 0,
                "today_pledge_quantity": 0,
                "buy_avg_mtm": -0.08000000000000185
              },
              {
                "branch_code": "",
                "t0_price": 0,
                "today_unpledge_quantity": 0,
                "used_quantity": 0,
                "exchange": "NSE",
                "pledge_value": 0,
                "transaction_type": "",
                "actual_buy_avg": 1.71,
                "isin": "INE806A01020",
                "pms_quantity": 2,
                "squared_off_free_quantity": 0,
                "quantity": 2,
                "trading_symbol": "VIKASECO",
                "free_quantity": 2,
                "t0_quantity": 0,
                "symbol": "VIKASECO",
                "t1_quantity": 0,
                "instrument_details": {
                  "exchange": 1,
                  "instrument_name": "EQ",
                  "instrument_token": 25756,
                  "trading_symbol": "VIKASECO-EQ"
                },
                "previous_close": 1.6,
                "t1_price": 0,
                "t2_price": 0,
                "squared_off_pledge_quantity": 0,
                "pledge_quantity": 0,
                "buy_avg": 1.71,
                "pledge_percentage": 0,
                "net_holding_quantity": 2,
                "token": "REDACTED",
                "t2_quantity": 0,
                "client_id": "REDACTED",
                "pledge_allow": false,
                "ltp": 1.6,
                "pending_quantity": 0,
                "today_pledge_quantity": 0,
                "buy_avg_mtm": 0
              },
              {
                "branch_code": "",
                "t0_price": 0,
                "today_unpledge_quantity": 0,
                "used_quantity": 1,
                "exchange": "NSE",
                "pledge_value": 0,
                "transaction_type": "",
                "actual_buy_avg": 293.52,
                "isin": "INF204KB14I2",
                "pms_quantity": 1,
                "squared_off_free_quantity": 1,
                "quantity": 1,
                "trading_symbol": "NIFTYBEES",
                "free_quantity": 1,
                "t0_quantity": 0,
                "symbol": "NIFTYBEES",
                "t1_quantity": 0,
                "instrument_details": {
                  "exchange": 1,
                  "instrument_name": "EQ",
                  "instrument_token": 10576,
                  "trading_symbol": "NIFTYBEES-EQ"
                },
                "previous_close": 294.37,
                "t1_price": 0,
                "t2_price": 0,
                "squared_off_pledge_quantity": 0,
                "pledge_quantity": 0,
                "buy_avg": 293.52,
                "pledge_percentage": 80,
                "net_holding_quantity": 1,
                "token": "REDACTED",
                "t2_quantity": 0,
                "client_id": "REDACTED",
                "pledge_allow": true,
                "ltp": 295.7,
                "pending_quantity": 0,
                "today_pledge_quantity": 0,
                "buy_avg_mtm": 1.329999999999984
              },
              {
                "branch_code": "",
                "t0_price": 0,
                "today_unpledge_quantity": 0,
                "used_quantity": 1,
                "exchange": "NSE",
                "pledge_value": 0,
                "transaction_type": "",
                "actual_buy_avg": 100.28,
                "isin": "INF204KB17I5",
                "pms_quantity": 1,
                "squared_off_free_quantity": 1,
                "quantity": 1,
                "trading_symbol": "GOLDBEES",
                "free_quantity": 1,
                "t0_quantity": 0,
                "symbol": "GOLDBEES",
                "t1_quantity": 0,
                "instrument_details": {
                  "exchange": 1,
                  "instrument_name": "EQ",
                  "instrument_token": 14428,
                  "trading_symbol": "GOLDBEES-EQ"
                },
                "previous_close": 102.23,
                "t1_price": 0,
                "t2_price": 0,
                "squared_off_pledge_quantity": 0,
                "pledge_quantity": 0,
                "buy_avg": 100.28,
                "pledge_percentage": 65,
                "net_holding_quantity": 1,
                "token": "REDACTED",
                "t2_quantity": 0,
                "client_id": "REDACTED",
                "pledge_allow": true,
                "ltp": 101.69,
                "pending_quantity": 0,
                "today_pledge_quantity": 0,
                "buy_avg_mtm": -0.5400000000000063
              }
            ]
          },
          "message": "",
          "status": "success"
        }
      },
      "responseString": {
        "data": {
          "holdings": [
            {
              "branch_code": "",
              "t0_price": 0,
              "today_unpledge_quantity": 0,
              "used_quantity": 0,
              "exchange": "NSE",
              "pledge_value": 0,
              "transaction_type": "",
              "actual_buy_avg": 2.03,
              "isin": "INE161L01027",
              "pms_quantity": 20,
              "squared_off_free_quantity": 0,
              "quantity": 20,
              "trading_symbol": "VIKASLIFE",
              "free_quantity": 9,
              "t0_quantity": 0,
              "symbol": "VIKASLIFE",
              "t1_quantity": 0,
              "instrument_details": {
                "exchange": 1,
                "instrument_name": "EQ",
                "instrument_token": 9931,
                "trading_symbol": "VIKASLIFE-EQ"
              },
              "previous_close": 1.96,
              "t1_price": 0,
              "t2_price": 0,
              "squared_off_pledge_quantity": 0,
              "pledge_quantity": 0,
              "buy_avg": 2.03,
              "pledge_percentage": 0,
              "net_holding_quantity": 20,
              "token": "REDACTED",
              "t2_quantity": 0,
              "client_id": "REDACTED",
              "pledge_allow": false,
              "ltp": 1.94,
              "pending_quantity": 11,
              "today_pledge_quantity": 0,
              "buy_avg_mtm": -0.40000000000000036
            },
            {
              "branch_code": "",
              "t0_price": 0,
              "today_unpledge_quantity": 0,
              "used_quantity": 1,
              "exchange": "NSE",
              "pledge_value": 0,
              "transaction_type": "",
              "actual_buy_avg": 81.04,
              "isin": "INE219Y01026",
              "pms_quantity": 1,
              "squared_off_free_quantity": 1,
              "quantity": 1,
              "trading_symbol": "RMDRIP",
              "free_quantity": 0,
              "t0_quantity": 0,
              "symbol": "RMDRIP",
              "t1_quantity": 0,
              "instrument_details": {
                "exchange": 1,
                "instrument_name": "EQ",
                "instrument_token": 757834,
                "trading_symbol": "RMDRIP-EQ"
              },
              "previous_close": 80.11,
              "t1_price": 0,
              "t2_price": 0,
              "squared_off_pledge_quantity": 0,
              "pledge_quantity": 0,
              "buy_avg": 81.04,
              "pledge_percentage": 0,
              "net_holding_quantity": 1,
              "token": "REDACTED",
              "t2_quantity": 0,
              "client_id": "REDACTED",
              "pledge_allow": false,
              "ltp": 79.38,
              "pending_quantity": 1,
              "today_pledge_quantity": 0,
              "buy_avg_mtm": -0.730000000000004
            },
            {
              "branch_code": "",
              "t0_price": 0,
              "today_unpledge_quantity": 0,
              "used_quantity": 0,
              "exchange": "NSE",
              "pledge_value": 0,
              "transaction_type": "",
              "actual_buy_avg": 1.48,
              "isin": "INE221H01019",
              "pms_quantity": 26,
              "squared_off_free_quantity": 6,
              "quantity": 26,
              "trading_symbol": "GTLINFRA",
              "free_quantity": 25,
              "t0_quantity": 0,
              "symbol": "GTLINFRA",
              "t1_quantity": 0,
              "instrument_details": {
                "exchange": 1,
                "instrument_name": "EQ",
                "instrument_token": 13745,
                "trading_symbol": "GTLINFRA-EQ"
              },
              "previous_close": 1.38,
              "t1_price": 0,
              "t2_price": 0,
              "squared_off_pledge_quantity": 0,
              "pledge_quantity": 0,
              "buy_avg": 1.48,
              "pledge_percentage": 0,
              "net_holding_quantity": 26,
              "token": "REDACTED",
              "t2_quantity": 0,
              "client_id": "REDACTED",
              "pledge_allow": false,
              "ltp": 1.39,
              "pending_quantity": 1,
              "today_pledge_quantity": 0,
              "buy_avg_mtm": 0.26000000000000023
            },
            {
              "branch_code": "",
              "t0_price": 0,
              "today_unpledge_quantity": 0,
              "used_quantity": 0,
              "exchange": "NSE",
              "pledge_value": 0,
              "transaction_type": "",
              "actual_buy_avg": 19.84,
              "isin": "INE483S01020",
              "pms_quantity": 2,
              "squared_off_free_quantity": 0,
              "quantity": 2,
              "trading_symbol": "INFIBEAM",
              "free_quantity": 2,
              "t0_quantity": 0,
              "symbol": "INFIBEAM",
              "t1_quantity": 0,
              "instrument_details": {
                "exchange": 1,
                "instrument_name": "EQ",
                "instrument_token": 16249,
                "trading_symbol": "INFIBEAM-EQ"
              },
              "previous_close": 20.12,
              "t1_price": 0,
              "t2_price": 0,
              "squared_off_pledge_quantity": 0,
              "pledge_quantity": 0,
              "buy_avg": 19.84,
              "pledge_percentage": 0,
              "net_holding_quantity": 2,
              "token": "REDACTED",
              "t2_quantity": 0,
              "client_id": "REDACTED",
              "pledge_allow": false,
              "ltp": 19.38,
              "pending_quantity": 0,
              "today_pledge_quantity": 0,
              "buy_avg_mtm": -1.480000000000004
            },
            {
              "branch_code": "",
              "t0_price": 0,
              "today_unpledge_quantity": 0,
              "used_quantity": 6,
              "exchange": "NSE",
              "pledge_value": 0,
              "transaction_type": "",
              "actual_buy_avg": 23.41,
              "isin": "INE528G01035",
              "pms_quantity": 6,
              "squared_off_free_quantity": 6,
              "quantity": 6,
              "trading_symbol": "YESBANK",
              "free_quantity": 4,
              "t0_quantity": 0,
              "symbol": "YESBANK",
              "t1_quantity": 0,
              "instrument_details": {
                "exchange": 1,
                "instrument_name": "EQ",
                "instrument_token": 11915,
                "trading_symbol": "YESBANK-EQ"
              },
              "previous_close": 22.93,
              "t1_price": 0,
              "t2_price": 0,
              "squared_off_pledge_quantity": 0,
              "pledge_quantity": 0,
              "buy_avg": 23.41,
              "pledge_percentage": 70,
              "net_holding_quantity": 6,
              "token": "REDACTED",
              "t2_quantity": 0,
              "client_id": "REDACTED",
              "pledge_allow": true,
              "ltp": 22.75,
              "pending_quantity": 2,
              "today_pledge_quantity": 0,
              "buy_avg_mtm": -1.0799999999999983
            },
            {
              "branch_code": "",
              "t0_price": 0,
              "today_unpledge_quantity": 0,
              "used_quantity": 10,
              "exchange": "NSE",
              "pledge_value": 0,
              "transaction_type": "",
              "actual_buy_avg": 10.55,
              "isin": "INE669E01016",
              "pms_quantity": 11,
              "squared_off_free_quantity": 10,
              "quantity": 11,
              "trading_symbol": "IDEA",
              "free_quantity": 11,
              "t0_quantity": 0,
              "symbol": "IDEA",
              "t1_quantity": 0,
              "instrument_details": {
                "exchange": 1,
                "instrument_name": "EQ",
                "instrument_token": 14366,
                "trading_symbol": "IDEA-EQ"
              },
              "previous_close": 10.69,
              "t1_price": 0,
              "t2_price": 0,
              "squared_off_pledge_quantity": 0,
              "pledge_quantity": 0,
              "buy_avg": 10.55,
              "pledge_percentage": 70,
              "net_holding_quantity": 11,
              "token": "REDACTED",
              "t2_quantity": 0,
              "client_id": "REDACTED",
              "pledge_allow": true,
              "ltp": 10.37,
              "pending_quantity": 0,
              "today_pledge_quantity": 0,
              "buy_avg_mtm": -3.520000000000003
            },
            {
              "branch_code": "",
              "t0_price": 0,
              "today_unpledge_quantity": 0,
              "used_quantity": 2,
              "exchange": "NSE",
              "pledge_value": 0,
              "transaction_type": "",
              "actual_buy_avg": 7.48,
              "isin": "INE694A01020",
              "pms_quantity": 4,
              "squared_off_free_quantity": 2,
              "quantity": 4,
              "trading_symbol": "UNITECH",
              "free_quantity": 4,
              "t0_quantity": 0,
              "symbol": "UNITECH",
              "t1_quantity": 0,
              "instrument_details": {
                "exchange": 1,
                "instrument_name": "EQ",
                "instrument_token": 3594,
                "trading_symbol": "UNITECH-EQ"
              },
              "previous_close": 6.45,
              "t1_price": 0,
              "t2_price": 0,
              "squared_off_pledge_quantity": 0,
              "pledge_quantity": 0,
              "buy_avg": 7.48,
              "pledge_percentage": 0,
              "net_holding_quantity": 4,
              "token": "REDACTED",
              "t2_quantity": 0,
              "client_id": "REDACTED",
              "pledge_allow": false,
              "ltp": 6.43,
              "pending_quantity": 0,
              "today_pledge_quantity": 0,
              "buy_avg_mtm": -0.08000000000000185
            },
            {
              "branch_code": "",
              "t0_price": 0,
              "today_unpledge_quantity": 0,
              "used_quantity": 0,
              "exchange": "NSE",
              "pledge_value": 0,
              "transaction_type": "",
              "actual_buy_avg": 1.71,
              "isin": "INE806A01020",
              "pms_quantity": 2,
              "squared_off_free_quantity": 0,
              "quantity": 2,
              "trading_symbol": "VIKASECO",
              "free_quantity": 2,
              "t0_quantity": 0,
              "symbol": "VIKASECO",
              "t1_quantity": 0,
              "instrument_details": {
                "exchange": 1,
                "instrument_name": "EQ",
                "instrument_token": 25756,
                "trading_symbol": "VIKASECO-EQ"
              },
              "previous_close": 1.6,
              "t1_price": 0,
              "t2_price": 0,
              "squared_off_pledge_quantity": 0,
              "pledge_quantity": 0,
              "buy_avg": 1.71,
              "pledge_percentage": 0,
              "net_holding_quantity": 2,
              "token": "REDACTED",
              "t2_quantity": 0,
              "client_id": "REDACTED",
              "pledge_allow": false,
              "ltp": 1.6,
              "pending_quantity": 0,
              "today_pledge_quantity": 0,
              "buy_avg_mtm": 0
            },
            {
              "branch_code": "",
              "t0_price": 0,
              "today_unpledge_quantity": 0,
              "used_quantity": 1,
              "exchange": "NSE",
              "pledge_value": 0,
              "transaction_type": "",
              "actual_buy_avg": 293.52,
              "isin": "INF204KB14I2",
              "pms_quantity": 1,
              "squared_off_free_quantity": 1,
              "quantity": 1,
              "trading_symbol": "NIFTYBEES",
              "free_quantity": 1,
              "t0_quantity": 0,
              "symbol": "NIFTYBEES",
              "t1_quantity": 0,
              "instrument_details": {
                "exchange": 1,
                "instrument_name": "EQ",
                "instrument_token": 10576,
                "trading_symbol": "NIFTYBEES-EQ"
              },
              "previous_close": 294.37,
              "t1_price": 0,
              "t2_price": 0,
              "squared_off_pledge_quantity": 0,
              "pledge_quantity": 0,
              "buy_avg": 293.52,
              "pledge_percentage": 80,
              "net_holding_quantity": 1,
              "token": "REDACTED",
              "t2_quantity": 0,
              "client_id": "REDACTED",
              "pledge_allow": true,
              "ltp": 295.7,
              "pending_quantity": 0,
              "today_pledge_quantity": 0,
              "buy_avg_mtm": 1.329999999999984
            },
            {
              "branch_code": "",
              "t0_price": 0,
              "today_unpledge_quantity": 0,
              "used_quantity": 1,
              "exchange": "NSE",
              "pledge_value": 0,
              "transaction_type": "",
              "actual_buy_avg": 100.28,
              "isin": "INF204KB17I5",
              "pms_quantity": 1,
              "squared_off_free_quantity": 1,
              "quantity": 1,
              "trading_symbol": "GOLDBEES",
              "free_quantity": 1,
              "t0_quantity": 0,
              "symbol": "GOLDBEES",
              "t1_quantity": 0,
              "instrument_details": {
                "exchange": 1,
                "instrument_name": "EQ",
                "instrument_token": 14428,
                "trading_symbol": "GOLDBEES-EQ"
              },
              "previous_close": 102.23,
              "t1_price": 0,
              "t2_price": 0,
              "squared_off_pledge_quantity": 0,
              "pledge_quantity": 0,
              "buy_avg": 100.28,
              "pledge_percentage": 65,
              "net_holding_quantity": 1,
              "token": "REDACTED",
              "t2_quantity": 0,
              "client_id": "REDACTED",
              "pledge_allow": true,
              "ltp": 101.69,
              "pending_quantity": 0,
              "today_pledge_quantity": 0,
              "buy_avg_mtm": -0.5400000000000063
            }
          ]
        },
        "message": "",
        "status": "success"
      }
    },
    "userId": "69045647228214990ee7483a",
    "brokerFunctionLogId": "73362c86-2396-4260-930a-19b80d27f97a",
    "functionName": "Portfolio.liveHoldings",
    "brokerName": "hdfcsky"
  },
  "reqId": "483498e0-c5e3-11f0-bcd3-515fe7353c87",
  "msg": "",
  "time": "2025-11-20T07:34:00.943Z",
  "v": 0
},
{
  "name": "sc.service.sc-integrations-brokers-api",
  "version": "3.8.9",
  "hostname": "ip-10-137-1-157",
  "pid": 2390,
  "type": "SC_BROKER",
  "level": 30,
  "context": {
    "options": {
      "accessToken": "REDACTED",
      "brokeruserId": "S2338362",
      "gateway": true,
      "apiKey": "REDACTED",
      "apiSecret": "REDACTED"
    },
    "response": {
      "error": null,
      "response": {
        "code": true,
        "reason": "success",
        "payload": [
          {
            "isin": "INE161L01027",
            "tradingsymbol": "VIKASLIFE",
            "brokersymbol": "9931",
            "quantity": 20,
            "averagePrice": 2.03,
            "exchange": "NSE",
            "authorisedQuantity": 20
          },
          {
            "isin": "INE219Y01026",
            "tradingsymbol": "RMDRIP",
            "brokersymbol": "757834",
            "quantity": 2,
            "averagePrice": 81.04,
            "exchange": "NSE",
            "authorisedQuantity": 1
          },
          {
            "isin": "INE221H01019",
            "tradingsymbol": "GTLINFRA",
            "brokersymbol": "13745",
            "quantity": 26,
            "averagePrice": 1.48,
            "exchange": "NSE",
            "authorisedQuantity": 26
          },
          {
            "isin": "INE483S01020",
            "tradingsymbol": "INFIBEAM",
            "brokersymbol": "16249",
            "quantity": 2,
            "averagePrice": 19.84,
            "exchange": "NSE",
            "authorisedQuantity": 2
          },
          {
            "isin": "INE528G01035",
            "tradingsymbol": "YESBANK",
            "brokersymbol": "11915",
            "quantity": 12,
            "averagePrice": 23.41,
            "exchange": "NSE",
            "authorisedQuantity": 6
          },
          {
            "isin": "INE669E01016",
            "tradingsymbol": "IDEA",
            "brokersymbol": "14366",
            "quantity": 21,
            "averagePrice": 10.55,
            "exchange": "NSE",
            "authorisedQuantity": 11
          },
          {
            "isin": "INE694A01020",
            "tradingsymbol": "UNITECH",
            "brokersymbol": "3594",
            "quantity": 6,
            "averagePrice": 7.48,
            "exchange": "NSE",
            "authorisedQuantity": 4
          },
          {
            "isin": "INE806A01020",
            "tradingsymbol": "VIKASECO",
            "brokersymbol": "25756",
            "quantity": 2,
            "averagePrice": 1.71,
            "exchange": "NSE",
            "authorisedQuantity": 2
          },
          {
            "isin": "INF204KB14I2",
            "tradingsymbol": "NIFTYBEES",
            "brokersymbol": "10576",
            "quantity": 2,
            "averagePrice": 293.52,
            "exchange": "NSE",
            "authorisedQuantity": 1
          },
          {
            "isin": "INF204KB17I5",
            "tradingsymbol": "GOLDBEES",
            "brokersymbol": "14428",
            "quantity": 2,
            "averagePrice": 100.28,
            "exchange": "NSE",
            "authorisedQuantity": 1
          },
          {
            "isin": "INE650K01021",
            "tradingsymbol": "SECURKLOUD-EQ",
            "brokersymbol": "11058",
            "quantity": 0,
            "averagePrice": null,
            "exchange": "NSE"
          },
          {
            "isin": "INE418H01029",
            "tradingsymbol": "ALLCARGO-BE",
            "brokersymbol": "13504",
            "quantity": 3,
            "averagePrice": 15.89,
            "exchange": "NSE"
          },
          {
            "isin": "INE694A01020",
            "tradingsymbol": "UNITECH-EQ",
            "brokersymbol": "3594",
            "quantity": -2,
            "averagePrice": 6.46,
            "exchange": "NSE"
          },
          {
            "isin": "INF204KB14I2",
            "tradingsymbol": "NIFTYBEES-EQ",
            "brokersymbol": "10576",
            "quantity": -1,
            "averagePrice": 295.22,
            "exchange": "NSE"
          },
          {
            "isin": "INE219Y01026",
            "tradingsymbol": "RMDRIP-EQ",
            "brokersymbol": "757834",
            "quantity": -1,
            "averagePrice": 79.1,
            "exchange": "NSE"
          },
          {
            "isin": "INE528G01035",
            "tradingsymbol": "YESBANK-EQ",
            "brokersymbol": "11915",
            "quantity": -6,
            "averagePrice": 22.773333333333337,
            "exchange": "NSE"
          },
          {
            "isin": "INE806A01020",
            "tradingsymbol": "VIKASECO-EQ",
            "brokersymbol": "25756",
            "quantity": 4,
            "averagePrice": 1.6,
            "exchange": "NSE"
          },
          {
            "isin": "INF204KB17I5",
            "tradingsymbol": "GOLDBEES-EQ",
            "brokersymbol": "14428",
            "quantity": -1,
            "averagePrice": 101.62,
            "exchange": "NSE"
          },
          {
            "isin": "INE669E01016",
            "tradingsymbol": "IDEA-EQ",
            "brokersymbol": "14366",
            "quantity": -10,
            "averagePrice": 10.467,
            "exchange": "NSE"
          },
          {
            "isin": "INE221H01019",
            "tradingsymbol": "GTLINFRA-EQ",
            "brokersymbol": "13745",
            "quantity": 3,
            "averagePrice": 1.4100000000000001,
            "exchange": "NSE"
          }
        ]
      }
    },
    "userId": "69045647228214990ee7483a",
    "brokerFunctionLogId": "ff884935-125d-4c57-99bb-d42416be9d7a",
    "brokerApi": {
      "functionName": "Portfolio.liveHoldings",
      "brokerName": "hdfcsky"
    }
  },
  "reqId": "47fbae90-c5e3-11f0-997b-5f33bf0d7fc0",
  "msg": "broker lib function response recieved",
  "time": "2025-11-20T07:34:00.703Z",
  "v": 0
},
{
  "name": "sc.service.sc-integrations-brokers-api",
  "version": "3.8.9",
  "hostname": "ip-10-137-1-157",
  "pid": 2390,
  "type": "SC_BROKER",
  "level": 30,
  "context": {
    "broker": "hdfcsky",
    "msg": "Successful request",
    "details": {
      "request": {
        "url": "https://developer.hdfcsky.com/oapi/v1/positions?api_key=1bc928ff1ce54970b0a2f2ae4740dc77&client_id=S2338362&type=historical",
        "method": "GET",
        "headers": {
          "Authorization": "REDACTED",
          "Content-Type": "application/json"
        },
        "timeout": 20000
      },
      "userId": "S2338362",
      "accessToken": "REDACTED",
      "response": {
        "statusCode": 200,
        "body": {
          "data": [
            {
              "ltp": 28.26,
              "other_margin": null,
              "sell_amount": 27.31,
              "exchange": "NSE",
              "net_quantity": 0,
              "token": "REDACTED",
              "average_price": 0,
              "client_id": "REDACTED",
              "cf_sell_average_price": 0,
              "cf_sell_quantity": 0,
              "pledged_quantity": 0,
              "cf_buy_quantity": 0,
              "cf_sell_amount": 0,
              "instrument_token": 11058,
              "previous_close": 23.55,
              "trading_symbol": "SECURKLOUD-EQ",
              "v_login_id": "S2338362",
              "pro_cli": "CLIENT",
              "display_symbol": "SECURKLOUD",
              "user_name": "REDACTED",
              "rmtm_sell_average_price": 27.31,
              "close_price": 0,
              "prod_type": 1,
              "multiplier": 1,
              "symbol": "SECURKLOUD",
              "sell_quantity": 1,
              "segment": "Capital",
              "buy_quantity": 1,
              "cf_buy_amount": 0,
              "cf_buy_average_price": 0,
              "net_amount": 0.7199999999999989,
              "series": "EQ",
              "average_sell_price": 27.31,
              "xe_uuid": "INE650K01021",
              "product": "CNC",
              "rmtm_buy_average_price": 26.59,
              "buy_amount": 26.59,
              "average_buy_price": 26.59,
              "realized_mtm": 0
            },
            {
              "ltp": 15.25,
              "other_margin": null,
              "sell_amount": 0,
              "exchange": "NSE",
              "net_quantity": 3,
              "token": "REDACTED",
              "average_price": 0,
              "client_id": "REDACTED",
              "cf_sell_average_price": 0,
              "cf_sell_quantity": 0,
              "pledged_quantity": 0,
              "cf_buy_quantity": 0,
              "cf_sell_amount": 0,
              "instrument_token": 13504,
              "previous_close": 15.14,
              "trading_symbol": "ALLCARGO-BE",
              "v_login_id": "S2338362",
              "pro_cli": "CLIENT",
              "display_symbol": "ALLCARGO",
              "user_name": "REDACTED",
              "rmtm_sell_average_price": 0,
              "close_price": 0,
              "prod_type": 1,
              "multiplier": 1,
              "symbol": "ALLCARGO",
              "sell_quantity": 0,
              "segment": "Capital",
              "buy_quantity": 3,
              "cf_buy_amount": 0,
              "cf_buy_average_price": 0,
              "net_amount": -47.67,
              "series": "BE",
              "average_sell_price": 0,
              "xe_uuid": "INE418H01029",
              "product": "CNC",
              "rmtm_buy_average_price": 15.89,
              "buy_amount": 47.67,
              "average_buy_price": 15.89,
              "realized_mtm": 0
            },
            {
              "ltp": 6.43,
              "other_margin": null,
              "sell_amount": 12.92,
              "exchange": "NSE",
              "net_quantity": -2,
              "token": "REDACTED",
              "average_price": 0,
              "client_id": "REDACTED",
              "cf_sell_average_price": 0,
              "cf_sell_quantity": 0,
              "pledged_quantity": 0,
              "cf_buy_quantity": 0,
              "cf_sell_amount": 0,
              "instrument_token": 3594,
              "previous_close": 6.45,
              "trading_symbol": "UNITECH-EQ",
              "v_login_id": "S2338362",
              "pro_cli": "CLIENT",
              "display_symbol": "UNITECH",
              "user_name": "REDACTED",
              "rmtm_sell_average_price": 6.46,
              "close_price": 0,
              "prod_type": 1,
              "multiplier": 1,
              "symbol": "UNITECH",
              "sell_quantity": 2,
              "segment": "Capital",
              "buy_quantity": 0,
              "cf_buy_amount": 0,
              "cf_buy_average_price": 0,
              "net_amount": 12.92,
              "series": "EQ",
              "average_sell_price": 6.46,
              "xe_uuid": "INE694A01020",
              "product": "CNC",
              "rmtm_buy_average_price": 0,
              "buy_amount": 0,
              "average_buy_price": 0,
              "realized_mtm": 0
            },
            {
              "ltp": 295.7,
              "other_margin": null,
              "sell_amount": 295.22,
              "exchange": "NSE",
              "net_quantity": -1,
              "token": "REDACTED",
              "average_price": 0,
              "client_id": "REDACTED",
              "cf_sell_average_price": 0,
              "cf_sell_quantity": 0,
              "pledged_quantity": 0,
              "cf_buy_quantity": 0,
              "cf_sell_amount": 0,
              "instrument_token": 10576,
              "previous_close": 294.37,
              "trading_symbol": "NIFTYBEES-EQ",
              "v_login_id": "S2338362",
              "pro_cli": "CLIENT",
              "display_symbol": "NIFTYBEES",
              "user_name": "REDACTED",
              "rmtm_sell_average_price": 295.22,
              "close_price": 0,
              "prod_type": 1,
              "multiplier": 1,
              "symbol": "NIFTYBEES",
              "sell_quantity": 1,
              "segment": "Capital",
              "buy_quantity": 0,
              "cf_buy_amount": 0,
              "cf_buy_average_price": 0,
              "net_amount": 295.22,
              "series": "EQ",
              "average_sell_price": 295.22,
              "xe_uuid": "INF204KB14I2",
              "product": "CNC",
              "rmtm_buy_average_price": 0,
              "buy_amount": 0,
              "average_buy_price": 0,
              "realized_mtm": 0
            },
            {
              "ltp": 79.38,
              "other_margin": null,
              "sell_amount": 79.1,
              "exchange": "NSE",
              "net_quantity": -1,
              "token": "REDACTED",
              "average_price": 0,
              "client_id": "REDACTED",
              "cf_sell_average_price": 0,
              "cf_sell_quantity": 0,
              "pledged_quantity": 0,
              "cf_buy_quantity": 0,
              "cf_sell_amount": 0,
              "instrument_token": 757834,
              "previous_close": 80.11,
              "trading_symbol": "RMDRIP-EQ",
              "v_login_id": "S2338362",
              "pro_cli": "CLIENT",
              "display_symbol": "RMDRIP",
              "user_name": "REDACTED",
              "rmtm_sell_average_price": 79.1,
              "close_price": 0,
              "prod_type": 1,
              "multiplier": 1,
              "symbol": "RMDRIP",
              "sell_quantity": 1,
              "segment": "Capital",
              "buy_quantity": 0,
              "cf_buy_amount": 0,
              "cf_buy_average_price": 0,
              "net_amount": 79.1,
              "series": "EQ",
              "average_sell_price": 79.1,
              "xe_uuid": "INE219Y01026",
              "product": "CNC",
              "rmtm_buy_average_price": 0,
              "buy_amount": 0,
              "average_buy_price": 0,
              "realized_mtm": 0
            },
            {
              "ltp": 22.75,
              "other_margin": null,
              "sell_amount": 136.64000000000001,
              "exchange": "NSE",
              "net_quantity": -6,
              "token": "REDACTED",
              "average_price": 0,
              "client_id": "REDACTED",
              "cf_sell_average_price": 0,
              "cf_sell_quantity": 0,
              "pledged_quantity": 0,
              "cf_buy_quantity": 0,
              "cf_sell_amount": 0,
              "instrument_token": 11915,
              "previous_close": 22.93,
              "trading_symbol": "YESBANK-EQ",
              "v_login_id": "S2338362",
              "pro_cli": "CLIENT",
              "display_symbol": "YESBANK",
              "user_name": "REDACTED",
              "rmtm_sell_average_price": 22.76,
              "close_price": 0,
              "prod_type": 1,
              "multiplier": 1,
              "symbol": "YESBANK",
              "sell_quantity": 6,
              "segment": "Capital",
              "buy_quantity": 0,
              "cf_buy_amount": 0,
              "cf_buy_average_price": 0,
              "net_amount": 136.64000000000001,
              "series": "EQ",
              "average_sell_price": 22.773333333333337,
              "xe_uuid": "INE528G01035",
              "product": "CNC",
              "rmtm_buy_average_price": 0,
              "buy_amount": 0,
              "average_buy_price": 0,
              "realized_mtm": 0
            },
            {
              "ltp": 1.6,
              "other_margin": null,
              "sell_amount": 0,
              "exchange": "NSE",
              "net_quantity": 4,
              "token": "REDACTED",
              "average_price": 0,
              "client_id": "REDACTED",
              "cf_sell_average_price": 0,
              "cf_sell_quantity": 0,
              "pledged_quantity": 0,
              "cf_buy_quantity": 0,
              "cf_sell_amount": 0,
              "instrument_token": 25756,
              "previous_close": 1.6,
              "trading_symbol": "VIKASECO-EQ",
              "v_login_id": "S2338362",
              "pro_cli": "CLIENT",
              "display_symbol": "VIKASECO",
              "user_name": "REDACTED",
              "rmtm_sell_average_price": 0,
              "close_price": 0,
              "prod_type": 1,
              "multiplier": 1,
              "symbol": "VIKASECO",
              "sell_quantity": 0,
              "segment": "Capital",
              "buy_quantity": 4,
              "cf_buy_amount": 0,
              "cf_buy_average_price": 0,
              "net_amount": -6.4,
              "series": "EQ",
              "average_sell_price": 0,
              "xe_uuid": "INE806A01020",
              "product": "CNC",
              "rmtm_buy_average_price": 1.6,
              "buy_amount": 6.4,
              "average_buy_price": 1.6,
              "realized_mtm": 0
            },
            {
              "ltp": 101.69,
              "other_margin": null,
              "sell_amount": 101.62,
              "exchange": "NSE",
              "net_quantity": -1,
              "token": "REDACTED",
              "average_price": 0,
              "client_id": "REDACTED",
              "cf_sell_average_price": 0,
              "cf_sell_quantity": 0,
              "pledged_quantity": 0,
              "cf_buy_quantity": 0,
              "cf_sell_amount": 0,
              "instrument_token": 14428,
              "previous_close": 102.23,
              "trading_symbol": "GOLDBEES-EQ",
              "v_login_id": "S2338362",
              "pro_cli": "CLIENT",
              "display_symbol": "GOLDBEES",
              "user_name": "REDACTED",
              "rmtm_sell_average_price": 101.62,
              "close_price": 0,
              "prod_type": 1,
              "multiplier": 1,
              "symbol": "GOLDBEES",
              "sell_quantity": 1,
              "segment": "Capital",
              "buy_quantity": 0,
              "cf_buy_amount": 0,
              "cf_buy_average_price": 0,
              "net_amount": 101.62,
              "series": "EQ",
              "average_sell_price": 101.62,
              "xe_uuid": "INF204KB17I5",
              "product": "CNC",
              "rmtm_buy_average_price": 0,
              "buy_amount": 0,
              "average_buy_price": 0,
              "realized_mtm": 0
            },
            {
              "ltp": 10.37,
              "other_margin": null,
              "sell_amount": 115.17,
              "exchange": "NSE",
              "net_quantity": -10,
              "token": "REDACTED",
              "average_price": 0,
              "client_id": "REDACTED",
              "cf_sell_average_price": 0,
              "cf_sell_quantity": 0,
              "pledged_quantity": 0,
              "cf_buy_quantity": 0,
              "cf_sell_amount": 0,
              "instrument_token": 14366,
              "previous_close": 10.69,
              "trading_symbol": "IDEA-EQ",
              "v_login_id": "S2338362",
              "pro_cli": "CLIENT",
              "display_symbol": "IDEA",
              "user_name": "REDACTED",
              "rmtm_sell_average_price": 10.47,
              "close_price": 0,
              "prod_type": 1,
              "multiplier": 1,
              "symbol": "IDEA",
              "sell_quantity": 11,
              "segment": "Capital",
              "buy_quantity": 1,
              "cf_buy_amount": 0,
              "cf_buy_average_price": 0,
              "net_amount": 104.67,
              "series": "EQ",
              "average_sell_price": 10.47,
              "xe_uuid": "INE669E01016",
              "product": "CNC",
              "rmtm_buy_average_price": 10.5,
              "buy_amount": 10.5,
              "average_buy_price": 10.5,
              "realized_mtm": 0
            },
            {
              "ltp": 1.39,
              "other_margin": null,
              "sell_amount": 9.67,
              "exchange": "NSE",
              "net_quantity": 3,
              "token": "REDACTED",
              "average_price": 0,
              "client_id": "REDACTED",
              "cf_sell_average_price": 0,
              "cf_sell_quantity": 0,
              "pledged_quantity": 0,
              "cf_buy_quantity": 0,
              "cf_sell_amount": 0,
              "instrument_token": 13745,
              "previous_close": 1.38,
              "trading_symbol": "GTLINFRA-EQ",
              "v_login_id": "S2338362",
              "pro_cli": "CLIENT",
              "display_symbol": "GTLINFRA",
              "user_name": "REDACTED",
              "rmtm_sell_average_price": 1.3814,
              "close_price": 0,
              "prod_type": 1,
              "multiplier": 1,
              "symbol": "GTLINFRA",
              "sell_quantity": 7,
              "segment": "Capital",
              "buy_quantity": 10,
              "cf_buy_amount": 0,
              "cf_buy_average_price": 0,
              "net_amount": -4.23,
              "series": "EQ",
              "average_sell_price": 1.3814285714285715,
              "xe_uuid": "INE221H01019",
              "product": "CNC",
              "rmtm_buy_average_price": 1.39,
              "buy_amount": 13.9,
              "average_buy_price": 1.3900000000000001,
              "realized_mtm": 0
            }
          ],
          "message": "",
          "status": "success"
        }
      },
      "responseString": {
        "data": [
          {
            "ltp": 28.26,
            "other_margin": null,
            "sell_amount": 27.31,
            "exchange": "NSE",
            "net_quantity": 0,
            "token": "REDACTED",
            "average_price": 0,
            "client_id": "REDACTED",
            "cf_sell_average_price": 0,
            "cf_sell_quantity": 0,
            "pledged_quantity": 0,
            "cf_buy_quantity": 0,
            "cf_sell_amount": 0,
            "instrument_token": 11058,
            "previous_close": 23.55,
            "trading_symbol": "SECURKLOUD-EQ",
            "v_login_id": "S2338362",
            "pro_cli": "CLIENT",
            "display_symbol": "SECURKLOUD",
            "user_name": "REDACTED",
            "rmtm_sell_average_price": 27.31,
            "close_price": 0,
            "prod_type": 1,
            "multiplier": 1,
            "symbol": "SECURKLOUD",
            "sell_quantity": 1,
            "segment": "Capital",
            "buy_quantity": 1,
            "cf_buy_amount": 0,
            "cf_buy_average_price": 0,
            "net_amount": 0.7199999999999989,
            "series": "EQ",
            "average_sell_price": 27.31,
            "xe_uuid": "INE650K01021",
            "product": "CNC",
            "rmtm_buy_average_price": 26.59,
            "buy_amount": 26.59,
            "average_buy_price": 26.59,
            "realized_mtm": 0
          },
          {
            "ltp": 15.25,
            "other_margin": null,
            "sell_amount": 0,
            "exchange": "NSE",
            "net_quantity": 3,
            "token": "REDACTED",
            "average_price": 0,
            "client_id": "REDACTED",
            "cf_sell_average_price": 0,
            "cf_sell_quantity": 0,
            "pledged_quantity": 0,
            "cf_buy_quantity": 0,
            "cf_sell_amount": 0,
            "instrument_token": 13504,
            "previous_close": 15.14,
            "trading_symbol": "ALLCARGO-BE",
            "v_login_id": "S2338362",
            "pro_cli": "CLIENT",
            "display_symbol": "ALLCARGO",
            "user_name": "REDACTED",
            "rmtm_sell_average_price": 0,
            "close_price": 0,
            "prod_type": 1,
            "multiplier": 1,
            "symbol": "ALLCARGO",
            "sell_quantity": 0,
            "segment": "Capital",
            "buy_quantity": 3,
            "cf_buy_amount": 0,
            "cf_buy_average_price": 0,
            "net_amount": -47.67,
            "series": "BE",
            "average_sell_price": 0,
            "xe_uuid": "INE418H01029",
            "product": "CNC",
            "rmtm_buy_average_price": 15.89,
            "buy_amount": 47.67,
            "average_buy_price": 15.89,
            "realized_mtm": 0
          },
          {
            "ltp": 6.43,
            "other_margin": null,
            "sell_amount": 12.92,
            "exchange": "NSE",
            "net_quantity": -2,
            "token": "REDACTED",
            "average_price": 0,
            "client_id": "REDACTED",
            "cf_sell_average_price": 0,
            "cf_sell_quantity": 0,
            "pledged_quantity": 0,
            "cf_buy_quantity": 0,
            "cf_sell_amount": 0,
            "instrument_token": 3594,
            "previous_close": 6.45,
            "trading_symbol": "UNITECH-EQ",
            "v_login_id": "S2338362",
            "pro_cli": "CLIENT",
            "display_symbol": "UNITECH",
            "user_name": "REDACTED",
            "rmtm_sell_average_price": 6.46,
            "close_price": 0,
            "prod_type": 1,
            "multiplier": 1,
            "symbol": "UNITECH",
            "sell_quantity": 2,
            "segment": "Capital",
            "buy_quantity": 0,
            "cf_buy_amount": 0,
            "cf_buy_average_price": 0,
            "net_amount": 12.92,
            "series": "EQ",
            "average_sell_price": 6.46,
            "xe_uuid": "INE694A01020",
            "product": "CNC",
            "rmtm_buy_average_price": 0,
            "buy_amount": 0,
            "average_buy_price": 0,
            "realized_mtm": 0
          },
          {
            "ltp": 295.7,
            "other_margin": null,
            "sell_amount": 295.22,
            "exchange": "NSE",
            "net_quantity": -1,
            "token": "REDACTED",
            "average_price": 0,
            "client_id": "REDACTED",
            "cf_sell_average_price": 0,
            "cf_sell_quantity": 0,
            "pledged_quantity": 0,
            "cf_buy_quantity": 0,
            "cf_sell_amount": 0,
            "instrument_token": 10576,
            "previous_close": 294.37,
            "trading_symbol": "NIFTYBEES-EQ",
            "v_login_id": "S2338362",
            "pro_cli": "CLIENT",
            "display_symbol": "NIFTYBEES",
            "user_name": "REDACTED",
            "rmtm_sell_average_price": 295.22,
            "close_price": 0,
            "prod_type": 1,
            "multiplier": 1,
            "symbol": "NIFTYBEES",
            "sell_quantity": 1,
            "segment": "Capital",
            "buy_quantity": 0,
            "cf_buy_amount": 0,
            "cf_buy_average_price": 0,
            "net_amount": 295.22,
            "series": "EQ",
            "average_sell_price": 295.22,
            "xe_uuid": "INF204KB14I2",
            "product": "CNC",
            "rmtm_buy_average_price": 0,
            "buy_amount": 0,
            "average_buy_price": 0,
            "realized_mtm": 0
          },
          {
            "ltp": 79.38,
            "other_margin": null,
            "sell_amount": 79.1,
            "exchange": "NSE",
            "net_quantity": -1,
            "token": "REDACTED",
            "average_price": 0,
            "client_id": "REDACTED",
            "cf_sell_average_price": 0,
            "cf_sell_quantity": 0,
            "pledged_quantity": 0,
            "cf_buy_quantity": 0,
            "cf_sell_amount": 0,
            "instrument_token": 757834,
            "previous_close": 80.11,
            "trading_symbol": "RMDRIP-EQ",
            "v_login_id": "S2338362",
            "pro_cli": "CLIENT",
            "display_symbol": "RMDRIP",
            "user_name": "REDACTED",
            "rmtm_sell_average_price": 79.1,
            "close_price": 0,
            "prod_type": 1,
            "multiplier": 1,
            "symbol": "RMDRIP",
            "sell_quantity": 1,
            "segment": "Capital",
            "buy_quantity": 0,
            "cf_buy_amount": 0,
            "cf_buy_average_price": 0,
            "net_amount": 79.1,
            "series": "EQ",
            "average_sell_price": 79.1,
            "xe_uuid": "INE219Y01026",
            "product": "CNC",
            "rmtm_buy_average_price": 0,
            "buy_amount": 0,
            "average_buy_price": 0,
            "realized_mtm": 0
          },
          {
            "ltp": 22.75,
            "other_margin": null,
            "sell_amount": 136.64000000000001,
            "exchange": "NSE",
            "net_quantity": -6,
            "token": "REDACTED",
            "average_price": 0,
            "client_id": "REDACTED",
            "cf_sell_average_price": 0,
            "cf_sell_quantity": 0,
            "pledged_quantity": 0,
            "cf_buy_quantity": 0,
            "cf_sell_amount": 0,
            "instrument_token": 11915,
            "previous_close": 22.93,
            "trading_symbol": "YESBANK-EQ",
            "v_login_id": "S2338362",
            "pro_cli": "CLIENT",
            "display_symbol": "YESBANK",
            "user_name": "REDACTED",
            "rmtm_sell_average_price": 22.76,
            "close_price": 0,
            "prod_type": 1,
            "multiplier": 1,
            "symbol": "YESBANK",
            "sell_quantity": 6,
            "segment": "Capital",
            "buy_quantity": 0,
            "cf_buy_amount": 0,
            "cf_buy_average_price": 0,
            "net_amount": 136.64000000000001,
            "series": "EQ",
            "average_sell_price": 22.773333333333337,
            "xe_uuid": "INE528G01035",
            "product": "CNC",
            "rmtm_buy_average_price": 0,
            "buy_amount": 0,
            "average_buy_price": 0,
            "realized_mtm": 0
          },
          {
            "ltp": 1.6,
            "other_margin": null,
            "sell_amount": 0,
            "exchange": "NSE",
            "net_quantity": 4,
            "token": "REDACTED",
            "average_price": 0,
            "client_id": "REDACTED",
            "cf_sell_average_price": 0,
            "cf_sell_quantity": 0,
            "pledged_quantity": 0,
            "cf_buy_quantity": 0,
            "cf_sell_amount": 0,
            "instrument_token": 25756,
            "previous_close": 1.6,
            "trading_symbol": "VIKASECO-EQ",
            "v_login_id": "S2338362",
            "pro_cli": "CLIENT",
            "display_symbol": "VIKASECO",
            "user_name": "REDACTED",
            "rmtm_sell_average_price": 0,
            "close_price": 0,
            "prod_type": 1,
            "multiplier": 1,
            "symbol": "VIKASECO",
            "sell_quantity": 0,
            "segment": "Capital",
            "buy_quantity": 4,
            "cf_buy_amount": 0,
            "cf_buy_average_price": 0,
            "net_amount": -6.4,
            "series": "EQ",
            "average_sell_price": 0,
            "xe_uuid": "INE806A01020",
            "product": "CNC",
            "rmtm_buy_average_price": 1.6,
            "buy_amount": 6.4,
            "average_buy_price": 1.6,
            "realized_mtm": 0
          },
          {
            "ltp": 101.69,
            "other_margin": null,
            "sell_amount": 101.62,
            "exchange": "NSE",
            "net_quantity": -1,
            "token": "REDACTED",
            "average_price": 0,
            "client_id": "REDACTED",
            "cf_sell_average_price": 0,
            "cf_sell_quantity": 0,
            "pledged_quantity": 0,
            "cf_buy_quantity": 0,
            "cf_sell_amount": 0,
            "instrument_token": 14428,
            "previous_close": 102.23,
            "trading_symbol": "GOLDBEES-EQ",
            "v_login_id": "S2338362",
            "pro_cli": "CLIENT",
            "display_symbol": "GOLDBEES",
            "user_name": "REDACTED",
            "rmtm_sell_average_price": 101.62,
            "close_price": 0,
            "prod_type": 1,
            "multiplier": 1,
            "symbol": "GOLDBEES",
            "sell_quantity": 1,
            "segment": "Capital",
            "buy_quantity": 0,
            "cf_buy_amount": 0,
            "cf_buy_average_price": 0,
            "net_amount": 101.62,
            "series": "EQ",
            "average_sell_price": 101.62,
            "xe_uuid": "INF204KB17I5",
            "product": "CNC",
            "rmtm_buy_average_price": 0,
            "buy_amount": 0,
            "average_buy_price": 0,
            "realized_mtm": 0
          },
          {
            "ltp": 10.37,
            "other_margin": null,
            "sell_amount": 115.17,
            "exchange": "NSE",
            "net_quantity": -10,
            "token": "REDACTED",
            "average_price": 0,
            "client_id": "REDACTED",
            "cf_sell_average_price": 0,
            "cf_sell_quantity": 0,
            "pledged_quantity": 0,
            "cf_buy_quantity": 0,
            "cf_sell_amount": 0,
            "instrument_token": 14366,
            "previous_close": 10.69,
            "trading_symbol": "IDEA-EQ",
            "v_login_id": "S2338362",
            "pro_cli": "CLIENT",
            "display_symbol": "IDEA",
            "user_name": "REDACTED",
            "rmtm_sell_average_price": 10.47,
            "close_price": 0,
            "prod_type": 1,
            "multiplier": 1,
            "symbol": "IDEA",
            "sell_quantity": 11,
            "segment": "Capital",
            "buy_quantity": 1,
            "cf_buy_amount": 0,
            "cf_buy_average_price": 0,
            "net_amount": 104.67,
            "series": "EQ",
            "average_sell_price": 10.47,
            "xe_uuid": "INE669E01016",
            "product": "CNC",
            "rmtm_buy_average_price": 10.5,
            "buy_amount": 10.5,
            "average_buy_price": 10.5,
            "realized_mtm": 0
          },
          {
            "ltp": 1.39,
            "other_margin": null,
            "sell_amount": 9.67,
            "exchange": "NSE",
            "net_quantity": 3,
            "token": "REDACTED",
            "average_price": 0,
            "client_id": "REDACTED",
            "cf_sell_average_price": 0,
            "cf_sell_quantity": 0,
            "pledged_quantity": 0,
            "cf_buy_quantity": 0,
            "cf_sell_amount": 0,
            "instrument_token": 13745,
            "previous_close": 1.38,
            "trading_symbol": "GTLINFRA-EQ",
            "v_login_id": "S2338362",
            "pro_cli": "CLIENT",
            "display_symbol": "GTLINFRA",
            "user_name": "REDACTED",
            "rmtm_sell_average_price": 1.3814,
            "close_price": 0,
            "prod_type": 1,
            "multiplier": 1,
            "symbol": "GTLINFRA",
            "sell_quantity": 7,
            "segment": "Capital",
            "buy_quantity": 10,
            "cf_buy_amount": 0,
            "cf_buy_average_price": 0,
            "net_amount": -4.23,
            "series": "EQ",
            "average_sell_price": 1.3814285714285715,
            "xe_uuid": "INE221H01019",
            "product": "CNC",
            "rmtm_buy_average_price": 1.39,
            "buy_amount": 13.9,
            "average_buy_price": 1.3900000000000001,
            "realized_mtm": 0
          }
        ],
        "message": "",
        "status": "success"
      }
    },
    "userId": "69045647228214990ee7483a",
    "brokerFunctionLogId": "ff884935-125d-4c57-99bb-d42416be9d7a",
    "functionName": "Portfolio.liveHoldings",
    "brokerName": "hdfcsky"
  },
  "reqId": "47fbae90-c5e3-11f0-997b-5f33bf0d7fc0",
  "msg": "",
  "time": "2025-11-20T07:34:00.693Z",
  "v": 0
},
{
  "name": "sc.service.sc-integrations-brokers-api",
  "version": "3.8.9",
  "hostname": "ip-10-137-1-157",
  "pid": 2390,
  "type": "SC_BROKER",
  "level": 30,
  "context": {
    "broker": "hdfcsky",
    "msg": "Successful request",
    "details": {
      "request": {
        "url": "https://developer.hdfcsky.com/oapi/v1/holdings?api_key=1bc928ff1ce54970b0a2f2ae4740dc77&client_id=S2338362",
        "method": "GET",
        "headers": {
          "Authorization": "REDACTED",
          "Content-Type": "application/json"
        },
        "timeout": 20000
      },
      "userId": "S2338362",
      "accessToken": "REDACTED",
      "response": {
        "statusCode": 200,
        "body": {
          "data": {
            "holdings": [
              {
                "instrument_details": {
                  "exchange": 1,
                  "instrument_name": "EQ",
                  "instrument_token": 9931,
                  "trading_symbol": "VIKASLIFE-EQ"
                },
                "client_id": "REDACTED",
                "exchange": "NSE",
                "pledge_value": 0,
                "t1_quantity": 0,
                "net_holding_quantity": 20,
                "buy_avg": 2.03,
                "squared_off_pledge_quantity": 0,
                "previous_close": 1.96,
                "t0_price": 0,
                "today_pledge_quantity": 0,
                "symbol": "VIKASLIFE",
                "actual_buy_avg": 2.03,
                "token": "REDACTED",
                "pledge_percentage": 0,
                "buy_avg_mtm": -0.40000000000000036,
                "trading_symbol": "VIKASLIFE",
                "used_quantity": 0,
                "pledge_allow": false,
                "t2_quantity": 0,
                "squared_off_free_quantity": 0,
                "today_unpledge_quantity": 0,
                "isin": "INE161L01027",
                "pms_quantity": 20,
                "ltp": 1.94,
                "pending_quantity": 11,
                "t0_quantity": 0,
                "free_quantity": 9,
                "transaction_type": "",
                "branch_code": "",
                "pledge_quantity": 0,
                "quantity": 20,
                "t2_price": 0,
                "t1_price": 0
              },
              {
                "instrument_details": {
                  "exchange": 1,
                  "instrument_name": "EQ",
                  "instrument_token": 757834,
                  "trading_symbol": "RMDRIP-EQ"
                },
                "client_id": "REDACTED",
                "exchange": "NSE",
                "pledge_value": 0,
                "t1_quantity": 0,
                "net_holding_quantity": 1,
                "buy_avg": 81.04,
                "squared_off_pledge_quantity": 0,
                "previous_close": 80.11,
                "t0_price": 0,
                "today_pledge_quantity": 0,
                "symbol": "RMDRIP",
                "actual_buy_avg": 81.04,
                "token": "REDACTED",
                "pledge_percentage": 0,
                "buy_avg_mtm": -0.730000000000004,
                "trading_symbol": "RMDRIP",
                "used_quantity": 1,
                "pledge_allow": false,
                "t2_quantity": 0,
                "squared_off_free_quantity": 1,
                "today_unpledge_quantity": 0,
                "isin": "INE219Y01026",
                "pms_quantity": 1,
                "ltp": 79.38,
                "pending_quantity": 1,
                "t0_quantity": 0,
                "free_quantity": 0,
                "transaction_type": "",
                "branch_code": "",
                "pledge_quantity": 0,
                "quantity": 1,
                "t2_price": 0,
                "t1_price": 0
              },
              {
                "instrument_details": {
                  "exchange": 1,
                  "instrument_name": "EQ",
                  "instrument_token": 13745,
                  "trading_symbol": "GTLINFRA-EQ"
                },
                "client_id": "REDACTED",
                "exchange": "NSE",
                "pledge_value": 0,
                "t1_quantity": 0,
                "net_holding_quantity": 26,
                "buy_avg": 1.48,
                "squared_off_pledge_quantity": 0,
                "previous_close": 1.38,
                "t0_price": 0,
                "today_pledge_quantity": 0,
                "symbol": "GTLINFRA",
                "actual_buy_avg": 1.48,
                "token": "REDACTED",
                "pledge_percentage": 0,
                "buy_avg_mtm": 0.26000000000000023,
                "trading_symbol": "GTLINFRA",
                "used_quantity": 0,
                "pledge_allow": false,
                "t2_quantity": 0,
                "squared_off_free_quantity": 6,
                "today_unpledge_quantity": 0,
                "isin": "INE221H01019",
                "pms_quantity": 26,
                "ltp": 1.39,
                "pending_quantity": 1,
                "t0_quantity": 0,
                "free_quantity": 25,
                "transaction_type": "",
                "branch_code": "",
                "pledge_quantity": 0,
                "quantity": 26,
                "t2_price": 0,
                "t1_price": 0
              },
              {
                "instrument_details": {
                  "exchange": 1,
                  "instrument_name": "EQ",
                  "instrument_token": 16249,
                  "trading_symbol": "INFIBEAM-EQ"
                },
                "client_id": "REDACTED",
                "exchange": "NSE",
                "pledge_value": 0,
                "t1_quantity": 0,
                "net_holding_quantity": 2,
                "buy_avg": 19.84,
                "squared_off_pledge_quantity": 0,
                "previous_close": 20.12,
                "t0_price": 0,
                "today_pledge_quantity": 0,
                "symbol": "INFIBEAM",
                "actual_buy_avg": 19.84,
                "token": "REDACTED",
                "pledge_percentage": 0,
                "buy_avg_mtm": -1.480000000000004,
                "trading_symbol": "INFIBEAM",
                "used_quantity": 0,
                "pledge_allow": false,
                "t2_quantity": 0,
                "squared_off_free_quantity": 0,
                "today_unpledge_quantity": 0,
                "isin": "INE483S01020",
                "pms_quantity": 2,
                "ltp": 19.38,
                "pending_quantity": 0,
                "t0_quantity": 0,
                "free_quantity": 2,
                "transaction_type": "",
                "branch_code": "",
                "pledge_quantity": 0,
                "quantity": 2,
                "t2_price": 0,
                "t1_price": 0
              },
              {
                "instrument_details": {
                  "exchange": 1,
                  "instrument_name": "EQ",
                  "instrument_token": 11915,
                  "trading_symbol": "YESBANK-EQ"
                },
                "client_id": "REDACTED",
                "exchange": "NSE",
                "pledge_value": 0,
                "t1_quantity": 0,
                "net_holding_quantity": 6,
                "buy_avg": 23.41,
                "squared_off_pledge_quantity": 0,
                "previous_close": 22.93,
                "t0_price": 0,
                "today_pledge_quantity": 0,
                "symbol": "YESBANK",
                "actual_buy_avg": 23.41,
                "token": "REDACTED",
                "pledge_percentage": 70,
                "buy_avg_mtm": -1.0799999999999983,
                "trading_symbol": "YESBANK",
                "used_quantity": 6,
                "pledge_allow": true,
                "t2_quantity": 0,
                "squared_off_free_quantity": 6,
                "today_unpledge_quantity": 0,
                "isin": "INE528G01035",
                "pms_quantity": 6,
                "ltp": 22.75,
                "pending_quantity": 2,
                "t0_quantity": 0,
                "free_quantity": 4,
                "transaction_type": "",
                "branch_code": "",
                "pledge_quantity": 0,
                "quantity": 6,
                "t2_price": 0,
                "t1_price": 0
              },
              {
                "instrument_details": {
                  "exchange": 1,
                  "instrument_name": "EQ",
                  "instrument_token": 14366,
                  "trading_symbol": "IDEA-EQ"
                },
                "client_id": "REDACTED",
                "exchange": "NSE",
                "pledge_value": 0,
                "t1_quantity": 0,
                "net_holding_quantity": 11,
                "buy_avg": 10.55,
                "squared_off_pledge_quantity": 0,
                "previous_close": 10.69,
                "t0_price": 0,
                "today_pledge_quantity": 0,
                "symbol": "IDEA",
                "actual_buy_avg": 10.55,
                "token": "REDACTED",
                "pledge_percentage": 70,
                "buy_avg_mtm": -3.520000000000003,
                "trading_symbol": "IDEA",
                "used_quantity": 10,
                "pledge_allow": true,
                "t2_quantity": 0,
                "squared_off_free_quantity": 10,
                "today_unpledge_quantity": 0,
                "isin": "INE669E01016",
                "pms_quantity": 11,
                "ltp": 10.37,
                "pending_quantity": 0,
                "t0_quantity": 0,
                "free_quantity": 11,
                "transaction_type": "",
                "branch_code": "",
                "pledge_quantity": 0,
                "quantity": 11,
                "t2_price": 0,
                "t1_price": 0
              },
              {
                "instrument_details": {
                  "exchange": 1,
                  "instrument_name": "EQ",
                  "instrument_token": 3594,
                  "trading_symbol": "UNITECH-EQ"
                },
                "client_id": "REDACTED",
                "exchange": "NSE",
                "pledge_value": 0,
                "t1_quantity": 0,
                "net_holding_quantity": 4,
                "buy_avg": 7.48,
                "squared_off_pledge_quantity": 0,
                "previous_close": 6.45,
                "t0_price": 0,
                "today_pledge_quantity": 0,
                "symbol": "UNITECH",
                "actual_buy_avg": 7.48,
                "token": "REDACTED",
                "pledge_percentage": 0,
                "buy_avg_mtm": -0.08000000000000185,
                "trading_symbol": "UNITECH",
                "used_quantity": 2,
                "pledge_allow": false,
                "t2_quantity": 0,
                "squared_off_free_quantity": 2,
                "today_unpledge_quantity": 0,
                "isin": "INE694A01020",
                "pms_quantity": 4,
                "ltp": 6.43,
                "pending_quantity": 0,
                "t0_quantity": 0,
                "free_quantity": 4,
                "transaction_type": "",
                "branch_code": "",
                "pledge_quantity": 0,
                "quantity": 4,
                "t2_price": 0,
                "t1_price": 0
              },
              {
                "instrument_details": {
                  "exchange": 1,
                  "instrument_name": "EQ",
                  "instrument_token": 25756,
                  "trading_symbol": "VIKASECO-EQ"
                },
                "client_id": "REDACTED",
                "exchange": "NSE",
                "pledge_value": 0,
                "t1_quantity": 0,
                "net_holding_quantity": 2,
                "buy_avg": 1.71,
                "squared_off_pledge_quantity": 0,
                "previous_close": 1.6,
                "t0_price": 0,
                "today_pledge_quantity": 0,
                "symbol": "VIKASECO",
                "actual_buy_avg": 1.71,
                "token": "REDACTED",
                "pledge_percentage": 0,
                "buy_avg_mtm": 0,
                "trading_symbol": "VIKASECO",
                "used_quantity": 0,
                "pledge_allow": false,
                "t2_quantity": 0,
                "squared_off_free_quantity": 0,
                "today_unpledge_quantity": 0,
                "isin": "INE806A01020",
                "pms_quantity": 2,
                "ltp": 1.6,
                "pending_quantity": 0,
                "t0_quantity": 0,
                "free_quantity": 2,
                "transaction_type": "",
                "branch_code": "",
                "pledge_quantity": 0,
                "quantity": 2,
                "t2_price": 0,
                "t1_price": 0
              },
              {
                "instrument_details": {
                  "exchange": 1,
                  "instrument_name": "EQ",
                  "instrument_token": 10576,
                  "trading_symbol": "NIFTYBEES-EQ"
                },
                "client_id": "REDACTED",
                "exchange": "NSE",
                "pledge_value": 0,
                "t1_quantity": 0,
                "net_holding_quantity": 1,
                "buy_avg": 293.52,
                "squared_off_pledge_quantity": 0,
                "previous_close": 294.37,
                "t0_price": 0,
                "today_pledge_quantity": 0,
                "symbol": "NIFTYBEES",
                "actual_buy_avg": 293.52,
                "token": "REDACTED",
                "pledge_percentage": 80,
                "buy_avg_mtm": 1.329999999999984,
                "trading_symbol": "NIFTYBEES",
                "used_quantity": 1,
                "pledge_allow": true,
                "t2_quantity": 0,
                "squared_off_free_quantity": 1,
                "today_unpledge_quantity": 0,
                "isin": "INF204KB14I2",
                "pms_quantity": 1,
                "ltp": 295.7,
                "pending_quantity": 0,
                "t0_quantity": 0,
                "free_quantity": 1,
                "transaction_type": "",
                "branch_code": "",
                "pledge_quantity": 0,
                "quantity": 1,
                "t2_price": 0,
                "t1_price": 0
              },
              {
                "instrument_details": {
                  "exchange": 1,
                  "instrument_name": "EQ",
                  "instrument_token": 14428,
                  "trading_symbol": "GOLDBEES-EQ"
                },
                "client_id": "REDACTED",
                "exchange": "NSE",
                "pledge_value": 0,
                "t1_quantity": 0,
                "net_holding_quantity": 1,
                "buy_avg": 100.28,
                "squared_off_pledge_quantity": 0,
                "previous_close": 102.23,
                "t0_price": 0,
                "today_pledge_quantity": 0,
                "symbol": "GOLDBEES",
                "actual_buy_avg": 100.28,
                "token": "REDACTED",
                "pledge_percentage": 65,
                "buy_avg_mtm": -0.5400000000000063,
                "trading_symbol": "GOLDBEES",
                "used_quantity": 1,
                "pledge_allow": true,
                "t2_quantity": 0,
                "squared_off_free_quantity": 1,
                "today_unpledge_quantity": 0,
                "isin": "INF204KB17I5",
                "pms_quantity": 1,
                "ltp": 101.69,
                "pending_quantity": 0,
                "t0_quantity": 0,
                "free_quantity": 1,
                "transaction_type": "",
                "branch_code": "",
                "pledge_quantity": 0,
                "quantity": 1,
                "t2_price": 0,
                "t1_price": 0
              }
            ]
          },
          "message": "",
          "status": "success"
        }
      },
      "responseString": {
        "data": {
          "holdings": [
            {
              "instrument_details": {
                "exchange": 1,
                "instrument_name": "EQ",
                "instrument_token": 9931,
                "trading_symbol": "VIKASLIFE-EQ"
              },
              "client_id": "REDACTED",
              "exchange": "NSE",
              "pledge_value": 0,
              "t1_quantity": 0,
              "net_holding_quantity": 20,
              "buy_avg": 2.03,
              "squared_off_pledge_quantity": 0,
              "previous_close": 1.96,
              "t0_price": 0,
              "today_pledge_quantity": 0,
              "symbol": "VIKASLIFE",
              "actual_buy_avg": 2.03,
              "token": "REDACTED",
              "pledge_percentage": 0,
              "buy_avg_mtm": -0.40000000000000036,
              "trading_symbol": "VIKASLIFE",
              "used_quantity": 0,
              "pledge_allow": false,
              "t2_quantity": 0,
              "squared_off_free_quantity": 0,
              "today_unpledge_quantity": 0,
              "isin": "INE161L01027",
              "pms_quantity": 20,
              "ltp": 1.94,
              "pending_quantity": 11,
              "t0_quantity": 0,
              "free_quantity": 9,
              "transaction_type": "",
              "branch_code": "",
              "pledge_quantity": 0,
              "quantity": 20,
              "t2_price": 0,
              "t1_price": 0
            },
            {
              "instrument_details": {
                "exchange": 1,
                "instrument_name": "EQ",
                "instrument_token": 757834,
                "trading_symbol": "RMDRIP-EQ"
              },
              "client_id": "REDACTED",
              "exchange": "NSE",
              "pledge_value": 0,
              "t1_quantity": 0,
              "net_holding_quantity": 1,
              "buy_avg": 81.04,
              "squared_off_pledge_quantity": 0,
              "previous_close": 80.11,
              "t0_price": 0,
              "today_pledge_quantity": 0,
              "symbol": "RMDRIP",
              "actual_buy_avg": 81.04,
              "token": "REDACTED",
              "pledge_percentage": 0,
              "buy_avg_mtm": -0.730000000000004,
              "trading_symbol": "RMDRIP",
              "used_quantity": 1,
              "pledge_allow": false,
              "t2_quantity": 0,
              "squared_off_free_quantity": 1,
              "today_unpledge_quantity": 0,
              "isin": "INE219Y01026",
              "pms_quantity": 1,
              "ltp": 79.38,
              "pending_quantity": 1,
              "t0_quantity": 0,
              "free_quantity": 0,
              "transaction_type": "",
              "branch_code": "",
              "pledge_quantity": 0,
              "quantity": 1,
              "t2_price": 0,
              "t1_price": 0
            },
            {
              "instrument_details": {
                "exchange": 1,
                "instrument_name": "EQ",
                "instrument_token": 13745,
                "trading_symbol": "GTLINFRA-EQ"
              },
              "client_id": "REDACTED",
              "exchange": "NSE",
              "pledge_value": 0,
              "t1_quantity": 0,
              "net_holding_quantity": 26,
              "buy_avg": 1.48,
              "squared_off_pledge_quantity": 0,
              "previous_close": 1.38,
              "t0_price": 0,
              "today_pledge_quantity": 0,
              "symbol": "GTLINFRA",
              "actual_buy_avg": 1.48,
              "token": "REDACTED",
              "pledge_percentage": 0,
              "buy_avg_mtm": 0.26000000000000023,
              "trading_symbol": "GTLINFRA",
              "used_quantity": 0,
              "pledge_allow": false,
              "t2_quantity": 0,
              "squared_off_free_quantity": 6,
              "today_unpledge_quantity": 0,
              "isin": "INE221H01019",
              "pms_quantity": 26,
              "ltp": 1.39,
              "pending_quantity": 1,
              "t0_quantity": 0,
              "free_quantity": 25,
              "transaction_type": "",
              "branch_code": "",
              "pledge_quantity": 0,
              "quantity": 26,
              "t2_price": 0,
              "t1_price": 0
            },
            {
              "instrument_details": {
                "exchange": 1,
                "instrument_name": "EQ",
                "instrument_token": 16249,
                "trading_symbol": "INFIBEAM-EQ"
              },
              "client_id": "REDACTED",
              "exchange": "NSE",
              "pledge_value": 0,
              "t1_quantity": 0,
              "net_holding_quantity": 2,
              "buy_avg": 19.84,
              "squared_off_pledge_quantity": 0,
              "previous_close": 20.12,
              "t0_price": 0,
              "today_pledge_quantity": 0,
              "symbol": "INFIBEAM",
              "actual_buy_avg": 19.84,
              "token": "REDACTED",
              "pledge_percentage": 0,
              "buy_avg_mtm": -1.480000000000004,
              "trading_symbol": "INFIBEAM",
              "used_quantity": 0,
              "pledge_allow": false,
              "t2_quantity": 0,
              "squared_off_free_quantity": 0,
              "today_unpledge_quantity": 0,
              "isin": "INE483S01020",
              "pms_quantity": 2,
              "ltp": 19.38,
              "pending_quantity": 0,
              "t0_quantity": 0,
              "free_quantity": 2,
              "transaction_type": "",
              "branch_code": "",
              "pledge_quantity": 0,
              "quantity": 2,
              "t2_price": 0,
              "t1_price": 0
            },
            {
              "instrument_details": {
                "exchange": 1,
                "instrument_name": "EQ",
                "instrument_token": 11915,
                "trading_symbol": "YESBANK-EQ"
              },
              "client_id": "REDACTED",
              "exchange": "NSE",
              "pledge_value": 0,
              "t1_quantity": 0,
              "net_holding_quantity": 6,
              "buy_avg": 23.41,
              "squared_off_pledge_quantity": 0,
              "previous_close": 22.93,
              "t0_price": 0,
              "today_pledge_quantity": 0,
              "symbol": "YESBANK",
              "actual_buy_avg": 23.41,
              "token": "REDACTED",
              "pledge_percentage": 70,
              "buy_avg_mtm": -1.0799999999999983,
              "trading_symbol": "YESBANK",
              "used_quantity": 6,
              "pledge_allow": true,
              "t2_quantity": 0,
              "squared_off_free_quantity": 6,
              "today_unpledge_quantity": 0,
              "isin": "INE528G01035",
              "pms_quantity": 6,
              "ltp": 22.75,
              "pending_quantity": 2,
              "t0_quantity": 0,
              "free_quantity": 4,
              "transaction_type": "",
              "branch_code": "",
              "pledge_quantity": 0,
              "quantity": 6,
              "t2_price": 0,
              "t1_price": 0
            },
            {
              "instrument_details": {
                "exchange": 1,
                "instrument_name": "EQ",
                "instrument_token": 14366,
                "trading_symbol": "IDEA-EQ"
              },
              "client_id": "REDACTED",
              "exchange": "NSE",
              "pledge_value": 0,
              "t1_quantity": 0,
              "net_holding_quantity": 11,
              "buy_avg": 10.55,
              "squared_off_pledge_quantity": 0,
              "previous_close": 10.69,
              "t0_price": 0,
              "today_pledge_quantity": 0,
              "symbol": "IDEA",
              "actual_buy_avg": 10.55,
              "token": "REDACTED",
              "pledge_percentage": 70,
              "buy_avg_mtm": -3.520000000000003,
              "trading_symbol": "IDEA",
              "used_quantity": 10,
              "pledge_allow": true,
              "t2_quantity": 0,
              "squared_off_free_quantity": 10,
              "today_unpledge_quantity": 0,
              "isin": "INE669E01016",
              "pms_quantity": 11,
              "ltp": 10.37,
              "pending_quantity": 0,
              "t0_quantity": 0,
              "free_quantity": 11,
              "transaction_type": "",
              "branch_code": "",
              "pledge_quantity": 0,
              "quantity": 11,
              "t2_price": 0,
              "t1_price": 0
            },
            {
              "instrument_details": {
                "exchange": 1,
                "instrument_name": "EQ",
                "instrument_token": 3594,
                "trading_symbol": "UNITECH-EQ"
              },
              "client_id": "REDACTED",
              "exchange": "NSE",
              "pledge_value": 0,
              "t1_quantity": 0,
              "net_holding_quantity": 4,
              "buy_avg": 7.48,
              "squared_off_pledge_quantity": 0,
              "previous_close": 6.45,
              "t0_price": 0,
              "today_pledge_quantity": 0,
              "symbol": "UNITECH",
              "actual_buy_avg": 7.48,
              "token": "REDACTED",
              "pledge_percentage": 0,
              "buy_avg_mtm": -0.08000000000000185,
              "trading_symbol": "UNITECH",
              "used_quantity": 2,
              "pledge_allow": false,
              "t2_quantity": 0,
              "squared_off_free_quantity": 2,
              "today_unpledge_quantity": 0,
              "isin": "INE694A01020",
              "pms_quantity": 4,
              "ltp": 6.43,
              "pending_quantity": 0,
              "t0_quantity": 0,
              "free_quantity": 4,
              "transaction_type": "",
              "branch_code": "",
              "pledge_quantity": 0,
              "quantity": 4,
              "t2_price": 0,
              "t1_price": 0
            },
            {
              "instrument_details": {
                "exchange": 1,
                "instrument_name": "EQ",
                "instrument_token": 25756,
                "trading_symbol": "VIKASECO-EQ"
              },
              "client_id": "REDACTED",
              "exchange": "NSE",
              "pledge_value": 0,
              "t1_quantity": 0,
              "net_holding_quantity": 2,
              "buy_avg": 1.71,
              "squared_off_pledge_quantity": 0,
              "previous_close": 1.6,
              "t0_price": 0,
              "today_pledge_quantity": 0,
              "symbol": "VIKASECO",
              "actual_buy_avg": 1.71,
              "token": "REDACTED",
              "pledge_percentage": 0,
              "buy_avg_mtm": 0,
              "trading_symbol": "VIKASECO",
              "used_quantity": 0,
              "pledge_allow": false,
              "t2_quantity": 0,
              "squared_off_free_quantity": 0,
              "today_unpledge_quantity": 0,
              "isin": "INE806A01020",
              "pms_quantity": 2,
              "ltp": 1.6,
              "pending_quantity": 0,
              "t0_quantity": 0,
              "free_quantity": 2,
              "transaction_type": "",
              "branch_code": "",
              "pledge_quantity": 0,
              "quantity": 2,
              "t2_price": 0,
              "t1_price": 0
            },
            {
              "instrument_details": {
                "exchange": 1,
                "instrument_name": "EQ",
                "instrument_token": 10576,
                "trading_symbol": "NIFTYBEES-EQ"
              },
              "client_id": "REDACTED",
              "exchange": "NSE",
              "pledge_value": 0,
              "t1_quantity": 0,
              "net_holding_quantity": 1,
              "buy_avg": 293.52,
              "squared_off_pledge_quantity": 0,
              "previous_close": 294.37,
              "t0_price": 0,
              "today_pledge_quantity": 0,
              "symbol": "NIFTYBEES",
              "actual_buy_avg": 293.52,
              "token": "REDACTED",
              "pledge_percentage": 80,
              "buy_avg_mtm": 1.329999999999984,
              "trading_symbol": "NIFTYBEES",
              "used_quantity": 1,
              "pledge_allow": true,
              "t2_quantity": 0,
              "squared_off_free_quantity": 1,
              "today_unpledge_quantity": 0,
              "isin": "INF204KB14I2",
              "pms_quantity": 1,
              "ltp": 295.7,
              "pending_quantity": 0,
              "t0_quantity": 0,
              "free_quantity": 1,
              "transaction_type": "",
              "branch_code": "",
              "pledge_quantity": 0,
              "quantity": 1,
              "t2_price": 0,
              "t1_price": 0
            },
            {
              "instrument_details": {
                "exchange": 1,
                "instrument_name": "EQ",
                "instrument_token": 14428,
                "trading_symbol": "GOLDBEES-EQ"
              },
              "client_id": "REDACTED",
              "exchange": "NSE",
              "pledge_value": 0,
              "t1_quantity": 0,
              "net_holding_quantity": 1,
              "buy_avg": 100.28,
              "squared_off_pledge_quantity": 0,
              "previous_close": 102.23,
              "t0_price": 0,
              "today_pledge_quantity": 0,
              "symbol": "GOLDBEES",
              "actual_buy_avg": 100.28,
              "token": "REDACTED",
              "pledge_percentage": 65,
              "buy_avg_mtm": -0.5400000000000063,
              "trading_symbol": "GOLDBEES",
              "used_quantity": 1,
              "pledge_allow": true,
              "t2_quantity": 0,
              "squared_off_free_quantity": 1,
              "today_unpledge_quantity": 0,
              "isin": "INF204KB17I5",
              "pms_quantity": 1,
              "ltp": 101.69,
              "pending_quantity": 0,
              "t0_quantity": 0,
              "free_quantity": 1,
              "transaction_type": "",
              "branch_code": "",
              "pledge_quantity": 0,
              "quantity": 1,
              "t2_price": 0,
              "t1_price": 0
            }
          ]
        },
        "message": "",
        "status": "success"
      }
    },
    "userId": "69045647228214990ee7483a",
    "brokerFunctionLogId": "ff884935-125d-4c57-99bb-d42416be9d7a",
    "functionName": "Portfolio.liveHoldings",
    "brokerName": "hdfcsky"
  },
  "reqId": "47fbae90-c5e3-11f0-997b-5f33bf0d7fc0",
  "msg": "",
  "time": "2025-11-20T07:34:00.571Z",
  "v": 0
},
