{
  "name": "sc.service.sc-integrations-brokers-api",
  "version": "3.8.9",
  "hostname": "ip-10-137-0-189",
  "pid": 2717,
  "type": "SC_BROKER",
  "level": 30,
  "context": {
    "options": {
      "accessToken": "REDACTED",
      "brokeruserId": "S2338362",
      "apiKey": "REDACTED",
      "apiSecret": "REDACTED"
    },
    "response": {
      "error": {
        "code": false,
        "reason": "error",
        "message": "Failed to fetch holdings",
        "stack": "Error: HTTP 401: {\"error\":\"invalid credentials\"}\n    at requestBroker (/deployments/sc-integrations-broker-api/node_modules/@smallcase/sc-integrations-broker-lib/src/brokers/hdfcsky/services/request.js:82:32)\n    at processTicksAndRejections (node:internal/process/task_queues:95:5)\n    at holdings (/deployments/sc-integrations-broker-api/node_modules/@smallcase/sc-integrations-broker-lib/src/brokers/hdfcsky/services/portfolio.js:38:52)\n    at Object.liveHoldings (/deployments/sc-integrations-broker-api/node_modules/@smallcase/sc-integrations-broker-lib/src/brokers/hdfcsky/services/portfolio.js:133:72)\n    at Object.liveHoldings (/deployments/sc-integrations-broker-api/node_modules/@smallcase/sc-integrations-broker-lib/src/brokers/hdfcsky/api.js:125:60)",
        "statusCode": 401,
        "body": {
          "error": "invalid credentials"
        }
      },
      "response": {
        "code": false,
        "reason": "error",
        "message": "Failed to fetch holdings",
        "stack": "Error: HTTP 401: {\"error\":\"invalid credentials\"}\n    at requestBroker (/deployments/sc-integrations-broker-api/node_modules/@smallcase/sc-integrations-broker-lib/src/brokers/hdfcsky/services/request.js:82:32)\n    at processTicksAndRejections (node:internal/process/task_queues:95:5)\n    at holdings (/deployments/sc-integrations-broker-api/node_modules/@smallcase/sc-integrations-broker-lib/src/brokers/hdfcsky/services/portfolio.js:38:52)\n    at Object.liveHoldings (/deployments/sc-integrations-broker-api/node_modules/@smallcase/sc-integrations-broker-lib/src/brokers/hdfcsky/services/portfolio.js:133:72)\n    at Object.liveHoldings (/deployments/sc-integrations-broker-api/node_modules/@smallcase/sc-integrations-broker-lib/src/brokers/hdfcsky/api.js:125:60)",
        "statusCode": 401,
        "body": {
          "error": "invalid credentials"
        }
      }
    },
    "userId": "69045647228214990ee7483a",
    "brokerFunctionLogId": "df42016e-1a70-48f0-8733-37d034bcd644",
    "brokerApi": {
      "functionName": "Portfolio.liveHoldings",
      "brokerName": "hdfcsky"
    }
  },
  "reqId": "e15d7ec0-c5ec-11f0-bdec-51047f4f1818",
  "msg": "broker lib function response recieved",
  "time": "2025-11-20T08:42:43.264Z",
  "v": 0
},
{
  "name": "sc.service.sc-integrations-brokers-api",
  "version": "3.8.9",
  "hostname": "ip-10-137-0-189",
  "pid": 2717,
  "type": "SC_BROKER",
  "level": 40,
  "err": {
    "message": "Failed to fetch holdings",
    "stack": "Error: HTTP 401: {\"error\":\"invalid credentials\"}\n    at requestBroker (/deployments/sc-integrations-broker-api/node_modules/@smallcase/sc-integrations-broker-lib/src/brokers/hdfcsky/services/request.js:82:32)\n    at processTicksAndRejections (node:internal/process/task_queues:95:5)\n    at holdings (/deployments/sc-integrations-broker-api/node_modules/@smallcase/sc-integrations-broker-lib/src/brokers/hdfcsky/services/portfolio.js:38:52)\n    at Object.liveHoldings (/deployments/sc-integrations-broker-api/node_modules/@smallcase/sc-integrations-broker-lib/src/brokers/hdfcsky/services/portfolio.js:133:72)\n    at Object.liveHoldings (/deployments/sc-integrations-broker-api/node_modules/@smallcase/sc-integrations-broker-lib/src/brokers/hdfcsky/api.js:125:60)"
  },
  "context": {
    "broker": "hdfcsky",
    "msg": "Error in fetching live holdings",
    "details": {
      "options": {
        "accessToken": "REDACTED",
        "brokeruserId": "S2338362",
        "apiKey": "REDACTED",
        "apiSecret": "REDACTED"
      }
    },
    "userId": "69045647228214990ee7483a",
    "brokerFunctionLogId": "df42016e-1a70-48f0-8733-37d034bcd644",
    "functionName": "Portfolio.liveHoldings",
    "brokerName": "hdfcsky"
  },
  "reqId": "e15d7ec0-c5ec-11f0-bdec-51047f4f1818",
  "msg": "",
  "time": "2025-11-20T08:42:43.261Z",
  "v": 0
},
{
  "name": "sc.service.sc-integrations-brokers-api",
  "version": "3.8.9",
  "hostname": "ip-10-137-0-189",
  "pid": 2717,
  "type": "SC_BROKER",
  "level": 50,
  "err": {
    "message": "Request failed with status code 401",
    "name": "AxiosError",
    "stack": "AxiosError: Request failed with status code 401\n    at settle (/deployments/sc-integrations-broker-api/node_modules/axios/lib/core/settle.js:17:12)\n    at IncomingMessage.handleStreamEnd (/deployments/sc-integrations-broker-api/node_modules/axios/lib/adapters/http.js:382:11)\n    at IncomingMessage.emit (node:events:525:35)\n    at endReadableNT (node:internal/streams/readable:1359:12)\n    at processTicksAndRejections (node:internal/process/task_queues:82:21)"
  },
  "context": {
    "broker": "hdfcsky",
    "msg": "Error in request - Request failed with status code 401",
    "details": {
      "request": {
        "url": "https://developer.hdfcsky.com/oapi/v1/holdings?api_key=1bc928ff1ce54970b0a2f2ae4740dc77&client_id=S2338362",
        "method": "GET",
        "headers": {
          "Authorization": "REDACTED",
          "Content-Type": "application/json"
        },
        "timeout": 20000
      },
      "userId": "S2338362",
      "accessToken": "REDACTED",
      "response": {
        "error": "invalid credentials"
      }
    },
    "userId": "69045647228214990ee7483a",
    "brokerFunctionLogId": "df42016e-1a70-48f0-8733-37d034bcd644",
    "functionName": "Portfolio.liveHoldings",
    "brokerName": "hdfcsky"
  },
  "reqId": "e15d7ec0-c5ec-11f0-bdec-51047f4f1818",
  "msg": "",
  "time": "2025-11-20T08:42:43.260Z",
  "v": 0
},
{
  "name": "sc.service.sc-integrations-brokers-api",
  "version": "3.8.9",
  "hostname": "ip-10-137-0-189",
  "pid": 2717,
  "type": "SC_BROKER",
  "level": 30,
  "context": {
    "options": {
      "accessToken": "REDACTED",
      "brokeruserId": "S2338362",
      "apiKey": "REDACTED",
      "apiSecret": "REDACTED"
    },
    "response": {
      "error": {
        "code": false,
        "reason": "error",
        "message": "Failed to fetch holdings",
        "stack": "Error: HTTP 401: {\"error\":\"invalid credentials\"}\n    at requestBroker (/deployments/sc-integrations-broker-api/node_modules/@smallcase/sc-integrations-broker-lib/src/brokers/hdfcsky/services/request.js:82:32)\n    at processTicksAndRejections (node:internal/process/task_queues:95:5)\n    at holdings (/deployments/sc-integrations-broker-api/node_modules/@smallcase/sc-integrations-broker-lib/src/brokers/hdfcsky/services/portfolio.js:38:52)\n    at Object.liveHoldings (/deployments/sc-integrations-broker-api/node_modules/@smallcase/sc-integrations-broker-lib/src/brokers/hdfcsky/services/portfolio.js:133:72)\n    at Object.liveHoldings (/deployments/sc-integrations-broker-api/node_modules/@smallcase/sc-integrations-broker-lib/src/brokers/hdfcsky/api.js:125:60)",
        "statusCode": 401,
        "body": {
          "error": "invalid credentials"
        }
      },
      "response": {
        "code": false,
        "reason": "error",
        "message": "Failed to fetch holdings",
        "stack": "Error: HTTP 401: {\"error\":\"invalid credentials\"}\n    at requestBroker (/deployments/sc-integrations-broker-api/node_modules/@smallcase/sc-integrations-broker-lib/src/brokers/hdfcsky/services/request.js:82:32)\n    at processTicksAndRejections (node:internal/process/task_queues:95:5)\n    at holdings (/deployments/sc-integrations-broker-api/node_modules/@smallcase/sc-integrations-broker-lib/src/brokers/hdfcsky/services/portfolio.js:38:52)\n    at Object.liveHoldings (/deployments/sc-integrations-broker-api/node_modules/@smallcase/sc-integrations-broker-lib/src/brokers/hdfcsky/services/portfolio.js:133:72)\n    at Object.liveHoldings (/deployments/sc-integrations-broker-api/node_modules/@smallcase/sc-integrations-broker-lib/src/brokers/hdfcsky/api.js:125:60)",
        "statusCode": 401,
        "body": {
          "error": "invalid credentials"
        }
      }
    },
    "userId": "69045647228214990ee7483a",
    "brokerFunctionLogId": "6da548cf-303c-4f8c-a7b8-1334a8cfb030",
    "brokerApi": {
      "functionName": "Portfolio.liveHoldings",
      "brokerName": "hdfcsky"
    }
  },
  "reqId": "e13e8510-c5ec-11f0-bdec-51047f4f1818",
  "msg": "broker lib function response recieved",
  "time": "2025-11-20T08:42:43.060Z",
  "v": 0
},
{
  "name": "sc.service.sc-integrations-brokers-api",
  "version": "3.8.9",
  "hostname": "ip-10-137-0-189",
  "pid": 2717,
  "type": "SC_BROKER",
  "level": 50,
  "err": {
    "message": "Request failed with status code 401",
    "name": "AxiosError",
    "stack": "AxiosError: Request failed with status code 401\n    at settle (/deployments/sc-integrations-broker-api/node_modules/axios/lib/core/settle.js:17:12)\n    at IncomingMessage.handleStreamEnd (/deployments/sc-integrations-broker-api/node_modules/axios/lib/adapters/http.js:382:11)\n    at IncomingMessage.emit (node:events:525:35)\n    at endReadableNT (node:internal/streams/readable:1359:12)\n    at processTicksAndRejections (node:internal/process/task_queues:82:21)"
  },
  "context": {
    "broker": "hdfcsky",
    "msg": "Error in request - Request failed with status code 401",
    "details": {
      "request": {
        "url": "https://developer.hdfcsky.com/oapi/v1/holdings?api_key=1bc928ff1ce54970b0a2f2ae4740dc77&client_id=S2338362",
        "method": "GET",
        "headers": {
          "Authorization": "REDACTED",
          "Content-Type": "application/json"
        },
        "timeout": 20000
      },
      "userId": "S2338362",
      "accessToken": "REDACTED",
      "response": {
        "error": "invalid credentials"
      }
    },
    "userId": "69045647228214990ee7483a",
    "brokerFunctionLogId": "6da548cf-303c-4f8c-a7b8-1334a8cfb030",
    "functionName": "Portfolio.liveHoldings",
    "brokerName": "hdfcsky"
  },
  "reqId": "e13e8510-c5ec-11f0-bdec-51047f4f1818",
  "msg": "",
  "time": "2025-11-20T08:42:43.059Z",
  "v": 0
},
{
  "name": "sc.service.sc-integrations-brokers-api",
  "version": "3.8.9",
  "hostname": "ip-10-137-0-189",
  "pid": 2717,
  "type": "SC_BROKER",
  "level": 40,
  "err": {
    "message": "Failed to fetch holdings",
    "stack": "Error: HTTP 401: {\"error\":\"invalid credentials\"}\n    at requestBroker (/deployments/sc-integrations-broker-api/node_modules/@smallcase/sc-integrations-broker-lib/src/brokers/hdfcsky/services/request.js:82:32)\n    at processTicksAndRejections (node:internal/process/task_queues:95:5)\n    at holdings (/deployments/sc-integrations-broker-api/node_modules/@smallcase/sc-integrations-broker-lib/src/brokers/hdfcsky/services/portfolio.js:38:52)\n    at Object.liveHoldings (/deployments/sc-integrations-broker-api/node_modules/@smallcase/sc-integrations-broker-lib/src/brokers/hdfcsky/services/portfolio.js:133:72)\n    at Object.liveHoldings (/deployments/sc-integrations-broker-api/node_modules/@smallcase/sc-integrations-broker-lib/src/brokers/hdfcsky/api.js:125:60)"
  },
  "context": {
    "broker": "hdfcsky",
    "msg": "Error in fetching live holdings",
    "details": {
      "options": {
        "accessToken": "REDACTED",
        "brokeruserId": "S2338362",
        "apiKey": "REDACTED",
        "apiSecret": "REDACTED"
      }
    },
    "userId": "69045647228214990ee7483a",
    "brokerFunctionLogId": "6da548cf-303c-4f8c-a7b8-1334a8cfb030",
    "functionName": "Portfolio.liveHoldings",
    "brokerName": "hdfcsky"
  },
  "reqId": "e13e8510-c5ec-11f0-bdec-51047f4f1818",
  "msg": "",
  "time": "2025-11-20T08:42:43.059Z",
  "v": 0
},
{
  "name": "sc.service.sc-integrations-brokers-api",
  "version": "3.8.9",
  "hostname": "ip-10-137-0-189",
  "pid": 2717,
  "type": "SC_BROKER",
  "level": 40,
  "err": {
    "message": "Failed to fetch holdings",
    "stack": "Error: HTTP 401: {\"error\":\"invalid credentials\"}\n    at requestBroker (/deployments/sc-integrations-broker-api/node_modules/@smallcase/sc-integrations-broker-lib/src/brokers/hdfcsky/services/request.js:82:32)\n    at processTicksAndRejections (node:internal/process/task_queues:95:5)\n    at holdings (/deployments/sc-integrations-broker-api/node_modules/@smallcase/sc-integrations-broker-lib/src/brokers/hdfcsky/services/portfolio.js:38:52)\n    at Object.liveHoldings (/deployments/sc-integrations-broker-api/node_modules/@smallcase/sc-integrations-broker-lib/src/brokers/hdfcsky/services/portfolio.js:133:72)\n    at Object.liveHoldings (/deployments/sc-integrations-broker-api/node_modules/@smallcase/sc-integrations-broker-lib/src/brokers/hdfcsky/api.js:125:60)"
  },
  "context": {
    "broker": "hdfcsky",
    "msg": "Error in fetching live holdings",
    "details": {
      "options": {
        "accessToken": "REDACTED",
        "brokeruserId": "S2338362",
        "apiKey": "REDACTED",
        "apiSecret": "REDACTED"
      }
    },
    "userId": "69045647228214990ee7483a",
    "brokerFunctionLogId": "fea89f35-7e5d-42d3-a6f8-6737ce31273a",
    "functionName": "Portfolio.liveHoldings",
    "brokerName": "hdfcsky"
  },
  "reqId": "e125f400-c5ec-11f0-bdec-51047f4f1818",
  "msg": "",
  "time": "2025-11-20T08:42:42.909Z",
  "v": 0
},
{
  "name": "sc.service.sc-integrations-brokers-api",
  "version": "3.8.9",
  "hostname": "ip-10-137-0-189",
  "pid": 2717,
  "type": "SC_BROKER",
  "level": 30,
  "context": {
    "options": {
      "accessToken": "REDACTED",
      "brokeruserId": "S2338362",
      "apiKey": "REDACTED",
      "apiSecret": "REDACTED"
    },
    "response": {
      "error": {
        "code": false,
        "reason": "error",
        "message": "Failed to fetch holdings",
        "stack": "Error: HTTP 401: {\"error\":\"invalid credentials\"}\n    at requestBroker (/deployments/sc-integrations-broker-api/node_modules/@smallcase/sc-integrations-broker-lib/src/brokers/hdfcsky/services/request.js:82:32)\n    at processTicksAndRejections (node:internal/process/task_queues:95:5)\n    at holdings (/deployments/sc-integrations-broker-api/node_modules/@smallcase/sc-integrations-broker-lib/src/brokers/hdfcsky/services/portfolio.js:38:52)\n    at Object.liveHoldings (/deployments/sc-integrations-broker-api/node_modules/@smallcase/sc-integrations-broker-lib/src/brokers/hdfcsky/services/portfolio.js:133:72)\n    at Object.liveHoldings (/deployments/sc-integrations-broker-api/node_modules/@smallcase/sc-integrations-broker-lib/src/brokers/hdfcsky/api.js:125:60)",
        "statusCode": 401,
        "body": {
          "error": "invalid credentials"
        }
      },
      "response": {
        "code": false,
        "reason": "error",
        "message": "Failed to fetch holdings",
        "stack": "Error: HTTP 401: {\"error\":\"invalid credentials\"}\n    at requestBroker (/deployments/sc-integrations-broker-api/node_modules/@smallcase/sc-integrations-broker-lib/src/brokers/hdfcsky/services/request.js:82:32)\n    at processTicksAndRejections (node:internal/process/task_queues:95:5)\n    at holdings (/deployments/sc-integrations-broker-api/node_modules/@smallcase/sc-integrations-broker-lib/src/brokers/hdfcsky/services/portfolio.js:38:52)\n    at Object.liveHoldings (/deployments/sc-integrations-broker-api/node_modules/@smallcase/sc-integrations-broker-lib/src/brokers/hdfcsky/services/portfolio.js:133:72)\n    at Object.liveHoldings (/deployments/sc-integrations-broker-api/node_modules/@smallcase/sc-integrations-broker-lib/src/brokers/hdfcsky/api.js:125:60)",
        "statusCode": 401,
        "body": {
          "error": "invalid credentials"
        }
      }
    },
    "userId": "69045647228214990ee7483a",
    "brokerFunctionLogId": "fea89f35-7e5d-42d3-a6f8-6737ce31273a",
    "brokerApi": {
      "functionName": "Portfolio.liveHoldings",
      "brokerName": "hdfcsky"
    }
  },
  "reqId": "e125f400-c5ec-11f0-bdec-51047f4f1818",
  "msg": "broker lib function response recieved",
  "time": "2025-11-20T08:42:42.909Z",
  "v": 0
},
{
  "name": "sc.service.sc-integrations-brokers-api",
  "version": "3.8.9",
  "hostname": "ip-10-137-0-189",
  "pid": 2717,
  "type": "SC_BROKER",
  "level": 50,
  "err": {
    "message": "Request failed with status code 401",
    "name": "AxiosError",
    "stack": "AxiosError: Request failed with status code 401\n    at settle (/deployments/sc-integrations-broker-api/node_modules/axios/lib/core/settle.js:17:12)\n    at IncomingMessage.handleStreamEnd (/deployments/sc-integrations-broker-api/node_modules/axios/lib/adapters/http.js:382:11)\n    at IncomingMessage.emit (node:events:525:35)\n    at endReadableNT (node:internal/streams/readable:1359:12)\n    at processTicksAndRejections (node:internal/process/task_queues:82:21)"
  },
  "context": {
    "broker": "hdfcsky",
    "msg": "Error in request - Request failed with status code 401",
    "details": {
      "request": {
        "url": "https://developer.hdfcsky.com/oapi/v1/holdings?api_key=1bc928ff1ce54970b0a2f2ae4740dc77&client_id=S2338362",
        "method": "GET",
        "headers": {
          "Authorization": "REDACTED",
          "Content-Type": "application/json"
        },
        "timeout": 20000
      },
      "userId": "S2338362",
      "accessToken": "REDACTED",
      "response": {
        "error": "invalid credentials"
      }
    },
    "userId": "69045647228214990ee7483a",
    "brokerFunctionLogId": "fea89f35-7e5d-42d3-a6f8-6737ce31273a",
    "functionName": "Portfolio.liveHoldings",
    "brokerName": "hdfcsky"
  },
  "reqId": "e125f400-c5ec-11f0-bdec-51047f4f1818",
  "msg": "",
  "time": "2025-11-20T08:42:42.908Z",
  "v": 0
},
{
  "name": "sc.service.sc-integrations-brokers-api",
  "version": "3.8.9",
  "hostname": "ip-10-137-0-189",
  "pid": 2710,
  "type": "SC_BROKER",
  "level": 30,
  "context": {
    "options": {
      "accessToken": "REDACTED",
      "segment": "equity",
      "apiKey": "REDACTED",
      "apiSecret": "REDACTED"
    },
    "response": {
      "error": null,
      "response": {
        "code": false,
        "reason": "failure",
        "statusCode": 501
      }
    },
    "userId": "69045647228214990ee7483a",
    "brokerFunctionLogId": "db06fa6b-7757-4842-866e-2482568b95e7",
    "brokerApi": {
      "functionName": "Funds.get",
      "brokerName": "hdfcsky"
    }
  },
  "reqId": "e0fa7730-c5ec-11f0-93c3-09a9fea7c49a",
  "msg": "broker lib function response recieved",
  "time": "2025-11-20T08:42:42.597Z",
  "v": 0
},
{
  "name": "sc.service.sc-integrations-brokers-api",
  "version": "3.8.9",
  "hostname": "ip-10-137-0-189",
  "pid": 2717,
  "type": "SC_BROKER",
  "level": 30,
  "context": {
    "options": {
      "accessToken": "REDACTED",
      "apiKey": "REDACTED",
      "apiSecret": "REDACTED",
      "buyAmount": 0,
      "sellAmount": 0,
      "stocksCount": 0
    },
    "response": {
      "error": null,
      "response": {
        "code": true,
        "reason": "success",
        "sufficientFunds": true,
        "requiredFunds": 0,
        "allowedSellValues": {
          "T0": 0,
          "T1": 1
        }
      }
    },
    "user": {
      "id": "69045647228214990ee7483a"
    },
    "brokerFunctionLogId": "61c6a525-9196-4877-91d1-a47c99a0664c",
    "brokerApi": {
      "functionName": "Funds.check",
      "brokerName": "hdfcsky"
    }
  },
  "reqId": "e0de1590-c5ec-11f0-bdec-51047f4f1818",
  "msg": "broker lib function response recieved",
  "time": "2025-11-20T08:42:42.411Z",
  "v": 0
},
{
  "name": "sc.service.sc-integrations-brokers-api",
  "version": "3.8.9",
  "hostname": "ip-10-137-0-189",
  "pid": 2710,
  "type": "SC_BROKER",
  "level": 30,
  "context": {
    "options": {
      "segment": "equity",
      "accessToken": "REDACTED",
      "buyAmount": 0,
      "variety": "regular",
      "ipAddress": "REDACTED",
      "noErrorType": true,
      "rebalanceBasketFlag": false,
      "clientDetails": {
        "channel": "web",
        "channelIp": "2405:201:5004:3c3:ac14:7eb:f6d9:1819",
        "appInstallId": "e18d5850-8500-5448-b192-c39fa80551ae",
        "appVersion": "1.0.0",
        "userAgent": "Mozilla/5.0 (Macintosh; Intel Mac OS X 10_15_7) AppleWebKit/537.36 (KHTML, like Gecko) Chrome/142.0.0.0 Safari/537.36"
      },
      "apiKey": "REDACTED",
      "apiSecret": "REDACTED",
      "sellAmount": 0,
      "stocksCount": 0
    },
    "response": {
      "error": null,
      "response": {
        "code": true,
        "reason": "success",
        "sufficientFunds": true,
        "requiredFunds": 0,
        "allowedSellValues": {
          "T0": 0,
          "T1": 1
        }
      }
    },
    "userId": "69045647228214990ee7483a",
    "brokerFunctionLogId": "df892659-3a89-4073-bf5c-514c340346fa",
    "brokerApi": {
      "functionName": "Funds.check",
      "brokerName": "hdfcsky"
    }
  },
  "reqId": "cec44b90-c5ec-11f0-93c3-09a9fea7c49a",
  "msg": "broker lib function response recieved",
  "time": "2025-11-20T08:42:12.044Z",
  "v": 0
},
{
  "name": "sc.service.sc-integrations-brokers-api",
  "version": "3.8.9",
  "hostname": "ip-10-137-0-189",
  "pid": 2717,
  "type": "SC_BROKER",
  "level": 30,
  "context": {
    "options": {
      "accessToken": "REDACTED",
      "brokeruserId": "S10272",
      "apiKey": "REDACTED",
      "apiSecret": "REDACTED"
    },
    "response": {
      "error": {
        "code": false,
        "reason": "error",
        "message": "Failed to fetch holdings",
        "stack": "Error: HTTP 401: {\"error\":\"invalid credentials\"}\n    at requestBroker (/deployments/sc-integrations-broker-api/node_modules/@smallcase/sc-integrations-broker-lib/src/brokers/hdfcsky/services/request.js:82:32)\n    at processTicksAndRejections (node:internal/process/task_queues:95:5)\n    at holdings (/deployments/sc-integrations-broker-api/node_modules/@smallcase/sc-integrations-broker-lib/src/brokers/hdfcsky/services/portfolio.js:38:52)\n    at Object.liveHoldings (/deployments/sc-integrations-broker-api/node_modules/@smallcase/sc-integrations-broker-lib/src/brokers/hdfcsky/services/portfolio.js:133:72)\n    at Object.liveHoldings (/deployments/sc-integrations-broker-api/node_modules/@smallcase/sc-integrations-broker-lib/src/brokers/hdfcsky/api.js:125:60)",
        "statusCode": 401,
        "body": {
          "error": "invalid credentials"
        }
      },
      "response": {
        "code": false,
        "reason": "error",
        "message": "Failed to fetch holdings",
        "stack": "Error: HTTP 401: {\"error\":\"invalid credentials\"}\n    at requestBroker (/deployments/sc-integrations-broker-api/node_modules/@smallcase/sc-integrations-broker-lib/src/brokers/hdfcsky/services/request.js:82:32)\n    at processTicksAndRejections (node:internal/process/task_queues:95:5)\n    at holdings (/deployments/sc-integrations-broker-api/node_modules/@smallcase/sc-integrations-broker-lib/src/brokers/hdfcsky/services/portfolio.js:38:52)\n    at Object.liveHoldings (/deployments/sc-integrations-broker-api/node_modules/@smallcase/sc-integrations-broker-lib/src/brokers/hdfcsky/services/portfolio.js:133:72)\n    at Object.liveHoldings (/deployments/sc-integrations-broker-api/node_modules/@smallcase/sc-integrations-broker-lib/src/brokers/hdfcsky/api.js:125:60)",
        "statusCode": 401,
        "body": {
          "error": "invalid credentials"
        }
      }
    },
    "userId": "69044940460b987a8555aba0",
    "brokerFunctionLogId": "16b22c8b-27af-4654-84e0-2aa4cb83c807",
    "brokerApi": {
      "functionName": "Portfolio.liveHoldings",
      "brokerName": "hdfcsky"
    }
  },
  "reqId": "6a2bcd40-c5ea-11f0-bdec-51047f4f1818",
  "msg": "broker lib function response recieved",
  "time": "2025-11-20T08:25:04.300Z",
  "v": 0
},
{
  "name": "sc.service.sc-integrations-brokers-api",
  "version": "3.8.9",
  "hostname": "ip-10-137-0-189",
  "pid": 2717,
  "type": "SC_BROKER",
  "level": 40,
  "err": {
    "message": "Failed to fetch holdings",
    "stack": "Error: HTTP 401: {\"error\":\"invalid credentials\"}\n    at requestBroker (/deployments/sc-integrations-broker-api/node_modules/@smallcase/sc-integrations-broker-lib/src/brokers/hdfcsky/services/request.js:82:32)\n    at processTicksAndRejections (node:internal/process/task_queues:95:5)\n    at holdings (/deployments/sc-integrations-broker-api/node_modules/@smallcase/sc-integrations-broker-lib/src/brokers/hdfcsky/services/portfolio.js:38:52)\n    at Object.liveHoldings (/deployments/sc-integrations-broker-api/node_modules/@smallcase/sc-integrations-broker-lib/src/brokers/hdfcsky/services/portfolio.js:133:72)\n    at Object.liveHoldings (/deployments/sc-integrations-broker-api/node_modules/@smallcase/sc-integrations-broker-lib/src/brokers/hdfcsky/api.js:125:60)"
  },
  "context": {
    "broker": "hdfcsky",
    "msg": "Error in fetching live holdings",
    "details": {
      "options": {
        "accessToken": "REDACTED",
        "brokeruserId": "S10272",
        "apiKey": "REDACTED",
        "apiSecret": "REDACTED"
      }
    },
    "userId": "69044940460b987a8555aba0",
    "brokerFunctionLogId": "16b22c8b-27af-4654-84e0-2aa4cb83c807",
    "functionName": "Portfolio.liveHoldings",
    "brokerName": "hdfcsky"
  },
  "reqId": "6a2bcd40-c5ea-11f0-bdec-51047f4f1818",
  "msg": "",
  "time": "2025-11-20T08:25:04.298Z",
  "v": 0
},
{
  "name": "sc.service.sc-integrations-brokers-api",
  "version": "3.8.9",
  "hostname": "ip-10-137-0-189",
  "pid": 2717,
  "type": "SC_BROKER",
  "level": 50,
  "err": {
    "message": "Request failed with status code 401",
    "name": "AxiosError",
    "stack": "AxiosError: Request failed with status code 401\n    at settle (/deployments/sc-integrations-broker-api/node_modules/axios/lib/core/settle.js:17:12)\n    at IncomingMessage.handleStreamEnd (/deployments/sc-integrations-broker-api/node_modules/axios/lib/adapters/http.js:382:11)\n    at IncomingMessage.emit (node:events:525:35)\n    at endReadableNT (node:internal/streams/readable:1359:12)\n    at processTicksAndRejections (node:internal/process/task_queues:82:21)"
  },
  "context": {
    "broker": "hdfcsky",
    "msg": "Error in request - Request failed with status code 401",
    "details": {
      "request": {
        "url": "https://developer.hdfcsky.com/oapi/v1/holdings?api_key=1bc928ff1ce54970b0a2f2ae4740dc77&client_id=S10272",
        "method": "GET",
        "headers": {
          "Authorization": "REDACTED",
          "Content-Type": "application/json"
        },
        "timeout": 20000
      },
      "userId": "S10272",
      "accessToken": "REDACTED",
      "response": {
        "error": "invalid credentials"
      }
    },
    "userId": "69044940460b987a8555aba0",
    "brokerFunctionLogId": "16b22c8b-27af-4654-84e0-2aa4cb83c807",
    "functionName": "Portfolio.liveHoldings",
    "brokerName": "hdfcsky"
  },
  "reqId": "6a2bcd40-c5ea-11f0-bdec-51047f4f1818",
  "msg": "",
  "time": "2025-11-20T08:25:04.297Z",
  "v": 0
},
{
  "name": "sc.service.sc-integrations-brokers-api",
  "version": "3.8.9",
  "hostname": "ip-10-137-0-189",
  "pid": 2717,
  "type": "SC_BROKER",
  "level": 30,
  "context": {
    "options": {
      "accessToken": "REDACTED",
      "brokeruserId": "S10272",
      "apiKey": "REDACTED",
      "apiSecret": "REDACTED"
    },
    "response": {
      "error": {
        "code": false,
        "reason": "error",
        "message": "Failed to fetch holdings",
        "stack": "Error: HTTP 401: {\"error\":\"invalid credentials\"}\n    at requestBroker (/deployments/sc-integrations-broker-api/node_modules/@smallcase/sc-integrations-broker-lib/src/brokers/hdfcsky/services/request.js:82:32)\n    at processTicksAndRejections (node:internal/process/task_queues:95:5)\n    at holdings (/deployments/sc-integrations-broker-api/node_modules/@smallcase/sc-integrations-broker-lib/src/brokers/hdfcsky/services/portfolio.js:38:52)\n    at Object.liveHoldings (/deployments/sc-integrations-broker-api/node_modules/@smallcase/sc-integrations-broker-lib/src/brokers/hdfcsky/services/portfolio.js:133:72)\n    at Object.liveHoldings (/deployments/sc-integrations-broker-api/node_modules/@smallcase/sc-integrations-broker-lib/src/brokers/hdfcsky/api.js:125:60)",
        "statusCode": 401,
        "body": {
          "error": "invalid credentials"
        }
      },
      "response": {
        "code": false,
        "reason": "error",
        "message": "Failed to fetch holdings",
        "stack": "Error: HTTP 401: {\"error\":\"invalid credentials\"}\n    at requestBroker (/deployments/sc-integrations-broker-api/node_modules/@smallcase/sc-integrations-broker-lib/src/brokers/hdfcsky/services/request.js:82:32)\n    at processTicksAndRejections (node:internal/process/task_queues:95:5)\n    at holdings (/deployments/sc-integrations-broker-api/node_modules/@smallcase/sc-integrations-broker-lib/src/brokers/hdfcsky/services/portfolio.js:38:52)\n    at Object.liveHoldings (/deployments/sc-integrations-broker-api/node_modules/@smallcase/sc-integrations-broker-lib/src/brokers/hdfcsky/services/portfolio.js:133:72)\n    at Object.liveHoldings (/deployments/sc-integrations-broker-api/node_modules/@smallcase/sc-integrations-broker-lib/src/brokers/hdfcsky/api.js:125:60)",
        "statusCode": 401,
        "body": {
          "error": "invalid credentials"
        }
      }
    },
    "userId": "69044940460b987a8555aba0",
    "brokerFunctionLogId": "dd5031f8-5838-4862-83a8-f21be1bcb6ce",
    "brokerApi": {
      "functionName": "Portfolio.liveHoldings",
      "brokerName": "hdfcsky"
    }
  },
  "reqId": "6a211ee0-c5ea-11f0-bdec-51047f4f1818",
  "msg": "broker lib function response recieved",
  "time": "2025-11-20T08:25:04.228Z",
  "v": 0
},
{
  "name": "sc.service.sc-integrations-brokers-api",
  "version": "3.8.9",
  "hostname": "ip-10-137-0-189",
  "pid": 2717,
  "type": "SC_BROKER",
  "level": 40,
  "err": {
    "message": "Failed to fetch holdings",
    "stack": "Error: HTTP 401: {\"error\":\"invalid credentials\"}\n    at requestBroker (/deployments/sc-integrations-broker-api/node_modules/@smallcase/sc-integrations-broker-lib/src/brokers/hdfcsky/services/request.js:82:32)\n    at processTicksAndRejections (node:internal/process/task_queues:95:5)\n    at holdings (/deployments/sc-integrations-broker-api/node_modules/@smallcase/sc-integrations-broker-lib/src/brokers/hdfcsky/services/portfolio.js:38:52)\n    at Object.liveHoldings (/deployments/sc-integrations-broker-api/node_modules/@smallcase/sc-integrations-broker-lib/src/brokers/hdfcsky/services/portfolio.js:133:72)\n    at Object.liveHoldings (/deployments/sc-integrations-broker-api/node_modules/@smallcase/sc-integrations-broker-lib/src/brokers/hdfcsky/api.js:125:60)"
  },
  "context": {
    "broker": "hdfcsky",
    "msg": "Error in fetching live holdings",
    "details": {
      "options": {
        "accessToken": "REDACTED",
        "brokeruserId": "S10272",
        "apiKey": "REDACTED",
        "apiSecret": "REDACTED"
      }
    },
    "userId": "69044940460b987a8555aba0",
    "brokerFunctionLogId": "dd5031f8-5838-4862-83a8-f21be1bcb6ce",
    "functionName": "Portfolio.liveHoldings",
    "brokerName": "hdfcsky"
  },
  "reqId": "6a211ee0-c5ea-11f0-bdec-51047f4f1818",
  "msg": "",
  "time": "2025-11-20T08:25:04.226Z",
  "v": 0
},
{
  "name": "sc.service.sc-integrations-brokers-api",
  "version": "3.8.9",
  "hostname": "ip-10-137-0-189",
  "pid": 2717,
  "type": "SC_BROKER",
  "level": 50,
  "err": {
    "message": "Request failed with status code 401",
    "name": "AxiosError",
    "stack": "AxiosError: Request failed with status code 401\n    at settle (/deployments/sc-integrations-broker-api/node_modules/axios/lib/core/settle.js:17:12)\n    at IncomingMessage.handleStreamEnd (/deployments/sc-integrations-broker-api/node_modules/axios/lib/adapters/http.js:382:11)\n    at IncomingMessage.emit (node:events:525:35)\n    at endReadableNT (node:internal/streams/readable:1359:12)\n    at processTicksAndRejections (node:internal/process/task_queues:82:21)"
  },
  "context": {
    "broker": "hdfcsky",
    "msg": "Error in request - Request failed with status code 401",
    "details": {
      "request": {
        "url": "https://developer.hdfcsky.com/oapi/v1/holdings?api_key=1bc928ff1ce54970b0a2f2ae4740dc77&client_id=S10272",
        "method": "GET",
        "headers": {
          "Authorization": "REDACTED",
          "Content-Type": "application/json"
        },
        "timeout": 20000
      },
      "userId": "S10272",
      "accessToken": "REDACTED",
      "response": {
        "error": "invalid credentials"
      }
    },
    "userId": "69044940460b987a8555aba0",
    "brokerFunctionLogId": "dd5031f8-5838-4862-83a8-f21be1bcb6ce",
    "functionName": "Portfolio.liveHoldings",
    "brokerName": "hdfcsky"
  },
  "reqId": "6a211ee0-c5ea-11f0-bdec-51047f4f1818",
  "msg": "",
  "time": "2025-11-20T08:25:04.225Z",
  "v": 0
},
{
  "name": "sc.service.sc-integrations-brokers-api",
  "version": "3.8.9",
  "hostname": "ip-10-137-0-189",
  "pid": 2717,
  "type": "SC_BROKER",
  "level": 40,
  "err": {
    "message": "Failed to fetch holdings",
    "stack": "Error: HTTP 401: {\"error\":\"invalid credentials\"}\n    at requestBroker (/deployments/sc-integrations-broker-api/node_modules/@smallcase/sc-integrations-broker-lib/src/brokers/hdfcsky/services/request.js:82:32)\n    at processTicksAndRejections (node:internal/process/task_queues:95:5)\n    at holdings (/deployments/sc-integrations-broker-api/node_modules/@smallcase/sc-integrations-broker-lib/src/brokers/hdfcsky/services/portfolio.js:38:52)\n    at Object.liveHoldings (/deployments/sc-integrations-broker-api/node_modules/@smallcase/sc-integrations-broker-lib/src/brokers/hdfcsky/services/portfolio.js:133:72)\n    at Object.liveHoldings (/deployments/sc-integrations-broker-api/node_modules/@smallcase/sc-integrations-broker-lib/src/brokers/hdfcsky/api.js:125:60)"
  },
  "context": {
    "broker": "hdfcsky",
    "msg": "Error in fetching live holdings",
    "details": {
      "options": {
        "accessToken": "REDACTED",
        "brokeruserId": "S10272",
        "apiKey": "REDACTED",
        "apiSecret": "REDACTED"
      }
    },
    "userId": "69044940460b987a8555aba0",
    "brokerFunctionLogId": "f0f35cdd-b28a-4e70-82a1-3fcc4f9c075a",
    "functionName": "Portfolio.liveHoldings",
    "brokerName": "hdfcsky"
  },
  "reqId": "6a03f9f0-c5ea-11f0-bdec-51047f4f1818",
  "msg": "",
  "time": "2025-11-20T08:25:04.055Z",
  "v": 0
},
{
  "name": "sc.service.sc-integrations-brokers-api",
  "version": "3.8.9",
  "hostname": "ip-10-137-0-189",
  "pid": 2717,
  "type": "SC_BROKER",
  "level": 30,
  "context": {
    "options": {
      "accessToken": "REDACTED",
      "brokeruserId": "S10272",
      "apiKey": "REDACTED",
      "apiSecret": "REDACTED"
    },
    "response": {
      "error": {
        "code": false,
        "reason": "error",
        "message": "Failed to fetch holdings",
        "stack": "Error: HTTP 401: {\"error\":\"invalid credentials\"}\n    at requestBroker (/deployments/sc-integrations-broker-api/node_modules/@smallcase/sc-integrations-broker-lib/src/brokers/hdfcsky/services/request.js:82:32)\n    at processTicksAndRejections (node:internal/process/task_queues:95:5)\n    at holdings (/deployments/sc-integrations-broker-api/node_modules/@smallcase/sc-integrations-broker-lib/src/brokers/hdfcsky/services/portfolio.js:38:52)\n    at Object.liveHoldings (/deployments/sc-integrations-broker-api/node_modules/@smallcase/sc-integrations-broker-lib/src/brokers/hdfcsky/services/portfolio.js:133:72)\n    at Object.liveHoldings (/deployments/sc-integrations-broker-api/node_modules/@smallcase/sc-integrations-broker-lib/src/brokers/hdfcsky/api.js:125:60)",
        "statusCode": 401,
        "body": {
          "error": "invalid credentials"
        }
      },
      "response": {
        "code": false,
        "reason": "error",
        "message": "Failed to fetch holdings",
        "stack": "Error: HTTP 401: {\"error\":\"invalid credentials\"}\n    at requestBroker (/deployments/sc-integrations-broker-api/node_modules/@smallcase/sc-integrations-broker-lib/src/brokers/hdfcsky/services/request.js:82:32)\n    at processTicksAndRejections (node:internal/process/task_queues:95:5)\n    at holdings (/deployments/sc-integrations-broker-api/node_modules/@smallcase/sc-integrations-broker-lib/src/brokers/hdfcsky/services/portfolio.js:38:52)\n    at Object.liveHoldings (/deployments/sc-integrations-broker-api/node_modules/@smallcase/sc-integrations-broker-lib/src/brokers/hdfcsky/services/portfolio.js:133:72)\n    at Object.liveHoldings (/deployments/sc-integrations-broker-api/node_modules/@smallcase/sc-integrations-broker-lib/src/brokers/hdfcsky/api.js:125:60)",
        "statusCode": 401,
        "body": {
          "error": "invalid credentials"
        }
      }
    },
    "userId": "69044940460b987a8555aba0",
    "brokerFunctionLogId": "f0f35cdd-b28a-4e70-82a1-3fcc4f9c075a",
    "brokerApi": {
      "functionName": "Portfolio.liveHoldings",
      "brokerName": "hdfcsky"
    }
  },
  "reqId": "6a03f9f0-c5ea-11f0-bdec-51047f4f1818",
  "msg": "broker lib function response recieved",
  "time": "2025-11-20T08:25:04.055Z",
  "v": 0
},
{
  "name": "sc.service.sc-integrations-brokers-api",
  "version": "3.8.9",
  "hostname": "ip-10-137-0-189",
  "pid": 2717,
  "type": "SC_BROKER",
  "level": 50,
  "err": {
    "message": "Request failed with status code 401",
    "name": "AxiosError",
    "stack": "AxiosError: Request failed with status code 401\n    at settle (/deployments/sc-integrations-broker-api/node_modules/axios/lib/core/settle.js:17:12)\n    at IncomingMessage.handleStreamEnd (/deployments/sc-integrations-broker-api/node_modules/axios/lib/adapters/http.js:382:11)\n    at IncomingMessage.emit (node:events:525:35)\n    at endReadableNT (node:internal/streams/readable:1359:12)\n    at processTicksAndRejections (node:internal/process/task_queues:82:21)"
  },
  "context": {
    "broker": "hdfcsky",
    "msg": "Error in request - Request failed with status code 401",
    "details": {
      "request": {
        "url": "https://developer.hdfcsky.com/oapi/v1/holdings?api_key=1bc928ff1ce54970b0a2f2ae4740dc77&client_id=S10272",
        "method": "GET",
        "headers": {
          "Authorization": "REDACTED",
          "Content-Type": "application/json"
        },
        "timeout": 20000
      },
      "userId": "S10272",
      "accessToken": "REDACTED",
      "response": {
        "error": "invalid credentials"
      }
    },
    "userId": "69044940460b987a8555aba0",
    "brokerFunctionLogId": "f0f35cdd-b28a-4e70-82a1-3fcc4f9c075a",
    "functionName": "Portfolio.liveHoldings",
    "brokerName": "hdfcsky"
  },
  "reqId": "6a03f9f0-c5ea-11f0-bdec-51047f4f1818",
  "msg": "",
  "time": "2025-11-20T08:25:04.054Z",
  "v": 0
},
{
  "name": "sc.service.sc-integrations-brokers-api",
  "version": "3.8.9",
  "hostname": "ip-10-137-0-189",
  "pid": 2717,
  "type": "SC_BROKER",
  "level": 30,
  "context": {
    "options": {
      "accessToken": "REDACTED",
      "apiKey": "REDACTED",
      "apiSecret": "REDACTED",
      "buyAmount": 0,
      "sellAmount": 0,
      "stocksCount": 0
    },
    "response": {
      "error": null,
      "response": {
        "code": true,
        "reason": "success",
        "sufficientFunds": true,
        "requiredFunds": 0,
        "allowedSellValues": {
          "T0": 0,
          "T1": 1
        }
      }
    },
    "user": {
      "id": "69044940460b987a8555aba0"
    },
    "brokerFunctionLogId": "6ab777fd-641f-4e49-af96-acdb95e9b15c",
    "brokerApi": {
      "functionName": "Funds.check",
      "brokerName": "hdfcsky"
    }
  },
  "reqId": "6a069200-c5ea-11f0-bdec-51047f4f1818",
  "msg": "broker lib function response recieved",
  "time": "2025-11-20T08:25:04.035Z",
  "v": 0
},
{
  "name": "sc.service.sc-integrations-brokers-api",
  "version": "3.8.9",
  "hostname": "ip-10-137-0-189",
  "pid": 2717,
  "type": "SC_BROKER",
  "level": 30,
  "context": {
    "options": {
      "apiKey": "REDACTED",
      "accessToken": "REDACTED",
      "apiSecret": "REDACTED",
      "ipAddress": "REDACTED"
    },
    "response": {
      "error": {
        "code": false,
        "reason": "failure",
        "statusCode": 500,
        "message": "Session check failed"
      },
      "response": {
        "code": false,
        "reason": "failure",
        "statusCode": 500,
        "message": "Session check failed"
      }
    },
    "userId": "69044940460b987a8555aba0",
    "brokerFunctionLogId": "465a252d-b522-4daa-9158-9ecb6d80c322",
    "brokerApi": {
      "functionName": "User.checkSession",
      "brokerName": "hdfcsky"
    }
  },
  "reqId": "69fbe3a0-c5ea-11f0-bdec-51047f4f1818",
  "msg": "broker lib function response recieved",
  "time": "2025-11-20T08:25:03.990Z",
  "v": 0
},
{
  "name": "sc.service.sc-integrations-brokers-api",
  "version": "3.8.9",
  "hostname": "ip-10-137-0-189",
  "pid": 2717,
  "type": "SC_BROKER",
  "level": 40,
  "err": {},
  "context": {
    "broker": "hdfcsky",
    "msg": "Error in check session",
    "details": {
      "options": {
        "apiKey": "REDACTED",
        "accessToken": "REDACTED",
        "apiSecret": "REDACTED",
        "ipAddress": "REDACTED"
      }
    },
    "userId": "69044940460b987a8555aba0",
    "brokerFunctionLogId": "465a252d-b522-4daa-9158-9ecb6d80c322",
    "functionName": "User.checkSession",
    "brokerName": "hdfcsky"
  },
  "reqId": "69fbe3a0-c5ea-11f0-bdec-51047f4f1818",
  "msg": "",
  "time": "2025-11-20T08:25:03.989Z",
  "v": 0
},
{
  "name": "sc.service.sc-integrations-brokers-api",
  "version": "3.8.9",
  "hostname": "ip-10-137-0-189",
  "pid": 2717,
  "type": "SC_BROKER",
  "level": 50,
  "err": {
    "message": "Request failed with status code 401",
    "name": "AxiosError",
    "stack": "AxiosError: Request failed with status code 401\n    at settle (/deployments/sc-integrations-broker-api/node_modules/axios/lib/core/settle.js:17:12)\n    at IncomingMessage.handleStreamEnd (/deployments/sc-integrations-broker-api/node_modules/axios/lib/adapters/http.js:382:11)\n    at IncomingMessage.emit (node:events:525:35)\n    at endReadableNT (node:internal/streams/readable:1359:12)\n    at processTicksAndRejections (node:internal/process/task_queues:82:21)"
  },
  "context": {
    "broker": "hdfcsky",
    "msg": "Error in request - Request failed with status code 401",
    "details": {
      "request": {
        "url": "https://developer.hdfcsky.com/oapi/v1/user/trading_info?client_id=S10272&api_key=1bc928ff1ce54970b0a2f2ae4740dc77",
        "method": "GET",
        "headers": {
          "Authorization": "REDACTED",
          "Content-Type": "application/json"
        },
        "timeout": 20000
      },
      "userId": "S10272",
      "accessToken": "REDACTED",
      "response": {
        "error": "invalid credentials"
      }
    },
    "userId": "69044940460b987a8555aba0",
    "brokerFunctionLogId": "465a252d-b522-4daa-9158-9ecb6d80c322",
    "functionName": "User.checkSession",
    "brokerName": "hdfcsky"
  },
  "reqId": "69fbe3a0-c5ea-11f0-bdec-51047f4f1818",
  "msg": "",
  "time": "2025-11-20T08:25:03.988Z",
  "v": 0
},
{
  "name": "sc.service.sc-integrations-brokers-api",
  "version": "3.8.9",
  "hostname": "ip-10-137-0-189",
  "pid": 2717,
  "type": "SC_BROKER",
  "level": 30,
  "context": {
    "options": {
      "accessToken": "REDACTED",
      "brokeruserId": "S10272",
      "apiKey": "REDACTED",
      "apiSecret": "REDACTED"
    },
    "response": {
      "error": {
        "code": false,
        "reason": "error",
        "message": "Failed to fetch holdings",
        "stack": "Error: HTTP 401: {\"error\":\"invalid credentials\"}\n    at requestBroker (/deployments/sc-integrations-broker-api/node_modules/@smallcase/sc-integrations-broker-lib/src/brokers/hdfcsky/services/request.js:82:32)\n    at processTicksAndRejections (node:internal/process/task_queues:95:5)\n    at holdings (/deployments/sc-integrations-broker-api/node_modules/@smallcase/sc-integrations-broker-lib/src/brokers/hdfcsky/services/portfolio.js:38:52)\n    at Object.liveHoldings (/deployments/sc-integrations-broker-api/node_modules/@smallcase/sc-integrations-broker-lib/src/brokers/hdfcsky/services/portfolio.js:133:72)\n    at Object.liveHoldings (/deployments/sc-integrations-broker-api/node_modules/@smallcase/sc-integrations-broker-lib/src/brokers/hdfcsky/api.js:125:60)",
        "statusCode": 401,
        "body": {
          "error": "invalid credentials"
        }
      },
      "response": {
        "code": false,
        "reason": "error",
        "message": "Failed to fetch holdings",
        "stack": "Error: HTTP 401: {\"error\":\"invalid credentials\"}\n    at requestBroker (/deployments/sc-integrations-broker-api/node_modules/@smallcase/sc-integrations-broker-lib/src/brokers/hdfcsky/services/request.js:82:32)\n    at processTicksAndRejections (node:internal/process/task_queues:95:5)\n    at holdings (/deployments/sc-integrations-broker-api/node_modules/@smallcase/sc-integrations-broker-lib/src/brokers/hdfcsky/services/portfolio.js:38:52)\n    at Object.liveHoldings (/deployments/sc-integrations-broker-api/node_modules/@smallcase/sc-integrations-broker-lib/src/brokers/hdfcsky/services/portfolio.js:133:72)\n    at Object.liveHoldings (/deployments/sc-integrations-broker-api/node_modules/@smallcase/sc-integrations-broker-lib/src/brokers/hdfcsky/api.js:125:60)",
        "statusCode": 401,
        "body": {
          "error": "invalid credentials"
        }
      }
    },
    "userId": "69044940460b987a8555aba0",
    "brokerFunctionLogId": "b54661e6-a0aa-4d04-9d68-1f21a43be3f2",
    "brokerApi": {
      "functionName": "Portfolio.liveHoldings",
      "brokerName": "hdfcsky"
    }
  },
  "reqId": "4a2bd0d0-c5ea-11f0-bdec-51047f4f1818",
  "msg": "broker lib function response recieved",
  "time": "2025-11-20T08:24:10.610Z",
  "v": 0
},
{
  "name": "sc.service.sc-integrations-brokers-api",
  "version": "3.8.9",
  "hostname": "ip-10-137-0-189",
  "pid": 2717,
  "type": "SC_BROKER",
  "level": 40,
  "err": {
    "message": "Failed to fetch holdings",
    "stack": "Error: HTTP 401: {\"error\":\"invalid credentials\"}\n    at requestBroker (/deployments/sc-integrations-broker-api/node_modules/@smallcase/sc-integrations-broker-lib/src/brokers/hdfcsky/services/request.js:82:32)\n    at processTicksAndRejections (node:internal/process/task_queues:95:5)\n    at holdings (/deployments/sc-integrations-broker-api/node_modules/@smallcase/sc-integrations-broker-lib/src/brokers/hdfcsky/services/portfolio.js:38:52)\n    at Object.liveHoldings (/deployments/sc-integrations-broker-api/node_modules/@smallcase/sc-integrations-broker-lib/src/brokers/hdfcsky/services/portfolio.js:133:72)\n    at Object.liveHoldings (/deployments/sc-integrations-broker-api/node_modules/@smallcase/sc-integrations-broker-lib/src/brokers/hdfcsky/api.js:125:60)"
  },
  "context": {
    "broker": "hdfcsky",
    "msg": "Error in fetching live holdings",
    "details": {
      "options": {
        "accessToken": "REDACTED",
        "brokeruserId": "S10272",
        "apiKey": "REDACTED",
        "apiSecret": "REDACTED"
      }
    },
    "userId": "69044940460b987a8555aba0",
    "brokerFunctionLogId": "b54661e6-a0aa-4d04-9d68-1f21a43be3f2",
    "functionName": "Portfolio.liveHoldings",
    "brokerName": "hdfcsky"
  },
  "reqId": "4a2bd0d0-c5ea-11f0-bdec-51047f4f1818",
  "msg": "",
  "time": "2025-11-20T08:24:10.609Z",
  "v": 0
},
{
  "name": "sc.service.sc-integrations-brokers-api",
  "version": "3.8.9",
  "hostname": "ip-10-137-0-189",
  "pid": 2717,
  "type": "SC_BROKER",
  "level": 50,
  "err": {
    "message": "Request failed with status code 401",
    "name": "AxiosError",
    "stack": "AxiosError: Request failed with status code 401\n    at settle (/deployments/sc-integrations-broker-api/node_modules/axios/lib/core/settle.js:17:12)\n    at IncomingMessage.handleStreamEnd (/deployments/sc-integrations-broker-api/node_modules/axios/lib/adapters/http.js:382:11)\n    at IncomingMessage.emit (node:events:525:35)\n    at endReadableNT (node:internal/streams/readable:1359:12)\n    at processTicksAndRejections (node:internal/process/task_queues:82:21)"
  },
  "context": {
    "broker": "hdfcsky",
    "msg": "Error in request - Request failed with status code 401",
    "details": {
      "request": {
        "url": "https://developer.hdfcsky.com/oapi/v1/holdings?api_key=1bc928ff1ce54970b0a2f2ae4740dc77&client_id=S10272",
        "method": "GET",
        "headers": {
          "Authorization": "REDACTED",
          "Content-Type": "application/json"
        },
        "timeout": 20000
      },
      "userId": "S10272",
      "accessToken": "REDACTED",
      "response": {
        "error": "invalid credentials"
      }
    },
    "userId": "69044940460b987a8555aba0",
    "brokerFunctionLogId": "b54661e6-a0aa-4d04-9d68-1f21a43be3f2",
    "functionName": "Portfolio.liveHoldings",
    "brokerName": "hdfcsky"
  },
  "reqId": "4a2bd0d0-c5ea-11f0-bdec-51047f4f1818",
  "msg": "",
  "time": "2025-11-20T08:24:10.608Z",
  "v": 0
},
{
  "name": "sc.service.sc-integrations-brokers-api",
  "version": "3.8.9",
  "hostname": "ip-10-137-0-189",
  "pid": 2710,
  "type": "SC_BROKER",
  "level": 30,
  "context": {
    "options": {
      "accessToken": "REDACTED",
      "apiKey": "REDACTED",
      "apiSecret": "REDACTED",
      "buyAmount": 0,
      "sellAmount": 0,
      "stocksCount": 0
    },
    "response": {
      "error": null,
      "response": {
        "code": true,
        "reason": "success",
        "sufficientFunds": true,
        "requiredFunds": 0,
        "allowedSellValues": {
          "T0": 0,
          "T1": 1
        }
      }
    },
    "user": {
      "id": "69044940460b987a8555aba0"
    },
    "brokerFunctionLogId": "42a6d065-e247-4573-83e5-21b1b715c1ff",
    "brokerApi": {
      "functionName": "Funds.check",
      "brokerName": "hdfcsky"
    }
  },
  "reqId": "4a05f950-c5ea-11f0-93c3-09a9fea7c49a",
  "msg": "broker lib function response recieved",
  "time": "2025-11-20T08:24:10.344Z",
  "v": 0
},
{
  "name": "sc.service.sc-integrations-brokers-api",
  "version": "3.8.9",
  "hostname": "ip-10-137-0-189",
  "pid": 2717,
  "type": "SC_BROKER",
  "level": 30,
  "context": {
    "options": {
      "apiKey": "REDACTED",
      "accessToken": "REDACTED",
      "apiSecret": "REDACTED",
      "ipAddress": "REDACTED"
    },
    "response": {
      "error": {
        "code": false,
        "reason": "failure",
        "statusCode": 500,
        "message": "Session check failed"
      },
      "response": {
        "code": false,
        "reason": "failure",
        "statusCode": 500,
        "message": "Session check failed"
      }
    },
    "userId": "69044940460b987a8555aba0",
    "brokerFunctionLogId": "fab308a0-7150-4ac7-90e3-54c5b0157a90",
    "brokerApi": {
      "functionName": "User.checkSession",
      "brokerName": "hdfcsky"
    }
  },
  "reqId": "49f7ef90-c5ea-11f0-bdec-51047f4f1818",
  "msg": "broker lib function response recieved",
  "time": "2025-11-20T08:24:10.282Z",
  "v": 0
},
{
  "name": "sc.service.sc-integrations-brokers-api",
  "version": "3.8.9",
  "hostname": "ip-10-137-0-189",
  "pid": 2717,
  "type": "SC_BROKER",
  "level": 50,
  "err": {
    "message": "Request failed with status code 401",
    "name": "AxiosError",
    "stack": "AxiosError: Request failed with status code 401\n    at settle (/deployments/sc-integrations-broker-api/node_modules/axios/lib/core/settle.js:17:12)\n    at IncomingMessage.handleStreamEnd (/deployments/sc-integrations-broker-api/node_modules/axios/lib/adapters/http.js:382:11)\n    at IncomingMessage.emit (node:events:525:35)\n    at endReadableNT (node:internal/streams/readable:1359:12)\n    at processTicksAndRejections (node:internal/process/task_queues:82:21)"
  },
  "context": {
    "broker": "hdfcsky",
    "msg": "Error in request - Request failed with status code 401",
    "details": {
      "request": {
        "url": "https://developer.hdfcsky.com/oapi/v1/user/trading_info?client_id=S10272&api_key=1bc928ff1ce54970b0a2f2ae4740dc77",
        "method": "GET",
        "headers": {
          "Authorization": "REDACTED",
          "Content-Type": "application/json"
        },
        "timeout": 20000
      },
      "userId": "S10272",
      "accessToken": "REDACTED",
      "response": {
        "error": "invalid credentials"
      }
    },
    "userId": "69044940460b987a8555aba0",
    "brokerFunctionLogId": "fab308a0-7150-4ac7-90e3-54c5b0157a90",
    "functionName": "User.checkSession",
    "brokerName": "hdfcsky"
  },
  "reqId": "49f7ef90-c5ea-11f0-bdec-51047f4f1818",
  "msg": "",
  "time": "2025-11-20T08:24:10.281Z",
  "v": 0
},
{
  "name": "sc.service.sc-integrations-brokers-api",
  "version": "3.8.9",
  "hostname": "ip-10-137-0-189",
  "pid": 2717,
  "type": "SC_BROKER",
  "level": 40,
  "err": {},
  "context": {
    "broker": "hdfcsky",
    "msg": "Error in check session",
    "details": {
      "options": {
        "apiKey": "REDACTED",
        "accessToken": "REDACTED",
        "apiSecret": "REDACTED",
        "ipAddress": "REDACTED"
      }
    },
    "userId": "69044940460b987a8555aba0",
    "brokerFunctionLogId": "fab308a0-7150-4ac7-90e3-54c5b0157a90",
    "functionName": "User.checkSession",
    "brokerName": "hdfcsky"
  },
  "reqId": "49f7ef90-c5ea-11f0-bdec-51047f4f1818",
  "msg": "",
  "time": "2025-11-20T08:24:10.281Z",
  "v": 0
},
{
  "name": "sc.service.sc-integrations-brokers-api",
  "version": "3.8.9",
  "hostname": "ip-10-137-0-189",
  "pid": 2710,
  "type": "SC_BROKER",
  "level": 30,
  "context": {
    "options": {
      "segment": "equity",
      "accessToken": "REDACTED",
      "ipAddress": "REDACTED",
      "clientDetails": {
        "channel": "web",
        "channelIp": "2409:40c0:101f:93f6:5816:8748:2dc:c872",
        "appInstallId": "9941e26b-b33b-596d-af3c-03e53b504cc7",
        "appVersion": "1.0.0",
        "userAgent": "Mozilla/5.0 (Linux; Android 10; K) AppleWebKit/537.36 (KHTML, like Gecko) Chrome/135.0.0.0 Mobile Safari/537.36"
      },
      "apiKey": "REDACTED",
      "apiSecret": "REDACTED"
    },
    "response": {
      "error": null,
      "response": {
        "code": true,
        "reason": "success",
        "message": "Session check successful"
      }
    },
    "userId": "69044940460b987a8555aba0",
    "brokerFunctionLogId": "a37a9ba6-ab70-4300-bdea-6a78326134f4",
    "brokerApi": {
      "functionName": "User.checkSession",
      "brokerName": "hdfcsky"
    }
  },
  "reqId": "47d9ca80-c5ea-11f0-93c3-09a9fea7c49a",
  "msg": "broker lib function response recieved",
  "time": "2025-11-20T08:24:06.754Z",
  "v": 0
},
{
  "name": "sc.service.sc-integrations-brokers-api",
  "version": "3.8.9",
  "hostname": "ip-10-137-0-189",
  "pid": 2710,
  "type": "SC_BROKER",
  "level": 30,
  "context": {
    "broker": "hdfcsky",
    "msg": "Successful request",
    "details": {
      "request": {
        "url": "https://developer.hdfcsky.com/oapi/v1/user/trading_info?client_id=S10272&api_key=1bc928ff1ce54970b0a2f2ae4740dc77",
        "method": "GET",
        "headers": {
          "Authorization": "REDACTED",
          "Content-Type": "application/json"
        },
        "timeout": 20000
      },
      "userId": "S10272",
      "accessToken": "REDACTED",
      "response": {
        "statusCode": 200,
        "body": {
          "data": {
            "client_id": "REDACTED",
            "ddpi": true,
            "exchanges_subscribed": [
              ""
            ],
            "name": "REDACTED",
            "poa_enabled": false,
            "products_enabled": [
              "CNC",
              "MIS",
              "NRML",
              "MTF"
            ],
            "status": "active"
          },
          "message": "",
          "status": "success"
        }
      },
      "responseString": {
        "data": {
          "client_id": "REDACTED",
          "ddpi": true,
          "exchanges_subscribed": [
            ""
          ],
          "name": "REDACTED",
          "poa_enabled": false,
          "products_enabled": [
            "CNC",
            "MIS",
            "NRML",
            "MTF"
          ],
          "status": "active"
        },
        "message": "",
        "status": "success"
      }
    },
    "userId": "69044940460b987a8555aba0",
    "brokerFunctionLogId": "a37a9ba6-ab70-4300-bdea-6a78326134f4",
    "functionName": "User.checkSession",
    "brokerName": "hdfcsky"
  },
  "reqId": "47d9ca80-c5ea-11f0-93c3-09a9fea7c49a",
  "msg": "",
  "time": "2025-11-20T08:24:06.753Z",
  "v": 0
},
{
  "name": "sc.service.sc-integrations-brokers-api",
  "version": "3.8.9",
  "hostname": "ip-10-137-0-189",
  "pid": 2717,
  "type": "SC_BROKER",
  "level": 30,
  "context": {
    "options": {
      "accessToken": "REDACTED",
      "brokeruserId": "S10272",
      "clientDetails": {
        "channel": "web",
        "channelIp": "2409:40c0:101f:93f6:5816:8748:2dc:c872",
        "appInstallId": "9941e26b-b33b-596d-af3c-03e53b504cc7",
        "appVersion": "1.0.0",
        "userAgent": "Mozilla/5.0 (Linux; Android 10; K) AppleWebKit/537.36 (KHTML, like Gecko) Chrome/135.0.0.0 Mobile Safari/537.36"
      },
      "apiKey": "REDACTED",
      "apiSecret": "REDACTED"
    },
    "response": {
      "error": null,
      "response": {
        "code": true,
        "reason": "success",
        "payload": [
          {
            "isin": "INE528G01035",
            "tradingsymbol": "YESBANK",
            "brokersymbol": "11915",
            "quantity": 7,
            "averagePrice": 22.93,
            "exchange": "NSE",
            "authorisedQuantity": 7
          },
          {
            "isin": "INE092T01019",
            "tradingsymbol": "IDFCFIRSTB-EQ",
            "brokersymbol": "11184",
            "quantity": 0,
            "averagePrice": null,
            "exchange": "NSE"
          },
          {
            "isin": "INE330T01021",
            "tradingsymbol": "HAPPYFORGE-EQ",
            "brokersymbol": "20854",
            "quantity": 0,
            "averagePrice": null,
            "exchange": "NSE"
          },
          {
            "isin": "INE018A01030",
            "tradingsymbol": "LT-EQ",
            "brokersymbol": "11483",
            "quantity": 0,
            "averagePrice": null,
            "exchange": "NSE"
          },
          {
            "isin": "INE255X01014",
            "tradingsymbol": "MSTCLTD-EQ",
            "brokersymbol": "9356",
            "quantity": 0,
            "averagePrice": null,
            "exchange": "NSE"
          },
          {
            "isin": "INE318A01026",
            "tradingsymbol": "PIDILITIND-EQ",
            "brokersymbol": "2664",
            "quantity": 0,
            "averagePrice": null,
            "exchange": "NSE"
          },
          {
            "isin": "INE916U01025",
            "tradingsymbol": "SFL-EQ",
            "brokersymbol": "19184",
            "quantity": 0,
            "averagePrice": null,
            "exchange": "NSE"
          },
          {
            "isin": "INE397D01024",
            "tradingsymbol": "BHARTIARTL-EQ",
            "brokersymbol": "10604",
            "quantity": 0,
            "averagePrice": null,
            "exchange": "NSE"
          },
          {
            "isin": "INE850M01015",
            "tradingsymbol": "NORTHARC-EQ",
            "brokersymbol": "25426",
            "quantity": 0,
            "averagePrice": null,
            "exchange": "NSE"
          },
          {
            "isin": "INE121E01018",
            "tradingsymbol": "JSWENERGY-EQ",
            "brokersymbol": "17869",
            "quantity": 0,
            "averagePrice": null,
            "exchange": "NSE"
          },
          {
            "isin": "INE528G01035",
            "tradingsymbol": "YESBANK-EQ",
            "brokersymbol": "11915",
            "quantity": 1,
            "averagePrice": 22.69,
            "exchange": "NSE"
          },
          {
            "isin": "INE964H01014",
            "tradingsymbol": "SEPC-EQ",
            "brokersymbol": "15308",
            "quantity": 2,
            "averagePrice": 10.26,
            "exchange": "NSE"
          },
          {
            "isin": "INF204KB14I2",
            "tradingsymbol": "NIFTYBEES-EQ",
            "brokersymbol": "10576",
            "quantity": 1,
            "averagePrice": 296.08,
            "exchange": "NSE"
          },
          {
            "isin": "INF204KB17I5",
            "tradingsymbol": "GOLDBEES-EQ",
            "brokersymbol": "14428",
            "quantity": 1,
            "averagePrice": 101.1,
            "exchange": "NSE"
          }
        ]
      }
    },
    "userId": "69044940460b987a8555aba0",
    "brokerFunctionLogId": "e8652ad7-de04-49c8-9f4e-1b5147803a60",
    "brokerApi": {
      "functionName": "Portfolio.liveHoldings",
      "brokerName": "hdfcsky"
    }
  },
  "reqId": "3aec4ff0-c5ea-11f0-bdec-51047f4f1818",
  "msg": "broker lib function response recieved",
  "time": "2025-11-20T08:23:45.256Z",
  "v": 0
},
{
  "name": "sc.service.sc-integrations-brokers-api",
  "version": "3.8.9",
  "hostname": "ip-10-137-0-189",
  "pid": 2717,
  "type": "SC_BROKER",
  "level": 30,
  "context": {
    "broker": "hdfcsky",
    "msg": "Successful request",
    "details": {
      "request": {
        "url": "https://developer.hdfcsky.com/oapi/v1/positions?api_key=1bc928ff1ce54970b0a2f2ae4740dc77&client_id=S10272&type=historical",
        "method": "GET",
        "headers": {
          "Authorization": "REDACTED",
          "Content-Type": "application/json"
        },
        "timeout": 20000
      },
      "userId": "S10272",
      "accessToken": "REDACTED",
      "response": {
        "statusCode": 200,
        "body": {
          "data": [
            {
              "ltp": 79.02,
              "other_margin": null,
              "sell_amount": 12824.1,
              "exchange": "NSE",
              "net_quantity": 0,
              "token": "REDACTED",
              "average_price": 0,
              "client_id": "REDACTED",
              "cf_sell_average_price": 0,
              "cf_sell_quantity": 0,
              "pledged_quantity": 0,
              "cf_buy_quantity": 0,
              "cf_sell_amount": 0,
              "instrument_token": 11184,
              "previous_close": 79.61,
              "trading_symbol": "IDFCFIRSTB-EQ",
              "v_login_id": "S10272",
              "pro_cli": "CLIENT",
              "display_symbol": "IDFCFIRSTB",
              "user_name": "REDACTED",
              "rmtm_sell_average_price": 79.6528,
              "close_price": 0,
              "prod_type": 16,
              "multiplier": 1,
              "symbol": "IDFCFIRSTB",
              "sell_quantity": 161,
              "segment": "Capital",
              "buy_quantity": 161,
              "cf_buy_amount": 0,
              "cf_buy_average_price": 0,
              "net_amount": -10.510000000000218,
              "series": "EQ",
              "average_sell_price": 79.6527950310559,
              "xe_uuid": "INE092T01019",
              "product": "MTF",
              "rmtm_buy_average_price": 79.7181,
              "buy_amount": 12834.61,
              "average_buy_price": 79.71807453416149,
              "realized_mtm": -1
            },
            {
              "ltp": 1038.5,
              "other_margin": null,
              "sell_amount": 11381.7,
              "exchange": "NSE",
              "net_quantity": 0,
              "token": "REDACTED",
              "average_price": 0,
              "client_id": "REDACTED",
              "cf_sell_average_price": 0,
              "cf_sell_quantity": 0,
              "pledged_quantity": 0,
              "cf_buy_quantity": 0,
              "cf_sell_amount": 0,
              "instrument_token": 20854,
              "previous_close": 1033.5,
              "trading_symbol": "HAPPYFORGE-EQ",
              "v_login_id": "S10272",
              "pro_cli": "CLIENT",
              "display_symbol": "HAPPYFORGE",
              "user_name": "REDACTED",
              "rmtm_sell_average_price": 1034.7,
              "close_price": 0,
              "prod_type": 16,
              "multiplier": 1,
              "symbol": "HAPPYFORGE",
              "sell_quantity": 11,
              "segment": "Capital",
              "buy_quantity": 11,
              "cf_buy_amount": 0,
              "cf_buy_average_price": 0,
              "net_amount": -16.099999999998545,
              "series": "EQ",
              "average_sell_price": 1034.7,
              "xe_uuid": "INE330T01021",
              "product": "MTF",
              "rmtm_buy_average_price": 1036.1636,
              "buy_amount": 11397.8,
              "average_buy_price": 1036.1636363636362,
              "realized_mtm": -1
            },
            {
              "ltp": 4034,
              "other_margin": null,
              "sell_amount": 12070.9,
              "exchange": "NSE",
              "net_quantity": 0,
              "token": "REDACTED",
              "average_price": 0,
              "client_id": "REDACTED",
              "cf_sell_average_price": 0,
              "cf_sell_quantity": 0,
              "pledged_quantity": 0,
              "cf_buy_quantity": 0,
              "cf_sell_amount": 0,
              "instrument_token": 11483,
              "previous_close": 4019.6,
              "trading_symbol": "LT-EQ",
              "v_login_id": "S10272",
              "pro_cli": "CLIENT",
              "display_symbol": "LT",
              "user_name": "REDACTED",
              "rmtm_sell_average_price": 4023.6333,
              "close_price": 0,
              "prod_type": 16,
              "multiplier": 1,
              "symbol": "LT",
              "sell_quantity": 3,
              "segment": "Capital",
              "buy_quantity": 3,
              "cf_buy_amount": 0,
              "cf_buy_average_price": 0,
              "net_amount": -7.5,
              "series": "EQ",
              "average_sell_price": 4023.633333333333,
              "xe_uuid": "INE018A01030",
              "product": "MTF",
              "rmtm_buy_average_price": 4026.1333,
              "buy_amount": 12078.4,
              "average_buy_price": 4026.133333333333,
              "realized_mtm": -1
            },
            {
              "ltp": 504.4,
              "other_margin": null,
              "sell_amount": 12092.849999999999,
              "exchange": "NSE",
              "net_quantity": 0,
              "token": "REDACTED",
              "average_price": 0,
              "client_id": "REDACTED",
              "cf_sell_average_price": 0,
              "cf_sell_quantity": 0,
              "pledged_quantity": 0,
              "cf_buy_quantity": 0,
              "cf_sell_amount": 0,
              "instrument_token": 9356,
              "previous_close": 500.95,
              "trading_symbol": "MSTCLTD-EQ",
              "v_login_id": "S10272",
              "pro_cli": "CLIENT",
              "display_symbol": "MSTCLTD",
              "user_name": "REDACTED",
              "rmtm_sell_average_price": 503.8687,
              "close_price": 0,
              "prod_type": 16,
              "multiplier": 1,
              "symbol": "MSTCLTD",
              "sell_quantity": 24,
              "segment": "Capital",
              "buy_quantity": 24,
              "cf_buy_amount": 0,
              "cf_buy_average_price": 0,
              "net_amount": -10.350000000002183,
              "series": "EQ",
              "average_sell_price": 503.8687499999999,
              "xe_uuid": "INE255X01014",
              "product": "MTF",
              "rmtm_buy_average_price": 504.3,
              "buy_amount": 12103.2,
              "average_buy_price": 504.3,
              "realized_mtm": -1
            },
            {
              "ltp": 1492.4,
              "other_margin": null,
              "sell_amount": 8925.800000000001,
              "exchange": "NSE",
              "net_quantity": 0,
              "token": "REDACTED",
              "average_price": 0,
              "client_id": "REDACTED",
              "cf_sell_average_price": 0,
              "cf_sell_quantity": 0,
              "pledged_quantity": 0,
              "cf_buy_quantity": 0,
              "cf_sell_amount": 0,
              "instrument_token": 2664,
              "previous_close": 1476.7,
              "trading_symbol": "PIDILITIND-EQ",
              "v_login_id": "S10272",
              "pro_cli": "CLIENT",
              "display_symbol": "PIDILITIND",
              "user_name": "REDACTED",
              "rmtm_sell_average_price": 1487.6333,
              "close_price": 0,
              "prod_type": 16,
              "multiplier": 1,
              "symbol": "PIDILITIND",
              "sell_quantity": 6,
              "segment": "Capital",
              "buy_quantity": 6,
              "cf_buy_amount": 0,
              "cf_buy_average_price": 0,
              "net_amount": 1.4000000000014552,
              "series": "EQ",
              "average_sell_price": 1487.6333333333334,
              "xe_uuid": "INE318A01026",
              "product": "MTF",
              "rmtm_buy_average_price": 1487.4,
              "buy_amount": 8924.4,
              "average_buy_price": 1487.3999999999999,
              "realized_mtm": 0
            },
            {
              "ltp": 614.2,
              "other_margin": null,
              "sell_amount": 12379.1,
              "exchange": "NSE",
              "net_quantity": 0,
              "token": "REDACTED",
              "average_price": 0,
              "client_id": "REDACTED",
              "cf_sell_average_price": 0,
              "cf_sell_quantity": 0,
              "pledged_quantity": 0,
              "cf_buy_quantity": 0,
              "cf_sell_amount": 0,
              "instrument_token": 19184,
              "previous_close": 616.35,
              "trading_symbol": "SFL-EQ",
              "v_login_id": "S10272",
              "pro_cli": "CLIENT",
              "display_symbol": "SFL",
              "user_name": "REDACTED",
              "rmtm_sell_average_price": 618.955,
              "close_price": 0,
              "prod_type": 16,
              "multiplier": 1,
              "symbol": "SFL",
              "sell_quantity": 20,
              "segment": "Capital",
              "buy_quantity": 20,
              "cf_buy_amount": 0,
              "cf_buy_average_price": 0,
              "net_amount": -12.099999999998545,
              "series": "EQ",
              "average_sell_price": 618.955,
              "xe_uuid": "INE916U01025",
              "product": "MTF",
              "rmtm_buy_average_price": 619.56,
              "buy_amount": 12391.199999999999,
              "average_buy_price": 619.56,
              "realized_mtm": -1
            },
            {
              "ltp": 2162.7,
              "other_margin": null,
              "sell_amount": 10772.8,
              "exchange": "NSE",
              "net_quantity": 0,
              "token": "REDACTED",
              "average_price": 0,
              "client_id": "REDACTED",
              "cf_sell_average_price": 0,
              "cf_sell_quantity": 0,
              "pledged_quantity": 0,
              "cf_buy_quantity": 0,
              "cf_sell_amount": 0,
              "instrument_token": 10604,
              "previous_close": 2159.8,
              "trading_symbol": "BHARTIARTL-EQ",
              "v_login_id": "S10272",
              "pro_cli": "CLIENT",
              "display_symbol": "BHARTIARTL",
              "user_name": "REDACTED",
              "rmtm_sell_average_price": 2154.56,
              "close_price": 0,
              "prod_type": 16,
              "multiplier": 1,
              "symbol": "BHARTIARTL",
              "sell_quantity": 5,
              "segment": "Capital",
              "buy_quantity": 5,
              "cf_buy_amount": 0,
              "cf_buy_average_price": 0,
              "net_amount": -0.4000000000014552,
              "series": "EQ",
              "average_sell_price": 2154.56,
              "xe_uuid": "INE397D01024",
              "product": "MTF",
              "rmtm_buy_average_price": 2154.64,
              "buy_amount": 10773.2,
              "average_buy_price": 2154.6400000000003,
              "realized_mtm": 0
            },
            {
              "ltp": 256,
              "other_margin": null,
              "sell_amount": 12558.95,
              "exchange": "NSE",
              "net_quantity": 0,
              "token": "REDACTED",
              "average_price": 0,
              "client_id": "REDACTED",
              "cf_sell_average_price": 0,
              "cf_sell_quantity": 0,
              "pledged_quantity": 0,
              "cf_buy_quantity": 0,
              "cf_sell_amount": 0,
              "instrument_token": 25426,
              "previous_close": 256.4,
              "trading_symbol": "NORTHARC-EQ",
              "v_login_id": "S10272",
              "pro_cli": "CLIENT",
              "display_symbol": "NORTHARC",
              "user_name": "REDACTED",
              "rmtm_sell_average_price": 256.3051,
              "close_price": 0,
              "prod_type": 16,
              "multiplier": 1,
              "symbol": "NORTHARC",
              "sell_quantity": 49,
              "segment": "Capital",
              "buy_quantity": 49,
              "cf_buy_amount": 0,
              "cf_buy_average_price": 0,
              "net_amount": -7.099999999998545,
              "series": "EQ",
              "average_sell_price": 256.30510204081634,
              "xe_uuid": "INE850M01015",
              "product": "MTF",
              "rmtm_buy_average_price": 256.45,
              "buy_amount": 12566.05,
              "average_buy_price": 256.45,
              "realized_mtm": 0
            },
            {
              "ltp": 507.85,
              "other_margin": null,
              "sell_amount": 12255.6,
              "exchange": "NSE",
              "net_quantity": 0,
              "token": "REDACTED",
              "average_price": 0,
              "client_id": "REDACTED",
              "cf_sell_average_price": 0,
              "cf_sell_quantity": 0,
              "pledged_quantity": 0,
              "cf_buy_quantity": 0,
              "cf_sell_amount": 0,
              "instrument_token": 17869,
              "previous_close": 513.65,
              "trading_symbol": "JSWENERGY-EQ",
              "v_login_id": "S10272",
              "pro_cli": "CLIENT",
              "display_symbol": "JSWENERGY",
              "user_name": "REDACTED",
              "rmtm_sell_average_price": 510.65,
              "close_price": 0,
              "prod_type": 16,
              "multiplier": 1,
              "symbol": "JSWENERGY",
              "sell_quantity": 24,
              "segment": "Capital",
              "buy_quantity": 24,
              "cf_buy_amount": 0,
              "cf_buy_average_price": 0,
              "net_amount": -7.199999999998909,
              "series": "EQ",
              "average_sell_price": 510.65000000000003,
              "xe_uuid": "INE121E01018",
              "product": "MTF",
              "rmtm_buy_average_price": 510.95,
              "buy_amount": 12262.8,
              "average_buy_price": 510.95,
              "realized_mtm": 0
            },
            {
              "ltp": 22.71,
              "other_margin": null,
              "sell_amount": 0,
              "exchange": "NSE",
              "net_quantity": 1,
              "token": "REDACTED",
              "average_price": 0,
              "client_id": "REDACTED",
              "cf_sell_average_price": 0,
              "cf_sell_quantity": 0,
              "pledged_quantity": 0,
              "cf_buy_quantity": 0,
              "cf_sell_amount": 0,
              "instrument_token": 11915,
              "previous_close": 22.93,
              "trading_symbol": "YESBANK-EQ",
              "v_login_id": "S10272",
              "pro_cli": "CLIENT",
              "display_symbol": "YESBANK",
              "user_name": "REDACTED",
              "rmtm_sell_average_price": 0,
              "close_price": 0,
              "prod_type": 1,
              "multiplier": 1,
              "symbol": "YESBANK",
              "sell_quantity": 0,
              "segment": "Capital",
              "buy_quantity": 1,
              "cf_buy_amount": 0,
              "cf_buy_average_price": 0,
              "net_amount": -22.69,
              "series": "EQ",
              "average_sell_price": 0,
              "xe_uuid": "INE528G01035",
              "product": "CNC",
              "rmtm_buy_average_price": 22.69,
              "buy_amount": 22.69,
              "average_buy_price": 22.69,
              "realized_mtm": 0
            },
            {
              "ltp": 10.32,
              "other_margin": null,
              "sell_amount": 0,
              "exchange": "NSE",
              "net_quantity": 2,
              "token": "REDACTED",
              "average_price": 0,
              "client_id": "REDACTED",
              "cf_sell_average_price": 0,
              "cf_sell_quantity": 0,
              "pledged_quantity": 0,
              "cf_buy_quantity": 0,
              "cf_sell_amount": 0,
              "instrument_token": 15308,
              "previous_close": 10.51,
              "trading_symbol": "SEPC-EQ",
              "v_login_id": "S10272",
              "pro_cli": "CLIENT",
              "display_symbol": "SEPC",
              "user_name": "REDACTED",
              "rmtm_sell_average_price": 0,
              "close_price": 0,
              "prod_type": 1,
              "multiplier": 1,
              "symbol": "SEPC",
              "sell_quantity": 0,
              "segment": "Capital",
              "buy_quantity": 2,
              "cf_buy_amount": 0,
              "cf_buy_average_price": 0,
              "net_amount": -20.52,
              "series": "EQ",
              "average_sell_price": 0,
              "xe_uuid": "INE964H01014",
              "product": "CNC",
              "rmtm_buy_average_price": 10.26,
              "buy_amount": 20.52,
              "average_buy_price": 10.26,
              "realized_mtm": 0
            },
            {
              "ltp": 296.22,
              "other_margin": null,
              "sell_amount": 0,
              "exchange": "NSE",
              "net_quantity": 1,
              "token": "REDACTED",
              "average_price": 0,
              "client_id": "REDACTED",
              "cf_sell_average_price": 0,
              "cf_sell_quantity": 0,
              "pledged_quantity": 0,
              "cf_buy_quantity": 0,
              "cf_sell_amount": 0,
              "instrument_token": 10576,
              "previous_close": 294.37,
              "trading_symbol": "NIFTYBEES-EQ",
              "v_login_id": "S10272",
              "pro_cli": "CLIENT",
              "display_symbol": "NIFTYBEES",
              "user_name": "REDACTED",
              "rmtm_sell_average_price": 0,
              "close_price": 0,
              "prod_type": 1,
              "multiplier": 1,
              "symbol": "NIFTYBEES",
              "sell_quantity": 0,
              "segment": "Capital",
              "buy_quantity": 1,
              "cf_buy_amount": 0,
              "cf_buy_average_price": 0,
              "net_amount": -296.08,
              "series": "EQ",
              "average_sell_price": 0,
              "xe_uuid": "INF204KB14I2",
              "product": "CNC",
              "rmtm_buy_average_price": 296.08,
              "buy_amount": 296.08,
              "average_buy_price": 296.08,
              "realized_mtm": 0
            },
            {
              "ltp": 101.03,
              "other_margin": null,
              "sell_amount": 0,
              "exchange": "NSE",
              "net_quantity": 1,
              "token": "REDACTED",
              "average_price": 0,
              "client_id": "REDACTED",
              "cf_sell_average_price": 0,
              "cf_sell_quantity": 0,
              "pledged_quantity": 0,
              "cf_buy_quantity": 0,
              "cf_sell_amount": 0,
              "instrument_token": 14428,
              "previous_close": 102.23,
              "trading_symbol": "GOLDBEES-EQ",
              "v_login_id": "S10272",
              "pro_cli": "CLIENT",
              "display_symbol": "GOLDBEES",
              "user_name": "REDACTED",
              "rmtm_sell_average_price": 0,
              "close_price": 0,
              "prod_type": 1,
              "multiplier": 1,
              "symbol": "GOLDBEES",
              "sell_quantity": 0,
              "segment": "Capital",
              "buy_quantity": 1,
              "cf_buy_amount": 0,
              "cf_buy_average_price": 0,
              "net_amount": -101.1,
              "series": "EQ",
              "average_sell_price": 0,
              "xe_uuid": "INF204KB17I5",
              "product": "CNC",
              "rmtm_buy_average_price": 101.1,
              "buy_amount": 101.1,
              "average_buy_price": 101.1,
              "realized_mtm": 0
            }
          ],
          "message": "",
          "status": "success"
        }
      },
      "responseString": {
        "data": [
          {
            "ltp": 79.02,
            "other_margin": null,
            "sell_amount": 12824.1,
            "exchange": "NSE",
            "net_quantity": 0,
            "token": "REDACTED",
            "average_price": 0,
            "client_id": "REDACTED",
            "cf_sell_average_price": 0,
            "cf_sell_quantity": 0,
            "pledged_quantity": 0,
            "cf_buy_quantity": 0,
            "cf_sell_amount": 0,
            "instrument_token": 11184,
            "previous_close": 79.61,
            "trading_symbol": "IDFCFIRSTB-EQ",
            "v_login_id": "S10272",
            "pro_cli": "CLIENT",
            "display_symbol": "IDFCFIRSTB",
            "user_name": "REDACTED",
            "rmtm_sell_average_price": 79.6528,
            "close_price": 0,
            "prod_type": 16,
            "multiplier": 1,
            "symbol": "IDFCFIRSTB",
            "sell_quantity": 161,
            "segment": "Capital",
            "buy_quantity": 161,
            "cf_buy_amount": 0,
            "cf_buy_average_price": 0,
            "net_amount": -10.510000000000218,
            "series": "EQ",
            "average_sell_price": 79.6527950310559,
            "xe_uuid": "INE092T01019",
            "product": "MTF",
            "rmtm_buy_average_price": 79.7181,
            "buy_amount": 12834.61,
            "average_buy_price": 79.71807453416149,
            "realized_mtm": -1
          },
          {
            "ltp": 1038.5,
            "other_margin": null,
            "sell_amount": 11381.7,
            "exchange": "NSE",
            "net_quantity": 0,
            "token": "REDACTED",
            "average_price": 0,
            "client_id": "REDACTED",
            "cf_sell_average_price": 0,
            "cf_sell_quantity": 0,
            "pledged_quantity": 0,
            "cf_buy_quantity": 0,
            "cf_sell_amount": 0,
            "instrument_token": 20854,
            "previous_close": 1033.5,
            "trading_symbol": "HAPPYFORGE-EQ",
            "v_login_id": "S10272",
            "pro_cli": "CLIENT",
            "display_symbol": "HAPPYFORGE",
            "user_name": "REDACTED",
            "rmtm_sell_average_price": 1034.7,
            "close_price": 0,
            "prod_type": 16,
            "multiplier": 1,
            "symbol": "HAPPYFORGE",
            "sell_quantity": 11,
            "segment": "Capital",
            "buy_quantity": 11,
            "cf_buy_amount": 0,
            "cf_buy_average_price": 0,
            "net_amount": -16.099999999998545,
            "series": "EQ",
            "average_sell_price": 1034.7,
            "xe_uuid": "INE330T01021",
            "product": "MTF",
            "rmtm_buy_average_price": 1036.1636,
            "buy_amount": 11397.8,
            "average_buy_price": 1036.1636363636362,
            "realized_mtm": -1
          },
          {
            "ltp": 4034,
            "other_margin": null,
            "sell_amount": 12070.9,
            "exchange": "NSE",
            "net_quantity": 0,
            "token": "REDACTED",
            "average_price": 0,
            "client_id": "REDACTED",
            "cf_sell_average_price": 0,
            "cf_sell_quantity": 0,
            "pledged_quantity": 0,
            "cf_buy_quantity": 0,
            "cf_sell_amount": 0,
            "instrument_token": 11483,
            "previous_close": 4019.6,
            "trading_symbol": "LT-EQ",
            "v_login_id": "S10272",
            "pro_cli": "CLIENT",
            "display_symbol": "LT",
            "user_name": "REDACTED",
            "rmtm_sell_average_price": 4023.6333,
            "close_price": 0,
            "prod_type": 16,
            "multiplier": 1,
            "symbol": "LT",
            "sell_quantity": 3,
            "segment": "Capital",
            "buy_quantity": 3,
            "cf_buy_amount": 0,
            "cf_buy_average_price": 0,
            "net_amount": -7.5,
            "series": "EQ",
            "average_sell_price": 4023.633333333333,
            "xe_uuid": "INE018A01030",
            "product": "MTF",
            "rmtm_buy_average_price": 4026.1333,
            "buy_amount": 12078.4,
            "average_buy_price": 4026.133333333333,
            "realized_mtm": -1
          },
          {
            "ltp": 504.4,
            "other_margin": null,
            "sell_amount": 12092.849999999999,
            "exchange": "NSE",
            "net_quantity": 0,
            "token": "REDACTED",
            "average_price": 0,
            "client_id": "REDACTED",
            "cf_sell_average_price": 0,
            "cf_sell_quantity": 0,
            "pledged_quantity": 0,
            "cf_buy_quantity": 0,
            "cf_sell_amount": 0,
            "instrument_token": 9356,
            "previous_close": 500.95,
            "trading_symbol": "MSTCLTD-EQ",
            "v_login_id": "S10272",
            "pro_cli": "CLIENT",
            "display_symbol": "MSTCLTD",
            "user_name": "REDACTED",
            "rmtm_sell_average_price": 503.8687,
            "close_price": 0,
            "prod_type": 16,
            "multiplier": 1,
            "symbol": "MSTCLTD",
            "sell_quantity": 24,
            "segment": "Capital",
            "buy_quantity": 24,
            "cf_buy_amount": 0,
            "cf_buy_average_price": 0,
            "net_amount": -10.350000000002183,
            "series": "EQ",
            "average_sell_price": 503.8687499999999,
            "xe_uuid": "INE255X01014",
            "product": "MTF",
            "rmtm_buy_average_price": 504.3,
            "buy_amount": 12103.2,
            "average_buy_price": 504.3,
            "realized_mtm": -1
          },
          {
            "ltp": 1492.4,
            "other_margin": null,
            "sell_amount": 8925.800000000001,
            "exchange": "NSE",
            "net_quantity": 0,
            "token": "REDACTED",
            "average_price": 0,
            "client_id": "REDACTED",
            "cf_sell_average_price": 0,
            "cf_sell_quantity": 0,
            "pledged_quantity": 0,
            "cf_buy_quantity": 0,
            "cf_sell_amount": 0,
            "instrument_token": 2664,
            "previous_close": 1476.7,
            "trading_symbol": "PIDILITIND-EQ",
            "v_login_id": "S10272",
            "pro_cli": "CLIENT",
            "display_symbol": "PIDILITIND",
            "user_name": "REDACTED",
            "rmtm_sell_average_price": 1487.6333,
            "close_price": 0,
            "prod_type": 16,
            "multiplier": 1,
            "symbol": "PIDILITIND",
            "sell_quantity": 6,
            "segment": "Capital",
            "buy_quantity": 6,
            "cf_buy_amount": 0,
            "cf_buy_average_price": 0,
            "net_amount": 1.4000000000014552,
            "series": "EQ",
            "average_sell_price": 1487.6333333333334,
            "xe_uuid": "INE318A01026",
            "product": "MTF",
            "rmtm_buy_average_price": 1487.4,
            "buy_amount": 8924.4,
            "average_buy_price": 1487.3999999999999,
            "realized_mtm": 0
          },
          {
            "ltp": 614.2,
            "other_margin": null,
            "sell_amount": 12379.1,
            "exchange": "NSE",
            "net_quantity": 0,
            "token": "REDACTED",
            "average_price": 0,
            "client_id": "REDACTED",
            "cf_sell_average_price": 0,
            "cf_sell_quantity": 0,
            "pledged_quantity": 0,
            "cf_buy_quantity": 0,
            "cf_sell_amount": 0,
            "instrument_token": 19184,
            "previous_close": 616.35,
            "trading_symbol": "SFL-EQ",
            "v_login_id": "S10272",
            "pro_cli": "CLIENT",
            "display_symbol": "SFL",
            "user_name": "REDACTED",
            "rmtm_sell_average_price": 618.955,
            "close_price": 0,
            "prod_type": 16,
            "multiplier": 1,
            "symbol": "SFL",
            "sell_quantity": 20,
            "segment": "Capital",
            "buy_quantity": 20,
            "cf_buy_amount": 0,
            "cf_buy_average_price": 0,
            "net_amount": -12.099999999998545,
            "series": "EQ",
            "average_sell_price": 618.955,
            "xe_uuid": "INE916U01025",
            "product": "MTF",
            "rmtm_buy_average_price": 619.56,
            "buy_amount": 12391.199999999999,
            "average_buy_price": 619.56,
            "realized_mtm": -1
          },
          {
            "ltp": 2162.7,
            "other_margin": null,
            "sell_amount": 10772.8,
            "exchange": "NSE",
            "net_quantity": 0,
            "token": "REDACTED",
            "average_price": 0,
            "client_id": "REDACTED",
            "cf_sell_average_price": 0,
            "cf_sell_quantity": 0,
            "pledged_quantity": 0,
            "cf_buy_quantity": 0,
            "cf_sell_amount": 0,
            "instrument_token": 10604,
            "previous_close": 2159.8,
            "trading_symbol": "BHARTIARTL-EQ",
            "v_login_id": "S10272",
            "pro_cli": "CLIENT",
            "display_symbol": "BHARTIARTL",
            "user_name": "REDACTED",
            "rmtm_sell_average_price": 2154.56,
            "close_price": 0,
            "prod_type": 16,
            "multiplier": 1,
            "symbol": "BHARTIARTL",
            "sell_quantity": 5,
            "segment": "Capital",
            "buy_quantity": 5,
            "cf_buy_amount": 0,
            "cf_buy_average_price": 0,
            "net_amount": -0.4000000000014552,
            "series": "EQ",
            "average_sell_price": 2154.56,
            "xe_uuid": "INE397D01024",
            "product": "MTF",
            "rmtm_buy_average_price": 2154.64,
            "buy_amount": 10773.2,
            "average_buy_price": 2154.6400000000003,
            "realized_mtm": 0
          },
          {
            "ltp": 256,
            "other_margin": null,
            "sell_amount": 12558.95,
            "exchange": "NSE",
            "net_quantity": 0,
            "token": "REDACTED",
            "average_price": 0,
            "client_id": "REDACTED",
            "cf_sell_average_price": 0,
            "cf_sell_quantity": 0,
            "pledged_quantity": 0,
            "cf_buy_quantity": 0,
            "cf_sell_amount": 0,
            "instrument_token": 25426,
            "previous_close": 256.4,
            "trading_symbol": "NORTHARC-EQ",
            "v_login_id": "S10272",
            "pro_cli": "CLIENT",
            "display_symbol": "NORTHARC",
            "user_name": "REDACTED",
            "rmtm_sell_average_price": 256.3051,
            "close_price": 0,
            "prod_type": 16,
            "multiplier": 1,
            "symbol": "NORTHARC",
            "sell_quantity": 49,
            "segment": "Capital",
            "buy_quantity": 49,
            "cf_buy_amount": 0,
            "cf_buy_average_price": 0,
            "net_amount": -7.099999999998545,
            "series": "EQ",
            "average_sell_price": 256.30510204081634,
            "xe_uuid": "INE850M01015",
            "product": "MTF",
            "rmtm_buy_average_price": 256.45,
            "buy_amount": 12566.05,
            "average_buy_price": 256.45,
            "realized_mtm": 0
          },
          {
            "ltp": 507.85,
            "other_margin": null,
            "sell_amount": 12255.6,
            "exchange": "NSE",
            "net_quantity": 0,
            "token": "REDACTED",
            "average_price": 0,
            "client_id": "REDACTED",
            "cf_sell_average_price": 0,
            "cf_sell_quantity": 0,
            "pledged_quantity": 0,
            "cf_buy_quantity": 0,
            "cf_sell_amount": 0,
            "instrument_token": 17869,
            "previous_close": 513.65,
            "trading_symbol": "JSWENERGY-EQ",
            "v_login_id": "S10272",
            "pro_cli": "CLIENT",
            "display_symbol": "JSWENERGY",
            "user_name": "REDACTED",
            "rmtm_sell_average_price": 510.65,
            "close_price": 0,
            "prod_type": 16,
            "multiplier": 1,
            "symbol": "JSWENERGY",
            "sell_quantity": 24,
            "segment": "Capital",
            "buy_quantity": 24,
            "cf_buy_amount": 0,
            "cf_buy_average_price": 0,
            "net_amount": -7.199999999998909,
            "series": "EQ",
            "average_sell_price": 510.65000000000003,
            "xe_uuid": "INE121E01018",
            "product": "MTF",
            "rmtm_buy_average_price": 510.95,
            "buy_amount": 12262.8,
            "average_buy_price": 510.95,
            "realized_mtm": 0
          },
          {
            "ltp": 22.71,
            "other_margin": null,
            "sell_amount": 0,
            "exchange": "NSE",
            "net_quantity": 1,
            "token": "REDACTED",
            "average_price": 0,
            "client_id": "REDACTED",
            "cf_sell_average_price": 0,
            "cf_sell_quantity": 0,
            "pledged_quantity": 0,
            "cf_buy_quantity": 0,
            "cf_sell_amount": 0,
            "instrument_token": 11915,
            "previous_close": 22.93,
            "trading_symbol": "YESBANK-EQ",
            "v_login_id": "S10272",
            "pro_cli": "CLIENT",
            "display_symbol": "YESBANK",
            "user_name": "REDACTED",
            "rmtm_sell_average_price": 0,
            "close_price": 0,
            "prod_type": 1,
            "multiplier": 1,
            "symbol": "YESBANK",
            "sell_quantity": 0,
            "segment": "Capital",
            "buy_quantity": 1,
            "cf_buy_amount": 0,
            "cf_buy_average_price": 0,
            "net_amount": -22.69,
            "series": "EQ",
            "average_sell_price": 0,
            "xe_uuid": "INE528G01035",
            "product": "CNC",
            "rmtm_buy_average_price": 22.69,
            "buy_amount": 22.69,
            "average_buy_price": 22.69,
            "realized_mtm": 0
          },
          {
            "ltp": 10.32,
            "other_margin": null,
            "sell_amount": 0,
            "exchange": "NSE",
            "net_quantity": 2,
            "token": "REDACTED",
            "average_price": 0,
            "client_id": "REDACTED",
            "cf_sell_average_price": 0,
            "cf_sell_quantity": 0,
            "pledged_quantity": 0,
            "cf_buy_quantity": 0,
            "cf_sell_amount": 0,
            "instrument_token": 15308,
            "previous_close": 10.51,
            "trading_symbol": "SEPC-EQ",
            "v_login_id": "S10272",
            "pro_cli": "CLIENT",
            "display_symbol": "SEPC",
            "user_name": "REDACTED",
            "rmtm_sell_average_price": 0,
            "close_price": 0,
            "prod_type": 1,
            "multiplier": 1,
            "symbol": "SEPC",
            "sell_quantity": 0,
            "segment": "Capital",
            "buy_quantity": 2,
            "cf_buy_amount": 0,
            "cf_buy_average_price": 0,
            "net_amount": -20.52,
            "series": "EQ",
            "average_sell_price": 0,
            "xe_uuid": "INE964H01014",
            "product": "CNC",
            "rmtm_buy_average_price": 10.26,
            "buy_amount": 20.52,
            "average_buy_price": 10.26,
            "realized_mtm": 0
          },
          {
            "ltp": 296.22,
            "other_margin": null,
            "sell_amount": 0,
            "exchange": "NSE",
            "net_quantity": 1,
            "token": "REDACTED",
            "average_price": 0,
            "client_id": "REDACTED",
            "cf_sell_average_price": 0,
            "cf_sell_quantity": 0,
            "pledged_quantity": 0,
            "cf_buy_quantity": 0,
            "cf_sell_amount": 0,
            "instrument_token": 10576,
            "previous_close": 294.37,
            "trading_symbol": "NIFTYBEES-EQ",
            "v_login_id": "S10272",
            "pro_cli": "CLIENT",
            "display_symbol": "NIFTYBEES",
            "user_name": "REDACTED",
            "rmtm_sell_average_price": 0,
            "close_price": 0,
            "prod_type": 1,
            "multiplier": 1,
            "symbol": "NIFTYBEES",
            "sell_quantity": 0,
            "segment": "Capital",
            "buy_quantity": 1,
            "cf_buy_amount": 0,
            "cf_buy_average_price": 0,
            "net_amount": -296.08,
            "series": "EQ",
            "average_sell_price": 0,
            "xe_uuid": "INF204KB14I2",
            "product": "CNC",
            "rmtm_buy_average_price": 296.08,
            "buy_amount": 296.08,
            "average_buy_price": 296.08,
            "realized_mtm": 0
          },
          {
            "ltp": 101.03,
            "other_margin": null,
            "sell_amount": 0,
            "exchange": "NSE",
            "net_quantity": 1,
            "token": "REDACTED",
            "average_price": 0,
            "client_id": "REDACTED",
            "cf_sell_average_price": 0,
            "cf_sell_quantity": 0,
            "pledged_quantity": 0,
            "cf_buy_quantity": 0,
            "cf_sell_amount": 0,
            "instrument_token": 14428,
            "previous_close": 102.23,
            "trading_symbol": "GOLDBEES-EQ",
            "v_login_id": "S10272",
            "pro_cli": "CLIENT",
            "display_symbol": "GOLDBEES",
            "user_name": "REDACTED",
            "rmtm_sell_average_price": 0,
            "close_price": 0,
            "prod_type": 1,
            "multiplier": 1,
            "symbol": "GOLDBEES",
            "sell_quantity": 0,
            "segment": "Capital",
            "buy_quantity": 1,
            "cf_buy_amount": 0,
            "cf_buy_average_price": 0,
            "net_amount": -101.1,
            "series": "EQ",
            "average_sell_price": 0,
            "xe_uuid": "INF204KB17I5",
            "product": "CNC",
            "rmtm_buy_average_price": 101.1,
            "buy_amount": 101.1,
            "average_buy_price": 101.1,
            "realized_mtm": 0
          }
        ],
        "message": "",
        "status": "success"
      }
    },
    "userId": "69044940460b987a8555aba0",
    "brokerFunctionLogId": "e8652ad7-de04-49c8-9f4e-1b5147803a60",
    "functionName": "Portfolio.liveHoldings",
    "brokerName": "hdfcsky"
  },
  "reqId": "3aec4ff0-c5ea-11f0-bdec-51047f4f1818",
  "msg": "",
  "time": "2025-11-20T08:23:45.252Z",
  "v": 0
},
{
  "name": "sc.service.sc-integrations-brokers-api",
  "version": "3.8.9",
  "hostname": "ip-10-137-0-189",
  "pid": 2710,
  "type": "SC_BROKER",
  "level": 30,
  "context": {
    "options": {
      "accessToken": "REDACTED",
      "brokeruserId": "S10272",
      "clientDetails": {
        "channel": "web",
        "channelIp": "2409:40c0:101f:93f6:5816:8748:2dc:c872",
        "appInstallId": "9941e26b-b33b-596d-af3c-03e53b504cc7",
        "appVersion": "1.0.0",
        "userAgent": "Mozilla/5.0 (Linux; Android 10; K) AppleWebKit/537.36 (KHTML, like Gecko) Chrome/135.0.0.0 Mobile Safari/537.36"
      },
      "apiKey": "REDACTED",
      "apiSecret": "REDACTED"
    },
    "response": {
      "error": null,
      "response": {
        "code": true,
        "reason": "success",
        "payload": [
          {
            "isin": "INE528G01035",
            "tradingsymbol": "YESBANK",
            "brokersymbol": "11915",
            "quantity": 7,
            "averagePrice": 22.93,
            "exchange": "NSE",
            "authorisedQuantity": 7
          },
          {
            "isin": "INE092T01019",
            "tradingsymbol": "IDFCFIRSTB-EQ",
            "brokersymbol": "11184",
            "quantity": 0,
            "averagePrice": null,
            "exchange": "NSE"
          },
          {
            "isin": "INE330T01021",
            "tradingsymbol": "HAPPYFORGE-EQ",
            "brokersymbol": "20854",
            "quantity": 0,
            "averagePrice": null,
            "exchange": "NSE"
          },
          {
            "isin": "INE018A01030",
            "tradingsymbol": "LT-EQ",
            "brokersymbol": "11483",
            "quantity": 0,
            "averagePrice": null,
            "exchange": "NSE"
          },
          {
            "isin": "INE255X01014",
            "tradingsymbol": "MSTCLTD-EQ",
            "brokersymbol": "9356",
            "quantity": 0,
            "averagePrice": null,
            "exchange": "NSE"
          },
          {
            "isin": "INE318A01026",
            "tradingsymbol": "PIDILITIND-EQ",
            "brokersymbol": "2664",
            "quantity": 0,
            "averagePrice": null,
            "exchange": "NSE"
          },
          {
            "isin": "INE916U01025",
            "tradingsymbol": "SFL-EQ",
            "brokersymbol": "19184",
            "quantity": 0,
            "averagePrice": null,
            "exchange": "NSE"
          },
          {
            "isin": "INE397D01024",
            "tradingsymbol": "BHARTIARTL-EQ",
            "brokersymbol": "10604",
            "quantity": 0,
            "averagePrice": null,
            "exchange": "NSE"
          },
          {
            "isin": "INE850M01015",
            "tradingsymbol": "NORTHARC-EQ",
            "brokersymbol": "25426",
            "quantity": 0,
            "averagePrice": null,
            "exchange": "NSE"
          },
          {
            "isin": "INE121E01018",
            "tradingsymbol": "JSWENERGY-EQ",
            "brokersymbol": "17869",
            "quantity": 0,
            "averagePrice": null,
            "exchange": "NSE"
          },
          {
            "isin": "INE528G01035",
            "tradingsymbol": "YESBANK-EQ",
            "brokersymbol": "11915",
            "quantity": 1,
            "averagePrice": 22.69,
            "exchange": "NSE"
          },
          {
            "isin": "INE964H01014",
            "tradingsymbol": "SEPC-EQ",
            "brokersymbol": "15308",
            "quantity": 2,
            "averagePrice": 10.26,
            "exchange": "NSE"
          },
          {
            "isin": "INF204KB14I2",
            "tradingsymbol": "NIFTYBEES-EQ",
            "brokersymbol": "10576",
            "quantity": 1,
            "averagePrice": 296.08,
            "exchange": "NSE"
          },
          {
            "isin": "INF204KB17I5",
            "tradingsymbol": "GOLDBEES-EQ",
            "brokersymbol": "14428",
            "quantity": 1,
            "averagePrice": 101.1,
            "exchange": "NSE"
          }
        ]
      }
    },
    "userId": "69044940460b987a8555aba0",
    "brokerFunctionLogId": "2f6983ee-9003-45dd-955b-97d4bb6eaa17",
    "brokerApi": {
      "functionName": "Portfolio.liveHoldings",
      "brokerName": "hdfcsky"
    }
  },
  "reqId": "3aed8870-c5ea-11f0-93c3-09a9fea7c49a",
  "msg": "broker lib function response recieved",
  "time": "2025-11-20T08:23:45.233Z",
  "v": 0
},
{
  "name": "sc.service.sc-integrations-brokers-api",
  "version": "3.8.9",
  "hostname": "ip-10-137-0-189",
  "pid": 2717,
  "type": "SC_BROKER",
  "level": 30,
  "context": {
    "options": {
      "accessToken": "REDACTED",
      "brokeruserId": "S10272",
      "clientDetails": {
        "channel": "web",
        "channelIp": "2409:40c0:101f:93f6:5816:8748:2dc:c872",
        "appInstallId": "9941e26b-b33b-596d-af3c-03e53b504cc7",
        "appVersion": "1.0.0",
        "userAgent": "Mozilla/5.0 (Linux; Android 10; K) AppleWebKit/537.36 (KHTML, like Gecko) Chrome/135.0.0.0 Mobile Safari/537.36"
      },
      "apiKey": "REDACTED",
      "apiSecret": "REDACTED"
    },
    "response": {
      "error": null,
      "response": {
        "code": true,
        "reason": "success",
        "payload": [
          {
            "isin": "INE528G01035",
            "tradingsymbol": "YESBANK",
            "brokersymbol": "11915",
            "quantity": 7,
            "averagePrice": 22.93,
            "exchange": "NSE",
            "authorisedQuantity": 7
          },
          {
            "isin": "INE092T01019",
            "tradingsymbol": "IDFCFIRSTB-EQ",
            "brokersymbol": "11184",
            "quantity": 0,
            "averagePrice": null,
            "exchange": "NSE"
          },
          {
            "isin": "INE330T01021",
            "tradingsymbol": "HAPPYFORGE-EQ",
            "brokersymbol": "20854",
            "quantity": 0,
            "averagePrice": null,
            "exchange": "NSE"
          },
          {
            "isin": "INE018A01030",
            "tradingsymbol": "LT-EQ",
            "brokersymbol": "11483",
            "quantity": 0,
            "averagePrice": null,
            "exchange": "NSE"
          },
          {
            "isin": "INE255X01014",
            "tradingsymbol": "MSTCLTD-EQ",
            "brokersymbol": "9356",
            "quantity": 0,
            "averagePrice": null,
            "exchange": "NSE"
          },
          {
            "isin": "INE318A01026",
            "tradingsymbol": "PIDILITIND-EQ",
            "brokersymbol": "2664",
            "quantity": 0,
            "averagePrice": null,
            "exchange": "NSE"
          },
          {
            "isin": "INE916U01025",
            "tradingsymbol": "SFL-EQ",
            "brokersymbol": "19184",
            "quantity": 0,
            "averagePrice": null,
            "exchange": "NSE"
          },
          {
            "isin": "INE397D01024",
            "tradingsymbol": "BHARTIARTL-EQ",
            "brokersymbol": "10604",
            "quantity": 0,
            "averagePrice": null,
            "exchange": "NSE"
          },
          {
            "isin": "INE850M01015",
            "tradingsymbol": "NORTHARC-EQ",
            "brokersymbol": "25426",
            "quantity": 0,
            "averagePrice": null,
            "exchange": "NSE"
          },
          {
            "isin": "INE121E01018",
            "tradingsymbol": "JSWENERGY-EQ",
            "brokersymbol": "17869",
            "quantity": 0,
            "averagePrice": null,
            "exchange": "NSE"
          },
          {
            "isin": "INE528G01035",
            "tradingsymbol": "YESBANK-EQ",
            "brokersymbol": "11915",
            "quantity": 1,
            "averagePrice": 22.69,
            "exchange": "NSE"
          },
          {
            "isin": "INE964H01014",
            "tradingsymbol": "SEPC-EQ",
            "brokersymbol": "15308",
            "quantity": 2,
            "averagePrice": 10.26,
            "exchange": "NSE"
          },
          {
            "isin": "INF204KB14I2",
            "tradingsymbol": "NIFTYBEES-EQ",
            "brokersymbol": "10576",
            "quantity": 1,
            "averagePrice": 296.08,
            "exchange": "NSE"
          },
          {
            "isin": "INF204KB17I5",
            "tradingsymbol": "GOLDBEES-EQ",
            "brokersymbol": "14428",
            "quantity": 1,
            "averagePrice": 101.1,
            "exchange": "NSE"
          }
        ]
      }
    },
    "userId": "69044940460b987a8555aba0",
    "brokerFunctionLogId": "8e58290c-0ff7-45a9-bb91-ef4e75092779",
    "brokerApi": {
      "functionName": "Portfolio.liveHoldings",
      "brokerName": "hdfcsky"
    }
  },
  "reqId": "3aeee800-c5ea-11f0-bdec-51047f4f1818",
  "msg": "broker lib function response recieved",
  "time": "2025-11-20T08:23:45.229Z",
  "v": 0
},
{
  "name": "sc.service.sc-integrations-brokers-api",
  "version": "3.8.9",
  "hostname": "ip-10-137-0-189",
  "pid": 2710,
  "type": "SC_BROKER",
  "level": 30,
  "context": {
    "broker": "hdfcsky",
    "msg": "Successful request",
    "details": {
      "request": {
        "url": "https://developer.hdfcsky.com/oapi/v1/positions?api_key=1bc928ff1ce54970b0a2f2ae4740dc77&client_id=S10272&type=historical",
        "method": "GET",
        "headers": {
          "Authorization": "REDACTED",
          "Content-Type": "application/json"
        },
        "timeout": 20000
      },
      "userId": "S10272",
      "accessToken": "REDACTED",
      "response": {
        "statusCode": 200,
        "body": {
          "data": [
            {
              "ltp": 79.02,
              "other_margin": null,
              "sell_amount": 12824.1,
              "exchange": "NSE",
              "net_quantity": 0,
              "token": "REDACTED",
              "average_price": 0,
              "client_id": "REDACTED",
              "cf_sell_average_price": 0,
              "cf_sell_quantity": 0,
              "pledged_quantity": 0,
              "cf_buy_quantity": 0,
              "cf_sell_amount": 0,
              "instrument_token": 11184,
              "previous_close": 79.61,
              "trading_symbol": "IDFCFIRSTB-EQ",
              "v_login_id": "S10272",
              "pro_cli": "CLIENT",
              "display_symbol": "IDFCFIRSTB",
              "user_name": "REDACTED",
              "rmtm_sell_average_price": 79.6528,
              "close_price": 0,
              "prod_type": 16,
              "multiplier": 1,
              "symbol": "IDFCFIRSTB",
              "sell_quantity": 161,
              "segment": "Capital",
              "buy_quantity": 161,
              "cf_buy_amount": 0,
              "cf_buy_average_price": 0,
              "net_amount": -10.510000000000218,
              "series": "EQ",
              "average_sell_price": 79.6527950310559,
              "xe_uuid": "INE092T01019",
              "product": "MTF",
              "rmtm_buy_average_price": 79.7181,
              "buy_amount": 12834.61,
              "average_buy_price": 79.71807453416149,
              "realized_mtm": -1
            },
            {
              "ltp": 1038.5,
              "other_margin": null,
              "sell_amount": 11381.7,
              "exchange": "NSE",
              "net_quantity": 0,
              "token": "REDACTED",
              "average_price": 0,
              "client_id": "REDACTED",
              "cf_sell_average_price": 0,
              "cf_sell_quantity": 0,
              "pledged_quantity": 0,
              "cf_buy_quantity": 0,
              "cf_sell_amount": 0,
              "instrument_token": 20854,
              "previous_close": 1033.5,
              "trading_symbol": "HAPPYFORGE-EQ",
              "v_login_id": "S10272",
              "pro_cli": "CLIENT",
              "display_symbol": "HAPPYFORGE",
              "user_name": "REDACTED",
              "rmtm_sell_average_price": 1034.7,
              "close_price": 0,
              "prod_type": 16,
              "multiplier": 1,
              "symbol": "HAPPYFORGE",
              "sell_quantity": 11,
              "segment": "Capital",
              "buy_quantity": 11,
              "cf_buy_amount": 0,
              "cf_buy_average_price": 0,
              "net_amount": -16.099999999998545,
              "series": "EQ",
              "average_sell_price": 1034.7,
              "xe_uuid": "INE330T01021",
              "product": "MTF",
              "rmtm_buy_average_price": 1036.1636,
              "buy_amount": 11397.8,
              "average_buy_price": 1036.1636363636362,
              "realized_mtm": -1
            },
            {
              "ltp": 4034,
              "other_margin": null,
              "sell_amount": 12070.9,
              "exchange": "NSE",
              "net_quantity": 0,
              "token": "REDACTED",
              "average_price": 0,
              "client_id": "REDACTED",
              "cf_sell_average_price": 0,
              "cf_sell_quantity": 0,
              "pledged_quantity": 0,
              "cf_buy_quantity": 0,
              "cf_sell_amount": 0,
              "instrument_token": 11483,
              "previous_close": 4019.6,
              "trading_symbol": "LT-EQ",
              "v_login_id": "S10272",
              "pro_cli": "CLIENT",
              "display_symbol": "LT",
              "user_name": "REDACTED",
              "rmtm_sell_average_price": 4023.6333,
              "close_price": 0,
              "prod_type": 16,
              "multiplier": 1,
              "symbol": "LT",
              "sell_quantity": 3,
              "segment": "Capital",
              "buy_quantity": 3,
              "cf_buy_amount": 0,
              "cf_buy_average_price": 0,
              "net_amount": -7.5,
              "series": "EQ",
              "average_sell_price": 4023.633333333333,
              "xe_uuid": "INE018A01030",
              "product": "MTF",
              "rmtm_buy_average_price": 4026.1333,
              "buy_amount": 12078.4,
              "average_buy_price": 4026.133333333333,
              "realized_mtm": -1
            },
            {
              "ltp": 504.4,
              "other_margin": null,
              "sell_amount": 12092.849999999999,
              "exchange": "NSE",
              "net_quantity": 0,
              "token": "REDACTED",
              "average_price": 0,
              "client_id": "REDACTED",
              "cf_sell_average_price": 0,
              "cf_sell_quantity": 0,
              "pledged_quantity": 0,
              "cf_buy_quantity": 0,
              "cf_sell_amount": 0,
              "instrument_token": 9356,
              "previous_close": 500.95,
              "trading_symbol": "MSTCLTD-EQ",
              "v_login_id": "S10272",
              "pro_cli": "CLIENT",
              "display_symbol": "MSTCLTD",
              "user_name": "REDACTED",
              "rmtm_sell_average_price": 503.8687,
              "close_price": 0,
              "prod_type": 16,
              "multiplier": 1,
              "symbol": "MSTCLTD",
              "sell_quantity": 24,
              "segment": "Capital",
              "buy_quantity": 24,
              "cf_buy_amount": 0,
              "cf_buy_average_price": 0,
              "net_amount": -10.350000000002183,
              "series": "EQ",
              "average_sell_price": 503.8687499999999,
              "xe_uuid": "INE255X01014",
              "product": "MTF",
              "rmtm_buy_average_price": 504.3,
              "buy_amount": 12103.2,
              "average_buy_price": 504.3,
              "realized_mtm": -1
            },
            {
              "ltp": 1492.4,
              "other_margin": null,
              "sell_amount": 8925.800000000001,
              "exchange": "NSE",
              "net_quantity": 0,
              "token": "REDACTED",
              "average_price": 0,
              "client_id": "REDACTED",
              "cf_sell_average_price": 0,
              "cf_sell_quantity": 0,
              "pledged_quantity": 0,
              "cf_buy_quantity": 0,
              "cf_sell_amount": 0,
              "instrument_token": 2664,
              "previous_close": 1476.7,
              "trading_symbol": "PIDILITIND-EQ",
              "v_login_id": "S10272",
              "pro_cli": "CLIENT",
              "display_symbol": "PIDILITIND",
              "user_name": "REDACTED",
              "rmtm_sell_average_price": 1487.6333,
              "close_price": 0,
              "prod_type": 16,
              "multiplier": 1,
              "symbol": "PIDILITIND",
              "sell_quantity": 6,
              "segment": "Capital",
              "buy_quantity": 6,
              "cf_buy_amount": 0,
              "cf_buy_average_price": 0,
              "net_amount": 1.4000000000014552,
              "series": "EQ",
              "average_sell_price": 1487.6333333333334,
              "xe_uuid": "INE318A01026",
              "product": "MTF",
              "rmtm_buy_average_price": 1487.4,
              "buy_amount": 8924.4,
              "average_buy_price": 1487.3999999999999,
              "realized_mtm": 0
            },
            {
              "ltp": 614.2,
              "other_margin": null,
              "sell_amount": 12379.1,
              "exchange": "NSE",
              "net_quantity": 0,
              "token": "REDACTED",
              "average_price": 0,
              "client_id": "REDACTED",
              "cf_sell_average_price": 0,
              "cf_sell_quantity": 0,
              "pledged_quantity": 0,
              "cf_buy_quantity": 0,
              "cf_sell_amount": 0,
              "instrument_token": 19184,
              "previous_close": 616.35,
              "trading_symbol": "SFL-EQ",
              "v_login_id": "S10272",
              "pro_cli": "CLIENT",
              "display_symbol": "SFL",
              "user_name": "REDACTED",
              "rmtm_sell_average_price": 618.955,
              "close_price": 0,
              "prod_type": 16,
              "multiplier": 1,
              "symbol": "SFL",
              "sell_quantity": 20,
              "segment": "Capital",
              "buy_quantity": 20,
              "cf_buy_amount": 0,
              "cf_buy_average_price": 0,
              "net_amount": -12.099999999998545,
              "series": "EQ",
              "average_sell_price": 618.955,
              "xe_uuid": "INE916U01025",
              "product": "MTF",
              "rmtm_buy_average_price": 619.56,
              "buy_amount": 12391.199999999999,
              "average_buy_price": 619.56,
              "realized_mtm": -1
            },
            {
              "ltp": 2162.7,
              "other_margin": null,
              "sell_amount": 10772.8,
              "exchange": "NSE",
              "net_quantity": 0,
              "token": "REDACTED",
              "average_price": 0,
              "client_id": "REDACTED",
              "cf_sell_average_price": 0,
              "cf_sell_quantity": 0,
              "pledged_quantity": 0,
              "cf_buy_quantity": 0,
              "cf_sell_amount": 0,
              "instrument_token": 10604,
              "previous_close": 2159.8,
              "trading_symbol": "BHARTIARTL-EQ",
              "v_login_id": "S10272",
              "pro_cli": "CLIENT",
              "display_symbol": "BHARTIARTL",
              "user_name": "REDACTED",
              "rmtm_sell_average_price": 2154.56,
              "close_price": 0,
              "prod_type": 16,
              "multiplier": 1,
              "symbol": "BHARTIARTL",
              "sell_quantity": 5,
              "segment": "Capital",
              "buy_quantity": 5,
              "cf_buy_amount": 0,
              "cf_buy_average_price": 0,
              "net_amount": -0.4000000000014552,
              "series": "EQ",
              "average_sell_price": 2154.56,
              "xe_uuid": "INE397D01024",
              "product": "MTF",
              "rmtm_buy_average_price": 2154.64,
              "buy_amount": 10773.2,
              "average_buy_price": 2154.6400000000003,
              "realized_mtm": 0
            },
            {
              "ltp": 256,
              "other_margin": null,
              "sell_amount": 12558.95,
              "exchange": "NSE",
              "net_quantity": 0,
              "token": "REDACTED",
              "average_price": 0,
              "client_id": "REDACTED",
              "cf_sell_average_price": 0,
              "cf_sell_quantity": 0,
              "pledged_quantity": 0,
              "cf_buy_quantity": 0,
              "cf_sell_amount": 0,
              "instrument_token": 25426,
              "previous_close": 256.4,
              "trading_symbol": "NORTHARC-EQ",
              "v_login_id": "S10272",
              "pro_cli": "CLIENT",
              "display_symbol": "NORTHARC",
              "user_name": "REDACTED",
              "rmtm_sell_average_price": 256.3051,
              "close_price": 0,
              "prod_type": 16,
              "multiplier": 1,
              "symbol": "NORTHARC",
              "sell_quantity": 49,
              "segment": "Capital",
              "buy_quantity": 49,
              "cf_buy_amount": 0,
              "cf_buy_average_price": 0,
              "net_amount": -7.099999999998545,
              "series": "EQ",
              "average_sell_price": 256.30510204081634,
              "xe_uuid": "INE850M01015",
              "product": "MTF",
              "rmtm_buy_average_price": 256.45,
              "buy_amount": 12566.05,
              "average_buy_price": 256.45,
              "realized_mtm": 0
            },
            {
              "ltp": 507.85,
              "other_margin": null,
              "sell_amount": 12255.6,
              "exchange": "NSE",
              "net_quantity": 0,
              "token": "REDACTED",
              "average_price": 0,
              "client_id": "REDACTED",
              "cf_sell_average_price": 0,
              "cf_sell_quantity": 0,
              "pledged_quantity": 0,
              "cf_buy_quantity": 0,
              "cf_sell_amount": 0,
              "instrument_token": 17869,
              "previous_close": 513.65,
              "trading_symbol": "JSWENERGY-EQ",
              "v_login_id": "S10272",
              "pro_cli": "CLIENT",
              "display_symbol": "JSWENERGY",
              "user_name": "REDACTED",
              "rmtm_sell_average_price": 510.65,
              "close_price": 0,
              "prod_type": 16,
              "multiplier": 1,
              "symbol": "JSWENERGY",
              "sell_quantity": 24,
              "segment": "Capital",
              "buy_quantity": 24,
              "cf_buy_amount": 0,
              "cf_buy_average_price": 0,
              "net_amount": -7.199999999998909,
              "series": "EQ",
              "average_sell_price": 510.65000000000003,
              "xe_uuid": "INE121E01018",
              "product": "MTF",
              "rmtm_buy_average_price": 510.95,
              "buy_amount": 12262.8,
              "average_buy_price": 510.95,
              "realized_mtm": 0
            },
            {
              "ltp": 22.71,
              "other_margin": null,
              "sell_amount": 0,
              "exchange": "NSE",
              "net_quantity": 1,
              "token": "REDACTED",
              "average_price": 0,
              "client_id": "REDACTED",
              "cf_sell_average_price": 0,
              "cf_sell_quantity": 0,
              "pledged_quantity": 0,
              "cf_buy_quantity": 0,
              "cf_sell_amount": 0,
              "instrument_token": 11915,
              "previous_close": 22.93,
              "trading_symbol": "YESBANK-EQ",
              "v_login_id": "S10272",
              "pro_cli": "CLIENT",
              "display_symbol": "YESBANK",
              "user_name": "REDACTED",
              "rmtm_sell_average_price": 0,
              "close_price": 0,
              "prod_type": 1,
              "multiplier": 1,
              "symbol": "YESBANK",
              "sell_quantity": 0,
              "segment": "Capital",
              "buy_quantity": 1,
              "cf_buy_amount": 0,
              "cf_buy_average_price": 0,
              "net_amount": -22.69,
              "series": "EQ",
              "average_sell_price": 0,
              "xe_uuid": "INE528G01035",
              "product": "CNC",
              "rmtm_buy_average_price": 22.69,
              "buy_amount": 22.69,
              "average_buy_price": 22.69,
              "realized_mtm": 0
            },
            {
              "ltp": 10.32,
              "other_margin": null,
              "sell_amount": 0,
              "exchange": "NSE",
              "net_quantity": 2,
              "token": "REDACTED",
              "average_price": 0,
              "client_id": "REDACTED",
              "cf_sell_average_price": 0,
              "cf_sell_quantity": 0,
              "pledged_quantity": 0,
              "cf_buy_quantity": 0,
              "cf_sell_amount": 0,
              "instrument_token": 15308,
              "previous_close": 10.51,
              "trading_symbol": "SEPC-EQ",
              "v_login_id": "S10272",
              "pro_cli": "CLIENT",
              "display_symbol": "SEPC",
              "user_name": "REDACTED",
              "rmtm_sell_average_price": 0,
              "close_price": 0,
              "prod_type": 1,
              "multiplier": 1,
              "symbol": "SEPC",
              "sell_quantity": 0,
              "segment": "Capital",
              "buy_quantity": 2,
              "cf_buy_amount": 0,
              "cf_buy_average_price": 0,
              "net_amount": -20.52,
              "series": "EQ",
              "average_sell_price": 0,
              "xe_uuid": "INE964H01014",
              "product": "CNC",
              "rmtm_buy_average_price": 10.26,
              "buy_amount": 20.52,
              "average_buy_price": 10.26,
              "realized_mtm": 0
            },
            {
              "ltp": 296.22,
              "other_margin": null,
              "sell_amount": 0,
              "exchange": "NSE",
              "net_quantity": 1,
              "token": "REDACTED",
              "average_price": 0,
              "client_id": "REDACTED",
              "cf_sell_average_price": 0,
              "cf_sell_quantity": 0,
              "pledged_quantity": 0,
              "cf_buy_quantity": 0,
              "cf_sell_amount": 0,
              "instrument_token": 10576,
              "previous_close": 294.37,
              "trading_symbol": "NIFTYBEES-EQ",
              "v_login_id": "S10272",
              "pro_cli": "CLIENT",
              "display_symbol": "NIFTYBEES",
              "user_name": "REDACTED",
              "rmtm_sell_average_price": 0,
              "close_price": 0,
              "prod_type": 1,
              "multiplier": 1,
              "symbol": "NIFTYBEES",
              "sell_quantity": 0,
              "segment": "Capital",
              "buy_quantity": 1,
              "cf_buy_amount": 0,
              "cf_buy_average_price": 0,
              "net_amount": -296.08,
              "series": "EQ",
              "average_sell_price": 0,
              "xe_uuid": "INF204KB14I2",
              "product": "CNC",
              "rmtm_buy_average_price": 296.08,
              "buy_amount": 296.08,
              "average_buy_price": 296.08,
              "realized_mtm": 0
            },
            {
              "ltp": 101.03,
              "other_margin": null,
              "sell_amount": 0,
              "exchange": "NSE",
              "net_quantity": 1,
              "token": "REDACTED",
              "average_price": 0,
              "client_id": "REDACTED",
              "cf_sell_average_price": 0,
              "cf_sell_quantity": 0,
              "pledged_quantity": 0,
              "cf_buy_quantity": 0,
              "cf_sell_amount": 0,
              "instrument_token": 14428,
              "previous_close": 102.23,
              "trading_symbol": "GOLDBEES-EQ",
              "v_login_id": "S10272",
              "pro_cli": "CLIENT",
              "display_symbol": "GOLDBEES",
              "user_name": "REDACTED",
              "rmtm_sell_average_price": 0,
              "close_price": 0,
              "prod_type": 1,
              "multiplier": 1,
              "symbol": "GOLDBEES",
              "sell_quantity": 0,
              "segment": "Capital",
              "buy_quantity": 1,
              "cf_buy_amount": 0,
              "cf_buy_average_price": 0,
              "net_amount": -101.1,
              "series": "EQ",
              "average_sell_price": 0,
              "xe_uuid": "INF204KB17I5",
              "product": "CNC",
              "rmtm_buy_average_price": 101.1,
              "buy_amount": 101.1,
              "average_buy_price": 101.1,
              "realized_mtm": 0
            }
          ],
          "message": "",
          "status": "success"
        }
      },
      "responseString": {
        "data": [
          {
            "ltp": 79.02,
            "other_margin": null,
            "sell_amount": 12824.1,
            "exchange": "NSE",
            "net_quantity": 0,
            "token": "REDACTED",
            "average_price": 0,
            "client_id": "REDACTED",
            "cf_sell_average_price": 0,
            "cf_sell_quantity": 0,
            "pledged_quantity": 0,
            "cf_buy_quantity": 0,
            "cf_sell_amount": 0,
            "instrument_token": 11184,
            "previous_close": 79.61,
            "trading_symbol": "IDFCFIRSTB-EQ",
            "v_login_id": "S10272",
            "pro_cli": "CLIENT",
            "display_symbol": "IDFCFIRSTB",
            "user_name": "REDACTED",
            "rmtm_sell_average_price": 79.6528,
            "close_price": 0,
            "prod_type": 16,
            "multiplier": 1,
            "symbol": "IDFCFIRSTB",
            "sell_quantity": 161,
            "segment": "Capital",
            "buy_quantity": 161,
            "cf_buy_amount": 0,
            "cf_buy_average_price": 0,
            "net_amount": -10.510000000000218,
            "series": "EQ",
            "average_sell_price": 79.6527950310559,
            "xe_uuid": "INE092T01019",
            "product": "MTF",
            "rmtm_buy_average_price": 79.7181,
            "buy_amount": 12834.61,
            "average_buy_price": 79.71807453416149,
            "realized_mtm": -1
          },
          {
            "ltp": 1038.5,
            "other_margin": null,
            "sell_amount": 11381.7,
            "exchange": "NSE",
            "net_quantity": 0,
            "token": "REDACTED",
            "average_price": 0,
            "client_id": "REDACTED",
            "cf_sell_average_price": 0,
            "cf_sell_quantity": 0,
            "pledged_quantity": 0,
            "cf_buy_quantity": 0,
            "cf_sell_amount": 0,
            "instrument_token": 20854,
            "previous_close": 1033.5,
            "trading_symbol": "HAPPYFORGE-EQ",
            "v_login_id": "S10272",
            "pro_cli": "CLIENT",
            "display_symbol": "HAPPYFORGE",
            "user_name": "REDACTED",
            "rmtm_sell_average_price": 1034.7,
            "close_price": 0,
            "prod_type": 16,
            "multiplier": 1,
            "symbol": "HAPPYFORGE",
            "sell_quantity": 11,
            "segment": "Capital",
            "buy_quantity": 11,
            "cf_buy_amount": 0,
            "cf_buy_average_price": 0,
            "net_amount": -16.099999999998545,
            "series": "EQ",
            "average_sell_price": 1034.7,
            "xe_uuid": "INE330T01021",
            "product": "MTF",
            "rmtm_buy_average_price": 1036.1636,
            "buy_amount": 11397.8,
            "average_buy_price": 1036.1636363636362,
            "realized_mtm": -1
          },
          {
            "ltp": 4034,
            "other_margin": null,
            "sell_amount": 12070.9,
            "exchange": "NSE",
            "net_quantity": 0,
            "token": "REDACTED",
            "average_price": 0,
            "client_id": "REDACTED",
            "cf_sell_average_price": 0,
            "cf_sell_quantity": 0,
            "pledged_quantity": 0,
            "cf_buy_quantity": 0,
            "cf_sell_amount": 0,
            "instrument_token": 11483,
            "previous_close": 4019.6,
            "trading_symbol": "LT-EQ",
            "v_login_id": "S10272",
            "pro_cli": "CLIENT",
            "display_symbol": "LT",
            "user_name": "REDACTED",
            "rmtm_sell_average_price": 4023.6333,
            "close_price": 0,
            "prod_type": 16,
            "multiplier": 1,
            "symbol": "LT",
            "sell_quantity": 3,
            "segment": "Capital",
            "buy_quantity": 3,
            "cf_buy_amount": 0,
            "cf_buy_average_price": 0,
            "net_amount": -7.5,
            "series": "EQ",
            "average_sell_price": 4023.633333333333,
            "xe_uuid": "INE018A01030",
            "product": "MTF",
            "rmtm_buy_average_price": 4026.1333,
            "buy_amount": 12078.4,
            "average_buy_price": 4026.133333333333,
            "realized_mtm": -1
          },
          {
            "ltp": 504.4,
            "other_margin": null,
            "sell_amount": 12092.849999999999,
            "exchange": "NSE",
            "net_quantity": 0,
            "token": "REDACTED",
            "average_price": 0,
            "client_id": "REDACTED",
            "cf_sell_average_price": 0,
            "cf_sell_quantity": 0,
            "pledged_quantity": 0,
            "cf_buy_quantity": 0,
            "cf_sell_amount": 0,
            "instrument_token": 9356,
            "previous_close": 500.95,
            "trading_symbol": "MSTCLTD-EQ",
            "v_login_id": "S10272",
            "pro_cli": "CLIENT",
            "display_symbol": "MSTCLTD",
            "user_name": "REDACTED",
            "rmtm_sell_average_price": 503.8687,
            "close_price": 0,
            "prod_type": 16,
            "multiplier": 1,
            "symbol": "MSTCLTD",
            "sell_quantity": 24,
            "segment": "Capital",
            "buy_quantity": 24,
            "cf_buy_amount": 0,
            "cf_buy_average_price": 0,
            "net_amount": -10.350000000002183,
            "series": "EQ",
            "average_sell_price": 503.8687499999999,
            "xe_uuid": "INE255X01014",
            "product": "MTF",
            "rmtm_buy_average_price": 504.3,
            "buy_amount": 12103.2,
            "average_buy_price": 504.3,
            "realized_mtm": -1
          },
          {
            "ltp": 1492.4,
            "other_margin": null,
            "sell_amount": 8925.800000000001,
            "exchange": "NSE",
            "net_quantity": 0,
            "token": "REDACTED",
            "average_price": 0,
            "client_id": "REDACTED",
            "cf_sell_average_price": 0,
            "cf_sell_quantity": 0,
            "pledged_quantity": 0,
            "cf_buy_quantity": 0,
            "cf_sell_amount": 0,
            "instrument_token": 2664,
            "previous_close": 1476.7,
            "trading_symbol": "PIDILITIND-EQ",
            "v_login_id": "S10272",
            "pro_cli": "CLIENT",
            "display_symbol": "PIDILITIND",
            "user_name": "REDACTED",
            "rmtm_sell_average_price": 1487.6333,
            "close_price": 0,
            "prod_type": 16,
            "multiplier": 1,
            "symbol": "PIDILITIND",
            "sell_quantity": 6,
            "segment": "Capital",
            "buy_quantity": 6,
            "cf_buy_amount": 0,
            "cf_buy_average_price": 0,
            "net_amount": 1.4000000000014552,
            "series": "EQ",
            "average_sell_price": 1487.6333333333334,
            "xe_uuid": "INE318A01026",
            "product": "MTF",
            "rmtm_buy_average_price": 1487.4,
            "buy_amount": 8924.4,
            "average_buy_price": 1487.3999999999999,
            "realized_mtm": 0
          },
          {
            "ltp": 614.2,
            "other_margin": null,
            "sell_amount": 12379.1,
            "exchange": "NSE",
            "net_quantity": 0,
            "token": "REDACTED",
            "average_price": 0,
            "client_id": "REDACTED",
            "cf_sell_average_price": 0,
            "cf_sell_quantity": 0,
            "pledged_quantity": 0,
            "cf_buy_quantity": 0,
            "cf_sell_amount": 0,
            "instrument_token": 19184,
            "previous_close": 616.35,
            "trading_symbol": "SFL-EQ",
            "v_login_id": "S10272",
            "pro_cli": "CLIENT",
            "display_symbol": "SFL",
            "user_name": "REDACTED",
            "rmtm_sell_average_price": 618.955,
            "close_price": 0,
            "prod_type": 16,
            "multiplier": 1,
            "symbol": "SFL",
            "sell_quantity": 20,
            "segment": "Capital",
            "buy_quantity": 20,
            "cf_buy_amount": 0,
            "cf_buy_average_price": 0,
            "net_amount": -12.099999999998545,
            "series": "EQ",
            "average_sell_price": 618.955,
            "xe_uuid": "INE916U01025",
            "product": "MTF",
            "rmtm_buy_average_price": 619.56,
            "buy_amount": 12391.199999999999,
            "average_buy_price": 619.56,
            "realized_mtm": -1
          },
          {
            "ltp": 2162.7,
            "other_margin": null,
            "sell_amount": 10772.8,
            "exchange": "NSE",
            "net_quantity": 0,
            "token": "REDACTED",
            "average_price": 0,
            "client_id": "REDACTED",
            "cf_sell_average_price": 0,
            "cf_sell_quantity": 0,
            "pledged_quantity": 0,
            "cf_buy_quantity": 0,
            "cf_sell_amount": 0,
            "instrument_token": 10604,
            "previous_close": 2159.8,
            "trading_symbol": "BHARTIARTL-EQ",
            "v_login_id": "S10272",
            "pro_cli": "CLIENT",
            "display_symbol": "BHARTIARTL",
            "user_name": "REDACTED",
            "rmtm_sell_average_price": 2154.56,
            "close_price": 0,
            "prod_type": 16,
            "multiplier": 1,
            "symbol": "BHARTIARTL",
            "sell_quantity": 5,
            "segment": "Capital",
            "buy_quantity": 5,
            "cf_buy_amount": 0,
            "cf_buy_average_price": 0,
            "net_amount": -0.4000000000014552,
            "series": "EQ",
            "average_sell_price": 2154.56,
            "xe_uuid": "INE397D01024",
            "product": "MTF",
            "rmtm_buy_average_price": 2154.64,
            "buy_amount": 10773.2,
            "average_buy_price": 2154.6400000000003,
            "realized_mtm": 0
          },
          {
            "ltp": 256,
            "other_margin": null,
            "sell_amount": 12558.95,
            "exchange": "NSE",
            "net_quantity": 0,
            "token": "REDACTED",
            "average_price": 0,
            "client_id": "REDACTED",
            "cf_sell_average_price": 0,
            "cf_sell_quantity": 0,
            "pledged_quantity": 0,
            "cf_buy_quantity": 0,
            "cf_sell_amount": 0,
            "instrument_token": 25426,
            "previous_close": 256.4,
            "trading_symbol": "NORTHARC-EQ",
            "v_login_id": "S10272",
            "pro_cli": "CLIENT",
            "display_symbol": "NORTHARC",
            "user_name": "REDACTED",
            "rmtm_sell_average_price": 256.3051,
            "close_price": 0,
            "prod_type": 16,
            "multiplier": 1,
            "symbol": "NORTHARC",
            "sell_quantity": 49,
            "segment": "Capital",
            "buy_quantity": 49,
            "cf_buy_amount": 0,
            "cf_buy_average_price": 0,
            "net_amount": -7.099999999998545,
            "series": "EQ",
            "average_sell_price": 256.30510204081634,
            "xe_uuid": "INE850M01015",
            "product": "MTF",
            "rmtm_buy_average_price": 256.45,
            "buy_amount": 12566.05,
            "average_buy_price": 256.45,
            "realized_mtm": 0
          },
          {
            "ltp": 507.85,
            "other_margin": null,
            "sell_amount": 12255.6,
            "exchange": "NSE",
            "net_quantity": 0,
            "token": "REDACTED",
            "average_price": 0,
            "client_id": "REDACTED",
            "cf_sell_average_price": 0,
            "cf_sell_quantity": 0,
            "pledged_quantity": 0,
            "cf_buy_quantity": 0,
            "cf_sell_amount": 0,
            "instrument_token": 17869,
            "previous_close": 513.65,
            "trading_symbol": "JSWENERGY-EQ",
            "v_login_id": "S10272",
            "pro_cli": "CLIENT",
            "display_symbol": "JSWENERGY",
            "user_name": "REDACTED",
            "rmtm_sell_average_price": 510.65,
            "close_price": 0,
            "prod_type": 16,
            "multiplier": 1,
            "symbol": "JSWENERGY",
            "sell_quantity": 24,
            "segment": "Capital",
            "buy_quantity": 24,
            "cf_buy_amount": 0,
            "cf_buy_average_price": 0,
            "net_amount": -7.199999999998909,
            "series": "EQ",
            "average_sell_price": 510.65000000000003,
            "xe_uuid": "INE121E01018",
            "product": "MTF",
            "rmtm_buy_average_price": 510.95,
            "buy_amount": 12262.8,
            "average_buy_price": 510.95,
            "realized_mtm": 0
          },
          {
            "ltp": 22.71,
            "other_margin": null,
            "sell_amount": 0,
            "exchange": "NSE",
            "net_quantity": 1,
            "token": "REDACTED",
            "average_price": 0,
            "client_id": "REDACTED",
            "cf_sell_average_price": 0,
            "cf_sell_quantity": 0,
            "pledged_quantity": 0,
            "cf_buy_quantity": 0,
            "cf_sell_amount": 0,
            "instrument_token": 11915,
            "previous_close": 22.93,
            "trading_symbol": "YESBANK-EQ",
            "v_login_id": "S10272",
            "pro_cli": "CLIENT",
            "display_symbol": "YESBANK",
            "user_name": "REDACTED",
            "rmtm_sell_average_price": 0,
            "close_price": 0,
            "prod_type": 1,
            "multiplier": 1,
            "symbol": "YESBANK",
            "sell_quantity": 0,
            "segment": "Capital",
            "buy_quantity": 1,
            "cf_buy_amount": 0,
            "cf_buy_average_price": 0,
            "net_amount": -22.69,
            "series": "EQ",
            "average_sell_price": 0,
            "xe_uuid": "INE528G01035",
            "product": "CNC",
            "rmtm_buy_average_price": 22.69,
            "buy_amount": 22.69,
            "average_buy_price": 22.69,
            "realized_mtm": 0
          },
          {
            "ltp": 10.32,
            "other_margin": null,
            "sell_amount": 0,
            "exchange": "NSE",
            "net_quantity": 2,
            "token": "REDACTED",
            "average_price": 0,
            "client_id": "REDACTED",
            "cf_sell_average_price": 0,
            "cf_sell_quantity": 0,
            "pledged_quantity": 0,
            "cf_buy_quantity": 0,
            "cf_sell_amount": 0,
            "instrument_token": 15308,
            "previous_close": 10.51,
            "trading_symbol": "SEPC-EQ",
            "v_login_id": "S10272",
            "pro_cli": "CLIENT",
            "display_symbol": "SEPC",
            "user_name": "REDACTED",
            "rmtm_sell_average_price": 0,
            "close_price": 0,
            "prod_type": 1,
            "multiplier": 1,
            "symbol": "SEPC",
            "sell_quantity": 0,
            "segment": "Capital",
            "buy_quantity": 2,
            "cf_buy_amount": 0,
            "cf_buy_average_price": 0,
            "net_amount": -20.52,
            "series": "EQ",
            "average_sell_price": 0,
            "xe_uuid": "INE964H01014",
            "product": "CNC",
            "rmtm_buy_average_price": 10.26,
            "buy_amount": 20.52,
            "average_buy_price": 10.26,
            "realized_mtm": 0
          },
          {
            "ltp": 296.22,
            "other_margin": null,
            "sell_amount": 0,
            "exchange": "NSE",
            "net_quantity": 1,
            "token": "REDACTED",
            "average_price": 0,
            "client_id": "REDACTED",
            "cf_sell_average_price": 0,
            "cf_sell_quantity": 0,
            "pledged_quantity": 0,
            "cf_buy_quantity": 0,
            "cf_sell_amount": 0,
            "instrument_token": 10576,
            "previous_close": 294.37,
            "trading_symbol": "NIFTYBEES-EQ",
            "v_login_id": "S10272",
            "pro_cli": "CLIENT",
            "display_symbol": "NIFTYBEES",
            "user_name": "REDACTED",
            "rmtm_sell_average_price": 0,
            "close_price": 0,
            "prod_type": 1,
            "multiplier": 1,
            "symbol": "NIFTYBEES",
            "sell_quantity": 0,
            "segment": "Capital",
            "buy_quantity": 1,
            "cf_buy_amount": 0,
            "cf_buy_average_price": 0,
            "net_amount": -296.08,
            "series": "EQ",
            "average_sell_price": 0,
            "xe_uuid": "INF204KB14I2",
            "product": "CNC",
            "rmtm_buy_average_price": 296.08,
            "buy_amount": 296.08,
            "average_buy_price": 296.08,
            "realized_mtm": 0
          },
          {
            "ltp": 101.03,
            "other_margin": null,
            "sell_amount": 0,
            "exchange": "NSE",
            "net_quantity": 1,
            "token": "REDACTED",
            "average_price": 0,
            "client_id": "REDACTED",
            "cf_sell_average_price": 0,
            "cf_sell_quantity": 0,
            "pledged_quantity": 0,
            "cf_buy_quantity": 0,
            "cf_sell_amount": 0,
            "instrument_token": 14428,
            "previous_close": 102.23,
            "trading_symbol": "GOLDBEES-EQ",
            "v_login_id": "S10272",
            "pro_cli": "CLIENT",
            "display_symbol": "GOLDBEES",
            "user_name": "REDACTED",
            "rmtm_sell_average_price": 0,
            "close_price": 0,
            "prod_type": 1,
            "multiplier": 1,
            "symbol": "GOLDBEES",
            "sell_quantity": 0,
            "segment": "Capital",
            "buy_quantity": 1,
            "cf_buy_amount": 0,
            "cf_buy_average_price": 0,
            "net_amount": -101.1,
            "series": "EQ",
            "average_sell_price": 0,
            "xe_uuid": "INF204KB17I5",
            "product": "CNC",
            "rmtm_buy_average_price": 101.1,
            "buy_amount": 101.1,
            "average_buy_price": 101.1,
            "realized_mtm": 0
          }
        ],
        "message": "",
        "status": "success"
      }
    },
    "userId": "69044940460b987a8555aba0",
    "brokerFunctionLogId": "2f6983ee-9003-45dd-955b-97d4bb6eaa17",
    "functionName": "Portfolio.liveHoldings",
    "brokerName": "hdfcsky"
  },
  "reqId": "3aed8870-c5ea-11f0-93c3-09a9fea7c49a",
  "msg": "",
  "time": "2025-11-20T08:23:45.228Z",
  "v": 0
},
{
  "name": "sc.service.sc-integrations-brokers-api",
  "version": "3.8.9",
  "hostname": "ip-10-137-0-189",
  "pid": 2717,
  "type": "SC_BROKER",
  "level": 30,
  "context": {
    "broker": "hdfcsky",
    "msg": "Successful request",
    "details": {
      "request": {
        "url": "https://developer.hdfcsky.com/oapi/v1/positions?api_key=1bc928ff1ce54970b0a2f2ae4740dc77&client_id=S10272&type=historical",
        "method": "GET",
        "headers": {
          "Authorization": "REDACTED",
          "Content-Type": "application/json"
        },
        "timeout": 20000
      },
      "userId": "S10272",
      "accessToken": "REDACTED",
      "response": {
        "statusCode": 200,
        "body": {
          "data": [
            {
              "ltp": 79.02,
              "other_margin": null,
              "sell_amount": 12824.1,
              "exchange": "NSE",
              "net_quantity": 0,
              "token": "REDACTED",
              "average_price": 0,
              "client_id": "REDACTED",
              "cf_sell_average_price": 0,
              "cf_sell_quantity": 0,
              "pledged_quantity": 0,
              "cf_buy_quantity": 0,
              "cf_sell_amount": 0,
              "instrument_token": 11184,
              "previous_close": 79.61,
              "trading_symbol": "IDFCFIRSTB-EQ",
              "v_login_id": "S10272",
              "pro_cli": "CLIENT",
              "display_symbol": "IDFCFIRSTB",
              "user_name": "REDACTED",
              "rmtm_sell_average_price": 79.6528,
              "close_price": 0,
              "prod_type": 16,
              "multiplier": 1,
              "symbol": "IDFCFIRSTB",
              "sell_quantity": 161,
              "segment": "Capital",
              "buy_quantity": 161,
              "cf_buy_amount": 0,
              "cf_buy_average_price": 0,
              "net_amount": -10.510000000000218,
              "series": "EQ",
              "average_sell_price": 79.6527950310559,
              "xe_uuid": "INE092T01019",
              "product": "MTF",
              "rmtm_buy_average_price": 79.7181,
              "buy_amount": 12834.61,
              "average_buy_price": 79.71807453416149,
              "realized_mtm": -1
            },
            {
              "ltp": 1038.5,
              "other_margin": null,
              "sell_amount": 11381.7,
              "exchange": "NSE",
              "net_quantity": 0,
              "token": "REDACTED",
              "average_price": 0,
              "client_id": "REDACTED",
              "cf_sell_average_price": 0,
              "cf_sell_quantity": 0,
              "pledged_quantity": 0,
              "cf_buy_quantity": 0,
              "cf_sell_amount": 0,
              "instrument_token": 20854,
              "previous_close": 1033.5,
              "trading_symbol": "HAPPYFORGE-EQ",
              "v_login_id": "S10272",
              "pro_cli": "CLIENT",
              "display_symbol": "HAPPYFORGE",
              "user_name": "REDACTED",
              "rmtm_sell_average_price": 1034.7,
              "close_price": 0,
              "prod_type": 16,
              "multiplier": 1,
              "symbol": "HAPPYFORGE",
              "sell_quantity": 11,
              "segment": "Capital",
              "buy_quantity": 11,
              "cf_buy_amount": 0,
              "cf_buy_average_price": 0,
              "net_amount": -16.099999999998545,
              "series": "EQ",
              "average_sell_price": 1034.7,
              "xe_uuid": "INE330T01021",
              "product": "MTF",
              "rmtm_buy_average_price": 1036.1636,
              "buy_amount": 11397.8,
              "average_buy_price": 1036.1636363636362,
              "realized_mtm": -1
            },
            {
              "ltp": 4034,
              "other_margin": null,
              "sell_amount": 12070.9,
              "exchange": "NSE",
              "net_quantity": 0,
              "token": "REDACTED",
              "average_price": 0,
              "client_id": "REDACTED",
              "cf_sell_average_price": 0,
              "cf_sell_quantity": 0,
              "pledged_quantity": 0,
              "cf_buy_quantity": 0,
              "cf_sell_amount": 0,
              "instrument_token": 11483,
              "previous_close": 4019.6,
              "trading_symbol": "LT-EQ",
              "v_login_id": "S10272",
              "pro_cli": "CLIENT",
              "display_symbol": "LT",
              "user_name": "REDACTED",
              "rmtm_sell_average_price": 4023.6333,
              "close_price": 0,
              "prod_type": 16,
              "multiplier": 1,
              "symbol": "LT",
              "sell_quantity": 3,
              "segment": "Capital",
              "buy_quantity": 3,
              "cf_buy_amount": 0,
              "cf_buy_average_price": 0,
              "net_amount": -7.5,
              "series": "EQ",
              "average_sell_price": 4023.633333333333,
              "xe_uuid": "INE018A01030",
              "product": "MTF",
              "rmtm_buy_average_price": 4026.1333,
              "buy_amount": 12078.4,
              "average_buy_price": 4026.133333333333,
              "realized_mtm": -1
            },
            {
              "ltp": 504.4,
              "other_margin": null,
              "sell_amount": 12092.849999999999,
              "exchange": "NSE",
              "net_quantity": 0,
              "token": "REDACTED",
              "average_price": 0,
              "client_id": "REDACTED",
              "cf_sell_average_price": 0,
              "cf_sell_quantity": 0,
              "pledged_quantity": 0,
              "cf_buy_quantity": 0,
              "cf_sell_amount": 0,
              "instrument_token": 9356,
              "previous_close": 500.95,
              "trading_symbol": "MSTCLTD-EQ",
              "v_login_id": "S10272",
              "pro_cli": "CLIENT",
              "display_symbol": "MSTCLTD",
              "user_name": "REDACTED",
              "rmtm_sell_average_price": 503.8687,
              "close_price": 0,
              "prod_type": 16,
              "multiplier": 1,
              "symbol": "MSTCLTD",
              "sell_quantity": 24,
              "segment": "Capital",
              "buy_quantity": 24,
              "cf_buy_amount": 0,
              "cf_buy_average_price": 0,
              "net_amount": -10.350000000002183,
              "series": "EQ",
              "average_sell_price": 503.8687499999999,
              "xe_uuid": "INE255X01014",
              "product": "MTF",
              "rmtm_buy_average_price": 504.3,
              "buy_amount": 12103.2,
              "average_buy_price": 504.3,
              "realized_mtm": -1
            },
            {
              "ltp": 1492.4,
              "other_margin": null,
              "sell_amount": 8925.800000000001,
              "exchange": "NSE",
              "net_quantity": 0,
              "token": "REDACTED",
              "average_price": 0,
              "client_id": "REDACTED",
              "cf_sell_average_price": 0,
              "cf_sell_quantity": 0,
              "pledged_quantity": 0,
              "cf_buy_quantity": 0,
              "cf_sell_amount": 0,
              "instrument_token": 2664,
              "previous_close": 1476.7,
              "trading_symbol": "PIDILITIND-EQ",
              "v_login_id": "S10272",
              "pro_cli": "CLIENT",
              "display_symbol": "PIDILITIND",
              "user_name": "REDACTED",
              "rmtm_sell_average_price": 1487.6333,
              "close_price": 0,
              "prod_type": 16,
              "multiplier": 1,
              "symbol": "PIDILITIND",
              "sell_quantity": 6,
              "segment": "Capital",
              "buy_quantity": 6,
              "cf_buy_amount": 0,
              "cf_buy_average_price": 0,
              "net_amount": 1.4000000000014552,
              "series": "EQ",
              "average_sell_price": 1487.6333333333334,
              "xe_uuid": "INE318A01026",
              "product": "MTF",
              "rmtm_buy_average_price": 1487.4,
              "buy_amount": 8924.4,
              "average_buy_price": 1487.3999999999999,
              "realized_mtm": 0
            },
            {
              "ltp": 614.2,
              "other_margin": null,
              "sell_amount": 12379.1,
              "exchange": "NSE",
              "net_quantity": 0,
              "token": "REDACTED",
              "average_price": 0,
              "client_id": "REDACTED",
              "cf_sell_average_price": 0,
              "cf_sell_quantity": 0,
              "pledged_quantity": 0,
              "cf_buy_quantity": 0,
              "cf_sell_amount": 0,
              "instrument_token": 19184,
              "previous_close": 616.35,
              "trading_symbol": "SFL-EQ",
              "v_login_id": "S10272",
              "pro_cli": "CLIENT",
              "display_symbol": "SFL",
              "user_name": "REDACTED",
              "rmtm_sell_average_price": 618.955,
              "close_price": 0,
              "prod_type": 16,
              "multiplier": 1,
              "symbol": "SFL",
              "sell_quantity": 20,
              "segment": "Capital",
              "buy_quantity": 20,
              "cf_buy_amount": 0,
              "cf_buy_average_price": 0,
              "net_amount": -12.099999999998545,
              "series": "EQ",
              "average_sell_price": 618.955,
              "xe_uuid": "INE916U01025",
              "product": "MTF",
              "rmtm_buy_average_price": 619.56,
              "buy_amount": 12391.199999999999,
              "average_buy_price": 619.56,
              "realized_mtm": -1
            },
            {
              "ltp": 2162.7,
              "other_margin": null,
              "sell_amount": 10772.8,
              "exchange": "NSE",
              "net_quantity": 0,
              "token": "REDACTED",
              "average_price": 0,
              "client_id": "REDACTED",
              "cf_sell_average_price": 0,
              "cf_sell_quantity": 0,
              "pledged_quantity": 0,
              "cf_buy_quantity": 0,
              "cf_sell_amount": 0,
              "instrument_token": 10604,
              "previous_close": 2159.8,
              "trading_symbol": "BHARTIARTL-EQ",
              "v_login_id": "S10272",
              "pro_cli": "CLIENT",
              "display_symbol": "BHARTIARTL",
              "user_name": "REDACTED",
              "rmtm_sell_average_price": 2154.56,
              "close_price": 0,
              "prod_type": 16,
              "multiplier": 1,
              "symbol": "BHARTIARTL",
              "sell_quantity": 5,
              "segment": "Capital",
              "buy_quantity": 5,
              "cf_buy_amount": 0,
              "cf_buy_average_price": 0,
              "net_amount": -0.4000000000014552,
              "series": "EQ",
              "average_sell_price": 2154.56,
              "xe_uuid": "INE397D01024",
              "product": "MTF",
              "rmtm_buy_average_price": 2154.64,
              "buy_amount": 10773.2,
              "average_buy_price": 2154.6400000000003,
              "realized_mtm": 0
            },
            {
              "ltp": 256,
              "other_margin": null,
              "sell_amount": 12558.95,
              "exchange": "NSE",
              "net_quantity": 0,
              "token": "REDACTED",
              "average_price": 0,
              "client_id": "REDACTED",
              "cf_sell_average_price": 0,
              "cf_sell_quantity": 0,
              "pledged_quantity": 0,
              "cf_buy_quantity": 0,
              "cf_sell_amount": 0,
              "instrument_token": 25426,
              "previous_close": 256.4,
              "trading_symbol": "NORTHARC-EQ",
              "v_login_id": "S10272",
              "pro_cli": "CLIENT",
              "display_symbol": "NORTHARC",
              "user_name": "REDACTED",
              "rmtm_sell_average_price": 256.3051,
              "close_price": 0,
              "prod_type": 16,
              "multiplier": 1,
              "symbol": "NORTHARC",
              "sell_quantity": 49,
              "segment": "Capital",
              "buy_quantity": 49,
              "cf_buy_amount": 0,
              "cf_buy_average_price": 0,
              "net_amount": -7.099999999998545,
              "series": "EQ",
              "average_sell_price": 256.30510204081634,
              "xe_uuid": "INE850M01015",
              "product": "MTF",
              "rmtm_buy_average_price": 256.45,
              "buy_amount": 12566.05,
              "average_buy_price": 256.45,
              "realized_mtm": 0
            },
            {
              "ltp": 507.85,
              "other_margin": null,
              "sell_amount": 12255.6,
              "exchange": "NSE",
              "net_quantity": 0,
              "token": "REDACTED",
              "average_price": 0,
              "client_id": "REDACTED",
              "cf_sell_average_price": 0,
              "cf_sell_quantity": 0,
              "pledged_quantity": 0,
              "cf_buy_quantity": 0,
              "cf_sell_amount": 0,
              "instrument_token": 17869,
              "previous_close": 513.65,
              "trading_symbol": "JSWENERGY-EQ",
              "v_login_id": "S10272",
              "pro_cli": "CLIENT",
              "display_symbol": "JSWENERGY",
              "user_name": "REDACTED",
              "rmtm_sell_average_price": 510.65,
              "close_price": 0,
              "prod_type": 16,
              "multiplier": 1,
              "symbol": "JSWENERGY",
              "sell_quantity": 24,
              "segment": "Capital",
              "buy_quantity": 24,
              "cf_buy_amount": 0,
              "cf_buy_average_price": 0,
              "net_amount": -7.199999999998909,
              "series": "EQ",
              "average_sell_price": 510.65000000000003,
              "xe_uuid": "INE121E01018",
              "product": "MTF",
              "rmtm_buy_average_price": 510.95,
              "buy_amount": 12262.8,
              "average_buy_price": 510.95,
              "realized_mtm": 0
            },
            {
              "ltp": 22.71,
              "other_margin": null,
              "sell_amount": 0,
              "exchange": "NSE",
              "net_quantity": 1,
              "token": "REDACTED",
              "average_price": 0,
              "client_id": "REDACTED",
              "cf_sell_average_price": 0,
              "cf_sell_quantity": 0,
              "pledged_quantity": 0,
              "cf_buy_quantity": 0,
              "cf_sell_amount": 0,
              "instrument_token": 11915,
              "previous_close": 22.93,
              "trading_symbol": "YESBANK-EQ",
              "v_login_id": "S10272",
              "pro_cli": "CLIENT",
              "display_symbol": "YESBANK",
              "user_name": "REDACTED",
              "rmtm_sell_average_price": 0,
              "close_price": 0,
              "prod_type": 1,
              "multiplier": 1,
              "symbol": "YESBANK",
              "sell_quantity": 0,
              "segment": "Capital",
              "buy_quantity": 1,
              "cf_buy_amount": 0,
              "cf_buy_average_price": 0,
              "net_amount": -22.69,
              "series": "EQ",
              "average_sell_price": 0,
              "xe_uuid": "INE528G01035",
              "product": "CNC",
              "rmtm_buy_average_price": 22.69,
              "buy_amount": 22.69,
              "average_buy_price": 22.69,
              "realized_mtm": 0
            },
            {
              "ltp": 10.32,
              "other_margin": null,
              "sell_amount": 0,
              "exchange": "NSE",
              "net_quantity": 2,
              "token": "REDACTED",
              "average_price": 0,
              "client_id": "REDACTED",
              "cf_sell_average_price": 0,
              "cf_sell_quantity": 0,
              "pledged_quantity": 0,
              "cf_buy_quantity": 0,
              "cf_sell_amount": 0,
              "instrument_token": 15308,
              "previous_close": 10.51,
              "trading_symbol": "SEPC-EQ",
              "v_login_id": "S10272",
              "pro_cli": "CLIENT",
              "display_symbol": "SEPC",
              "user_name": "REDACTED",
              "rmtm_sell_average_price": 0,
              "close_price": 0,
              "prod_type": 1,
              "multiplier": 1,
              "symbol": "SEPC",
              "sell_quantity": 0,
              "segment": "Capital",
              "buy_quantity": 2,
              "cf_buy_amount": 0,
              "cf_buy_average_price": 0,
              "net_amount": -20.52,
              "series": "EQ",
              "average_sell_price": 0,
              "xe_uuid": "INE964H01014",
              "product": "CNC",
              "rmtm_buy_average_price": 10.26,
              "buy_amount": 20.52,
              "average_buy_price": 10.26,
              "realized_mtm": 0
            },
            {
              "ltp": 296.22,
              "other_margin": null,
              "sell_amount": 0,
              "exchange": "NSE",
              "net_quantity": 1,
              "token": "REDACTED",
              "average_price": 0,
              "client_id": "REDACTED",
              "cf_sell_average_price": 0,
              "cf_sell_quantity": 0,
              "pledged_quantity": 0,
              "cf_buy_quantity": 0,
              "cf_sell_amount": 0,
              "instrument_token": 10576,
              "previous_close": 294.37,
              "trading_symbol": "NIFTYBEES-EQ",
              "v_login_id": "S10272",
              "pro_cli": "CLIENT",
              "display_symbol": "NIFTYBEES",
              "user_name": "REDACTED",
              "rmtm_sell_average_price": 0,
              "close_price": 0,
              "prod_type": 1,
              "multiplier": 1,
              "symbol": "NIFTYBEES",
              "sell_quantity": 0,
              "segment": "Capital",
              "buy_quantity": 1,
              "cf_buy_amount": 0,
              "cf_buy_average_price": 0,
              "net_amount": -296.08,
              "series": "EQ",
              "average_sell_price": 0,
              "xe_uuid": "INF204KB14I2",
              "product": "CNC",
              "rmtm_buy_average_price": 296.08,
              "buy_amount": 296.08,
              "average_buy_price": 296.08,
              "realized_mtm": 0
            },
            {
              "ltp": 101.03,
              "other_margin": null,
              "sell_amount": 0,
              "exchange": "NSE",
              "net_quantity": 1,
              "token": "REDACTED",
              "average_price": 0,
              "client_id": "REDACTED",
              "cf_sell_average_price": 0,
              "cf_sell_quantity": 0,
              "pledged_quantity": 0,
              "cf_buy_quantity": 0,
              "cf_sell_amount": 0,
              "instrument_token": 14428,
              "previous_close": 102.23,
              "trading_symbol": "GOLDBEES-EQ",
              "v_login_id": "S10272",
              "pro_cli": "CLIENT",
              "display_symbol": "GOLDBEES",
              "user_name": "REDACTED",
              "rmtm_sell_average_price": 0,
              "close_price": 0,
              "prod_type": 1,
              "multiplier": 1,
              "symbol": "GOLDBEES",
              "sell_quantity": 0,
              "segment": "Capital",
              "buy_quantity": 1,
              "cf_buy_amount": 0,
              "cf_buy_average_price": 0,
              "net_amount": -101.1,
              "series": "EQ",
              "average_sell_price": 0,
              "xe_uuid": "INF204KB17I5",
              "product": "CNC",
              "rmtm_buy_average_price": 101.1,
              "buy_amount": 101.1,
              "average_buy_price": 101.1,
              "realized_mtm": 0
            }
          ],
          "message": "",
          "status": "success"
        }
      },
      "responseString": {
        "data": [
          {
            "ltp": 79.02,
            "other_margin": null,
            "sell_amount": 12824.1,
            "exchange": "NSE",
            "net_quantity": 0,
            "token": "REDACTED",
            "average_price": 0,
            "client_id": "REDACTED",
            "cf_sell_average_price": 0,
            "cf_sell_quantity": 0,
            "pledged_quantity": 0,
            "cf_buy_quantity": 0,
            "cf_sell_amount": 0,
            "instrument_token": 11184,
            "previous_close": 79.61,
            "trading_symbol": "IDFCFIRSTB-EQ",
            "v_login_id": "S10272",
            "pro_cli": "CLIENT",
            "display_symbol": "IDFCFIRSTB",
            "user_name": "REDACTED",
            "rmtm_sell_average_price": 79.6528,
            "close_price": 0,
            "prod_type": 16,
            "multiplier": 1,
            "symbol": "IDFCFIRSTB",
            "sell_quantity": 161,
            "segment": "Capital",
            "buy_quantity": 161,
            "cf_buy_amount": 0,
            "cf_buy_average_price": 0,
            "net_amount": -10.510000000000218,
            "series": "EQ",
            "average_sell_price": 79.6527950310559,
            "xe_uuid": "INE092T01019",
            "product": "MTF",
            "rmtm_buy_average_price": 79.7181,
            "buy_amount": 12834.61,
            "average_buy_price": 79.71807453416149,
            "realized_mtm": -1
          },
          {
            "ltp": 1038.5,
            "other_margin": null,
            "sell_amount": 11381.7,
            "exchange": "NSE",
            "net_quantity": 0,
            "token": "REDACTED",
            "average_price": 0,
            "client_id": "REDACTED",
            "cf_sell_average_price": 0,
            "cf_sell_quantity": 0,
            "pledged_quantity": 0,
            "cf_buy_quantity": 0,
            "cf_sell_amount": 0,
            "instrument_token": 20854,
            "previous_close": 1033.5,
            "trading_symbol": "HAPPYFORGE-EQ",
            "v_login_id": "S10272",
            "pro_cli": "CLIENT",
            "display_symbol": "HAPPYFORGE",
            "user_name": "REDACTED",
            "rmtm_sell_average_price": 1034.7,
            "close_price": 0,
            "prod_type": 16,
            "multiplier": 1,
            "symbol": "HAPPYFORGE",
            "sell_quantity": 11,
            "segment": "Capital",
            "buy_quantity": 11,
            "cf_buy_amount": 0,
            "cf_buy_average_price": 0,
            "net_amount": -16.099999999998545,
            "series": "EQ",
            "average_sell_price": 1034.7,
            "xe_uuid": "INE330T01021",
            "product": "MTF",
            "rmtm_buy_average_price": 1036.1636,
            "buy_amount": 11397.8,
            "average_buy_price": 1036.1636363636362,
            "realized_mtm": -1
          },
          {
            "ltp": 4034,
            "other_margin": null,
            "sell_amount": 12070.9,
            "exchange": "NSE",
            "net_quantity": 0,
            "token": "REDACTED",
            "average_price": 0,
            "client_id": "REDACTED",
            "cf_sell_average_price": 0,
            "cf_sell_quantity": 0,
            "pledged_quantity": 0,
            "cf_buy_quantity": 0,
            "cf_sell_amount": 0,
            "instrument_token": 11483,
            "previous_close": 4019.6,
            "trading_symbol": "LT-EQ",
            "v_login_id": "S10272",
            "pro_cli": "CLIENT",
            "display_symbol": "LT",
            "user_name": "REDACTED",
            "rmtm_sell_average_price": 4023.6333,
            "close_price": 0,
            "prod_type": 16,
            "multiplier": 1,
            "symbol": "LT",
            "sell_quantity": 3,
            "segment": "Capital",
            "buy_quantity": 3,
            "cf_buy_amount": 0,
            "cf_buy_average_price": 0,
            "net_amount": -7.5,
            "series": "EQ",
            "average_sell_price": 4023.633333333333,
            "xe_uuid": "INE018A01030",
            "product": "MTF",
            "rmtm_buy_average_price": 4026.1333,
            "buy_amount": 12078.4,
            "average_buy_price": 4026.133333333333,
            "realized_mtm": -1
          },
          {
            "ltp": 504.4,
            "other_margin": null,
            "sell_amount": 12092.849999999999,
            "exchange": "NSE",
            "net_quantity": 0,
            "token": "REDACTED",
            "average_price": 0,
            "client_id": "REDACTED",
            "cf_sell_average_price": 0,
            "cf_sell_quantity": 0,
            "pledged_quantity": 0,
            "cf_buy_quantity": 0,
            "cf_sell_amount": 0,
            "instrument_token": 9356,
            "previous_close": 500.95,
            "trading_symbol": "MSTCLTD-EQ",
            "v_login_id": "S10272",
            "pro_cli": "CLIENT",
            "display_symbol": "MSTCLTD",
            "user_name": "REDACTED",
            "rmtm_sell_average_price": 503.8687,
            "close_price": 0,
            "prod_type": 16,
            "multiplier": 1,
            "symbol": "MSTCLTD",
            "sell_quantity": 24,
            "segment": "Capital",
            "buy_quantity": 24,
            "cf_buy_amount": 0,
            "cf_buy_average_price": 0,
            "net_amount": -10.350000000002183,
            "series": "EQ",
            "average_sell_price": 503.8687499999999,
            "xe_uuid": "INE255X01014",
            "product": "MTF",
            "rmtm_buy_average_price": 504.3,
            "buy_amount": 12103.2,
            "average_buy_price": 504.3,
            "realized_mtm": -1
          },
          {
            "ltp": 1492.4,
            "other_margin": null,
            "sell_amount": 8925.800000000001,
            "exchange": "NSE",
            "net_quantity": 0,
            "token": "REDACTED",
            "average_price": 0,
            "client_id": "REDACTED",
            "cf_sell_average_price": 0,
            "cf_sell_quantity": 0,
            "pledged_quantity": 0,
            "cf_buy_quantity": 0,
            "cf_sell_amount": 0,
            "instrument_token": 2664,
            "previous_close": 1476.7,
            "trading_symbol": "PIDILITIND-EQ",
            "v_login_id": "S10272",
            "pro_cli": "CLIENT",
            "display_symbol": "PIDILITIND",
            "user_name": "REDACTED",
            "rmtm_sell_average_price": 1487.6333,
            "close_price": 0,
            "prod_type": 16,
            "multiplier": 1,
            "symbol": "PIDILITIND",
            "sell_quantity": 6,
            "segment": "Capital",
            "buy_quantity": 6,
            "cf_buy_amount": 0,
            "cf_buy_average_price": 0,
            "net_amount": 1.4000000000014552,
            "series": "EQ",
            "average_sell_price": 1487.6333333333334,
            "xe_uuid": "INE318A01026",
            "product": "MTF",
            "rmtm_buy_average_price": 1487.4,
            "buy_amount": 8924.4,
            "average_buy_price": 1487.3999999999999,
            "realized_mtm": 0
          },
          {
            "ltp": 614.2,
            "other_margin": null,
            "sell_amount": 12379.1,
            "exchange": "NSE",
            "net_quantity": 0,
            "token": "REDACTED",
            "average_price": 0,
            "client_id": "REDACTED",
            "cf_sell_average_price": 0,
            "cf_sell_quantity": 0,
            "pledged_quantity": 0,
            "cf_buy_quantity": 0,
            "cf_sell_amount": 0,
            "instrument_token": 19184,
            "previous_close": 616.35,
            "trading_symbol": "SFL-EQ",
            "v_login_id": "S10272",
            "pro_cli": "CLIENT",
            "display_symbol": "SFL",
            "user_name": "REDACTED",
            "rmtm_sell_average_price": 618.955,
            "close_price": 0,
            "prod_type": 16,
            "multiplier": 1,
            "symbol": "SFL",
            "sell_quantity": 20,
            "segment": "Capital",
            "buy_quantity": 20,
            "cf_buy_amount": 0,
            "cf_buy_average_price": 0,
            "net_amount": -12.099999999998545,
            "series": "EQ",
            "average_sell_price": 618.955,
            "xe_uuid": "INE916U01025",
            "product": "MTF",
            "rmtm_buy_average_price": 619.56,
            "buy_amount": 12391.199999999999,
            "average_buy_price": 619.56,
            "realized_mtm": -1
          },
          {
            "ltp": 2162.7,
            "other_margin": null,
            "sell_amount": 10772.8,
            "exchange": "NSE",
            "net_quantity": 0,
            "token": "REDACTED",
            "average_price": 0,
            "client_id": "REDACTED",
            "cf_sell_average_price": 0,
            "cf_sell_quantity": 0,
            "pledged_quantity": 0,
            "cf_buy_quantity": 0,
            "cf_sell_amount": 0,
            "instrument_token": 10604,
            "previous_close": 2159.8,
            "trading_symbol": "BHARTIARTL-EQ",
            "v_login_id": "S10272",
            "pro_cli": "CLIENT",
            "display_symbol": "BHARTIARTL",
            "user_name": "REDACTED",
            "rmtm_sell_average_price": 2154.56,
            "close_price": 0,
            "prod_type": 16,
            "multiplier": 1,
            "symbol": "BHARTIARTL",
            "sell_quantity": 5,
            "segment": "Capital",
            "buy_quantity": 5,
            "cf_buy_amount": 0,
            "cf_buy_average_price": 0,
            "net_amount": -0.4000000000014552,
            "series": "EQ",
            "average_sell_price": 2154.56,
            "xe_uuid": "INE397D01024",
            "product": "MTF",
            "rmtm_buy_average_price": 2154.64,
            "buy_amount": 10773.2,
            "average_buy_price": 2154.6400000000003,
            "realized_mtm": 0
          },
          {
            "ltp": 256,
            "other_margin": null,
            "sell_amount": 12558.95,
            "exchange": "NSE",
            "net_quantity": 0,
            "token": "REDACTED",
            "average_price": 0,
            "client_id": "REDACTED",
            "cf_sell_average_price": 0,
            "cf_sell_quantity": 0,
            "pledged_quantity": 0,
            "cf_buy_quantity": 0,
            "cf_sell_amount": 0,
            "instrument_token": 25426,
            "previous_close": 256.4,
            "trading_symbol": "NORTHARC-EQ",
            "v_login_id": "S10272",
            "pro_cli": "CLIENT",
            "display_symbol": "NORTHARC",
            "user_name": "REDACTED",
            "rmtm_sell_average_price": 256.3051,
            "close_price": 0,
            "prod_type": 16,
            "multiplier": 1,
            "symbol": "NORTHARC",
            "sell_quantity": 49,
            "segment": "Capital",
            "buy_quantity": 49,
            "cf_buy_amount": 0,
            "cf_buy_average_price": 0,
            "net_amount": -7.099999999998545,
            "series": "EQ",
            "average_sell_price": 256.30510204081634,
            "xe_uuid": "INE850M01015",
            "product": "MTF",
            "rmtm_buy_average_price": 256.45,
            "buy_amount": 12566.05,
            "average_buy_price": 256.45,
            "realized_mtm": 0
          },
          {
            "ltp": 507.85,
            "other_margin": null,
            "sell_amount": 12255.6,
            "exchange": "NSE",
            "net_quantity": 0,
            "token": "REDACTED",
            "average_price": 0,
            "client_id": "REDACTED",
            "cf_sell_average_price": 0,
            "cf_sell_quantity": 0,
            "pledged_quantity": 0,
            "cf_buy_quantity": 0,
            "cf_sell_amount": 0,
            "instrument_token": 17869,
            "previous_close": 513.65,
            "trading_symbol": "JSWENERGY-EQ",
            "v_login_id": "S10272",
            "pro_cli": "CLIENT",
            "display_symbol": "JSWENERGY",
            "user_name": "REDACTED",
            "rmtm_sell_average_price": 510.65,
            "close_price": 0,
            "prod_type": 16,
            "multiplier": 1,
            "symbol": "JSWENERGY",
            "sell_quantity": 24,
            "segment": "Capital",
            "buy_quantity": 24,
            "cf_buy_amount": 0,
            "cf_buy_average_price": 0,
            "net_amount": -7.199999999998909,
            "series": "EQ",
            "average_sell_price": 510.65000000000003,
            "xe_uuid": "INE121E01018",
            "product": "MTF",
            "rmtm_buy_average_price": 510.95,
            "buy_amount": 12262.8,
            "average_buy_price": 510.95,
            "realized_mtm": 0
          },
          {
            "ltp": 22.71,
            "other_margin": null,
            "sell_amount": 0,
            "exchange": "NSE",
            "net_quantity": 1,
            "token": "REDACTED",
            "average_price": 0,
            "client_id": "REDACTED",
            "cf_sell_average_price": 0,
            "cf_sell_quantity": 0,
            "pledged_quantity": 0,
            "cf_buy_quantity": 0,
            "cf_sell_amount": 0,
            "instrument_token": 11915,
            "previous_close": 22.93,
            "trading_symbol": "YESBANK-EQ",
            "v_login_id": "S10272",
            "pro_cli": "CLIENT",
            "display_symbol": "YESBANK",
            "user_name": "REDACTED",
            "rmtm_sell_average_price": 0,
            "close_price": 0,
            "prod_type": 1,
            "multiplier": 1,
            "symbol": "YESBANK",
            "sell_quantity": 0,
            "segment": "Capital",
            "buy_quantity": 1,
            "cf_buy_amount": 0,
            "cf_buy_average_price": 0,
            "net_amount": -22.69,
            "series": "EQ",
            "average_sell_price": 0,
            "xe_uuid": "INE528G01035",
            "product": "CNC",
            "rmtm_buy_average_price": 22.69,
            "buy_amount": 22.69,
            "average_buy_price": 22.69,
            "realized_mtm": 0
          },
          {
            "ltp": 10.32,
            "other_margin": null,
            "sell_amount": 0,
            "exchange": "NSE",
            "net_quantity": 2,
            "token": "REDACTED",
            "average_price": 0,
            "client_id": "REDACTED",
            "cf_sell_average_price": 0,
            "cf_sell_quantity": 0,
            "pledged_quantity": 0,
            "cf_buy_quantity": 0,
            "cf_sell_amount": 0,
            "instrument_token": 15308,
            "previous_close": 10.51,
            "trading_symbol": "SEPC-EQ",
            "v_login_id": "S10272",
            "pro_cli": "CLIENT",
            "display_symbol": "SEPC",
            "user_name": "REDACTED",
            "rmtm_sell_average_price": 0,
            "close_price": 0,
            "prod_type": 1,
            "multiplier": 1,
            "symbol": "SEPC",
            "sell_quantity": 0,
            "segment": "Capital",
            "buy_quantity": 2,
            "cf_buy_amount": 0,
            "cf_buy_average_price": 0,
            "net_amount": -20.52,
            "series": "EQ",
            "average_sell_price": 0,
            "xe_uuid": "INE964H01014",
            "product": "CNC",
            "rmtm_buy_average_price": 10.26,
            "buy_amount": 20.52,
            "average_buy_price": 10.26,
            "realized_mtm": 0
          },
          {
            "ltp": 296.22,
            "other_margin": null,
            "sell_amount": 0,
            "exchange": "NSE",
            "net_quantity": 1,
            "token": "REDACTED",
            "average_price": 0,
            "client_id": "REDACTED",
            "cf_sell_average_price": 0,
            "cf_sell_quantity": 0,
            "pledged_quantity": 0,
            "cf_buy_quantity": 0,
            "cf_sell_amount": 0,
            "instrument_token": 10576,
            "previous_close": 294.37,
            "trading_symbol": "NIFTYBEES-EQ",
            "v_login_id": "S10272",
            "pro_cli": "CLIENT",
            "display_symbol": "NIFTYBEES",
            "user_name": "REDACTED",
            "rmtm_sell_average_price": 0,
            "close_price": 0,
            "prod_type": 1,
            "multiplier": 1,
            "symbol": "NIFTYBEES",
            "sell_quantity": 0,
            "segment": "Capital",
            "buy_quantity": 1,
            "cf_buy_amount": 0,
            "cf_buy_average_price": 0,
            "net_amount": -296.08,
            "series": "EQ",
            "average_sell_price": 0,
            "xe_uuid": "INF204KB14I2",
            "product": "CNC",
            "rmtm_buy_average_price": 296.08,
            "buy_amount": 296.08,
            "average_buy_price": 296.08,
            "realized_mtm": 0
          },
          {
            "ltp": 101.03,
            "other_margin": null,
            "sell_amount": 0,
            "exchange": "NSE",
            "net_quantity": 1,
            "token": "REDACTED",
            "average_price": 0,
            "client_id": "REDACTED",
            "cf_sell_average_price": 0,
            "cf_sell_quantity": 0,
            "pledged_quantity": 0,
            "cf_buy_quantity": 0,
            "cf_sell_amount": 0,
            "instrument_token": 14428,
            "previous_close": 102.23,
            "trading_symbol": "GOLDBEES-EQ",
            "v_login_id": "S10272",
            "pro_cli": "CLIENT",
            "display_symbol": "GOLDBEES",
            "user_name": "REDACTED",
            "rmtm_sell_average_price": 0,
            "close_price": 0,
            "prod_type": 1,
            "multiplier": 1,
            "symbol": "GOLDBEES",
            "sell_quantity": 0,
            "segment": "Capital",
            "buy_quantity": 1,
            "cf_buy_amount": 0,
            "cf_buy_average_price": 0,
            "net_amount": -101.1,
            "series": "EQ",
            "average_sell_price": 0,
            "xe_uuid": "INF204KB17I5",
            "product": "CNC",
            "rmtm_buy_average_price": 101.1,
            "buy_amount": 101.1,
            "average_buy_price": 101.1,
            "realized_mtm": 0
          }
        ],
        "message": "",
        "status": "success"
      }
    },
    "userId": "69044940460b987a8555aba0",
    "brokerFunctionLogId": "8e58290c-0ff7-45a9-bb91-ef4e75092779",
    "functionName": "Portfolio.liveHoldings",
    "brokerName": "hdfcsky"
  },
  "reqId": "3aeee800-c5ea-11f0-bdec-51047f4f1818",
  "msg": "",
  "time": "2025-11-20T08:23:45.220Z",
  "v": 0
},
{
  "name": "sc.service.sc-integrations-brokers-api",
  "version": "3.8.9",
  "hostname": "ip-10-137-0-189",
  "pid": 2717,
  "type": "SC_BROKER",
  "level": 30,
  "context": {
    "broker": "hdfcsky",
    "msg": "Successful request",
    "details": {
      "request": {
        "url": "https://developer.hdfcsky.com/oapi/v1/holdings?api_key=1bc928ff1ce54970b0a2f2ae4740dc77&client_id=S10272",
        "method": "GET",
        "headers": {
          "Authorization": "REDACTED",
          "Content-Type": "application/json"
        },
        "timeout": 20000
      },
      "userId": "S10272",
      "accessToken": "REDACTED",
      "response": {
        "statusCode": 200,
        "body": {
          "data": {
            "holdings": [
              {
                "exchange": "NSE",
                "pending_quantity": 4,
                "t2_quantity": 0,
                "squared_off_free_quantity": 0,
                "free_quantity": 3,
                "t2_price": 0,
                "ltp": 22.71,
                "pms_quantity": 7,
                "t0_quantity": 0,
                "squared_off_pledge_quantity": 0,
                "net_holding_quantity": 7,
                "buy_avg": 22.93,
                "buy_avg_mtm": -1.539999999999992,
                "client_id": "REDACTED",
                "instrument_details": {
                  "exchange": 1,
                  "instrument_name": "EQ",
                  "instrument_token": 11915,
                  "trading_symbol": "YESBANK-EQ"
                },
                "pledge_percentage": 70,
                "pledge_value": 0,
                "trading_symbol": "YESBANK",
                "quantity": 7,
                "symbol": "YESBANK",
                "t1_price": 0,
                "used_quantity": 0,
                "isin": "INE528G01035",
                "today_unpledge_quantity": 0,
                "pledge_allow": true,
                "transaction_type": "",
                "pledge_quantity": 0,
                "today_pledge_quantity": 0,
                "token": "REDACTED",
                "t1_quantity": 0,
                "branch_code": "",
                "t0_price": 0,
                "actual_buy_avg": 22.93,
                "previous_close": 22.93
              }
            ]
          },
          "message": "",
          "status": "success"
        }
      },
      "responseString": {
        "data": {
          "holdings": [
            {
              "exchange": "NSE",
              "pending_quantity": 4,
              "t2_quantity": 0,
              "squared_off_free_quantity": 0,
              "free_quantity": 3,
              "t2_price": 0,
              "ltp": 22.71,
              "pms_quantity": 7,
              "t0_quantity": 0,
              "squared_off_pledge_quantity": 0,
              "net_holding_quantity": 7,
              "buy_avg": 22.93,
              "buy_avg_mtm": -1.539999999999992,
              "client_id": "REDACTED",
              "instrument_details": {
                "exchange": 1,
                "instrument_name": "EQ",
                "instrument_token": 11915,
                "trading_symbol": "YESBANK-EQ"
              },
              "pledge_percentage": 70,
              "pledge_value": 0,
              "trading_symbol": "YESBANK",
              "quantity": 7,
              "symbol": "YESBANK",
              "t1_price": 0,
              "used_quantity": 0,
              "isin": "INE528G01035",
              "today_unpledge_quantity": 0,
              "pledge_allow": true,
              "transaction_type": "",
              "pledge_quantity": 0,
              "today_pledge_quantity": 0,
              "token": "REDACTED",
              "t1_quantity": 0,
              "branch_code": "",
              "t0_price": 0,
              "actual_buy_avg": 22.93,
              "previous_close": 22.93
            }
          ]
        },
        "message": "",
        "status": "success"
      }
    },
    "userId": "69044940460b987a8555aba0",
    "brokerFunctionLogId": "8e58290c-0ff7-45a9-bb91-ef4e75092779",
    "functionName": "Portfolio.liveHoldings",
    "brokerName": "hdfcsky"
  },
  "reqId": "3aeee800-c5ea-11f0-bdec-51047f4f1818",
  "msg": "",
  "time": "2025-11-20T08:23:45.077Z",
  "v": 0
},
{
  "name": "sc.service.sc-integrations-brokers-api",
  "version": "3.8.9",
  "hostname": "ip-10-137-0-189",
  "pid": 2710,
  "type": "SC_BROKER",
  "level": 30,
  "context": {
    "broker": "hdfcsky",
    "msg": "Successful request",
    "details": {
      "request": {
        "url": "https://developer.hdfcsky.com/oapi/v1/holdings?api_key=1bc928ff1ce54970b0a2f2ae4740dc77&client_id=S10272",
        "method": "GET",
        "headers": {
          "Authorization": "REDACTED",
          "Content-Type": "application/json"
        },
        "timeout": 20000
      },
      "userId": "S10272",
      "accessToken": "REDACTED",
      "response": {
        "statusCode": 200,
        "body": {
          "data": {
            "holdings": [
              {
                "branch_code": "",
                "t0_price": 0,
                "isin": "INE528G01035",
                "used_quantity": 0,
                "exchange": "NSE",
                "actual_buy_avg": 22.93,
                "pledge_percentage": 70,
                "today_pledge_quantity": 0,
                "pledge_value": 0,
                "quantity": 7,
                "pending_quantity": 4,
                "net_holding_quantity": 7,
                "buy_avg_mtm": -1.539999999999992,
                "squared_off_pledge_quantity": 0,
                "ltp": 22.71,
                "t0_quantity": 0,
                "pledge_allow": true,
                "t1_quantity": 0,
                "symbol": "YESBANK",
                "instrument_details": {
                  "exchange": 1,
                  "instrument_name": "EQ",
                  "instrument_token": 11915,
                  "trading_symbol": "YESBANK-EQ"
                },
                "pms_quantity": 7,
                "pledge_quantity": 0,
                "t1_price": 0,
                "t2_price": 0,
                "client_id": "REDACTED",
                "today_unpledge_quantity": 0,
                "buy_avg": 22.93,
                "t2_quantity": 0,
                "transaction_type": "",
                "free_quantity": 3,
                "trading_symbol": "YESBANK",
                "token": "REDACTED",
                "squared_off_free_quantity": 0,
                "previous_close": 22.93
              }
            ]
          },
          "message": "",
          "status": "success"
        }
      },
      "responseString": {
        "data": {
          "holdings": [
            {
              "branch_code": "",
              "t0_price": 0,
              "isin": "INE528G01035",
              "used_quantity": 0,
              "exchange": "NSE",
              "actual_buy_avg": 22.93,
              "pledge_percentage": 70,
              "today_pledge_quantity": 0,
              "pledge_value": 0,
              "quantity": 7,
              "pending_quantity": 4,
              "net_holding_quantity": 7,
              "buy_avg_mtm": -1.539999999999992,
              "squared_off_pledge_quantity": 0,
              "ltp": 22.71,
              "t0_quantity": 0,
              "pledge_allow": true,
              "t1_quantity": 0,
              "symbol": "YESBANK",
              "instrument_details": {
                "exchange": 1,
                "instrument_name": "EQ",
                "instrument_token": 11915,
                "trading_symbol": "YESBANK-EQ"
              },
              "pms_quantity": 7,
              "pledge_quantity": 0,
              "t1_price": 0,
              "t2_price": 0,
              "client_id": "REDACTED",
              "today_unpledge_quantity": 0,
              "buy_avg": 22.93,
              "t2_quantity": 0,
              "transaction_type": "",
              "free_quantity": 3,
              "trading_symbol": "YESBANK",
              "token": "REDACTED",
              "squared_off_free_quantity": 0,
              "previous_close": 22.93
            }
          ]
        },
        "message": "",
        "status": "success"
      }
    },
    "userId": "69044940460b987a8555aba0",
    "brokerFunctionLogId": "2f6983ee-9003-45dd-955b-97d4bb6eaa17",
    "functionName": "Portfolio.liveHoldings",
    "brokerName": "hdfcsky"
  },
  "reqId": "3aed8870-c5ea-11f0-93c3-09a9fea7c49a",
  "msg": "",
  "time": "2025-11-20T08:23:45.077Z",
  "v": 0
},
{
  "name": "sc.service.sc-integrations-brokers-api",
  "version": "3.8.9",
  "hostname": "ip-10-137-0-189",
  "pid": 2717,
  "type": "SC_BROKER",
  "level": 30,
  "context": {
    "broker": "hdfcsky",
    "msg": "Successful request",
    "details": {
      "request": {
        "url": "https://developer.hdfcsky.com/oapi/v1/holdings?api_key=1bc928ff1ce54970b0a2f2ae4740dc77&client_id=S10272",
        "method": "GET",
        "headers": {
          "Authorization": "REDACTED",
          "Content-Type": "application/json"
        },
        "timeout": 20000
      },
      "userId": "S10272",
      "accessToken": "REDACTED",
      "response": {
        "statusCode": 200,
        "body": {
          "data": {
            "holdings": [
              {
                "actual_buy_avg": 22.93,
                "exchange": "NSE",
                "pending_quantity": 4,
                "today_unpledge_quantity": 0,
                "squared_off_pledge_quantity": 0,
                "quantity": 7,
                "buy_avg": 22.93,
                "pledge_quantity": 0,
                "symbol": "YESBANK",
                "branch_code": "",
                "t1_quantity": 0,
                "used_quantity": 0,
                "ltp": 22.71,
                "t0_quantity": 0,
                "free_quantity": 3,
                "isin": "INE528G01035",
                "pms_quantity": 7,
                "t0_price": 0,
                "pledge_value": 0,
                "buy_avg_mtm": -1.539999999999992,
                "trading_symbol": "YESBANK",
                "t2_quantity": 0,
                "transaction_type": "",
                "t2_price": 0,
                "client_id": "REDACTED",
                "instrument_details": {
                  "exchange": 1,
                  "instrument_name": "EQ",
                  "instrument_token": 11915,
                  "trading_symbol": "YESBANK-EQ"
                },
                "today_pledge_quantity": 0,
                "token": "REDACTED",
                "pledge_percentage": 70,
                "t1_price": 0,
                "pledge_allow": true,
                "net_holding_quantity": 7,
                "previous_close": 22.93,
                "squared_off_free_quantity": 0
              }
            ]
          },
          "message": "",
          "status": "success"
        }
      },
      "responseString": {
        "data": {
          "holdings": [
            {
              "actual_buy_avg": 22.93,
              "exchange": "NSE",
              "pending_quantity": 4,
              "today_unpledge_quantity": 0,
              "squared_off_pledge_quantity": 0,
              "quantity": 7,
              "buy_avg": 22.93,
              "pledge_quantity": 0,
              "symbol": "YESBANK",
              "branch_code": "",
              "t1_quantity": 0,
              "used_quantity": 0,
              "ltp": 22.71,
              "t0_quantity": 0,
              "free_quantity": 3,
              "isin": "INE528G01035",
              "pms_quantity": 7,
              "t0_price": 0,
              "pledge_value": 0,
              "buy_avg_mtm": -1.539999999999992,
              "trading_symbol": "YESBANK",
              "t2_quantity": 0,
              "transaction_type": "",
              "t2_price": 0,
              "client_id": "REDACTED",
              "instrument_details": {
                "exchange": 1,
                "instrument_name": "EQ",
                "instrument_token": 11915,
                "trading_symbol": "YESBANK-EQ"
              },
              "today_pledge_quantity": 0,
              "token": "REDACTED",
              "pledge_percentage": 70,
              "t1_price": 0,
              "pledge_allow": true,
              "net_holding_quantity": 7,
              "previous_close": 22.93,
              "squared_off_free_quantity": 0
            }
          ]
        },
        "message": "",
        "status": "success"
      }
    },
    "userId": "69044940460b987a8555aba0",
    "brokerFunctionLogId": "e8652ad7-de04-49c8-9f4e-1b5147803a60",
    "functionName": "Portfolio.liveHoldings",
    "brokerName": "hdfcsky"
  },
  "reqId": "3aec4ff0-c5ea-11f0-bdec-51047f4f1818",
  "msg": "",
  "time": "2025-11-20T08:23:45.064Z",
  "v": 0
},
{
  "name": "sc.service.sc-integrations-brokers-api",
  "version": "3.8.9",
  "hostname": "ip-10-137-0-189",
  "pid": 2717,
  "type": "SC_BROKER",
  "level": 30,
  "context": {
    "options": {
      "segment": "equity",
      "accessToken": "REDACTED",
      "ipAddress": "REDACTED",
      "clientDetails": {
        "channel": "web",
        "channelIp": "2409:40c0:101f:93f6:5816:8748:2dc:c872",
        "appInstallId": "9941e26b-b33b-596d-af3c-03e53b504cc7",
        "appVersion": "1.0.0",
        "userAgent": "Mozilla/5.0 (Linux; Android 10; K) AppleWebKit/537.36 (KHTML, like Gecko) Chrome/135.0.0.0 Mobile Safari/537.36"
      },
      "apiKey": "REDACTED",
      "apiSecret": "REDACTED"
    },
    "response": {
      "error": null,
      "response": {
        "code": true,
        "reason": "success",
        "message": "Session check successful"
      }
    },
    "userId": "69044940460b987a8555aba0",
    "brokerFunctionLogId": "c037a878-2730-4078-b479-c49f66538ed5",
    "brokerApi": {
      "functionName": "User.checkSession",
      "brokerName": "hdfcsky"
    }
  },
  "reqId": "3ad174f0-c5ea-11f0-bdec-51047f4f1818",
  "msg": "broker lib function response recieved",
  "time": "2025-11-20T08:23:44.875Z",
  "v": 0
},
{
  "name": "sc.service.sc-integrations-brokers-api",
  "version": "3.8.9",
  "hostname": "ip-10-137-0-189",
  "pid": 2717,
  "type": "SC_BROKER",
  "level": 30,
  "context": {
    "broker": "hdfcsky",
    "msg": "Successful request",
    "details": {
      "request": {
        "url": "https://developer.hdfcsky.com/oapi/v1/user/trading_info?client_id=S10272&api_key=1bc928ff1ce54970b0a2f2ae4740dc77",
        "method": "GET",
        "headers": {
          "Authorization": "REDACTED",
          "Content-Type": "application/json"
        },
        "timeout": 20000
      },
      "userId": "S10272",
      "accessToken": "REDACTED",
      "response": {
        "statusCode": 200,
        "body": {
          "data": {
            "client_id": "REDACTED",
            "ddpi": true,
            "exchanges_subscribed": [
              ""
            ],
            "name": "REDACTED",
            "poa_enabled": false,
            "products_enabled": [
              "CNC",
              "MIS",
              "NRML",
              "MTF"
            ],
            "status": "active"
          },
          "message": "",
          "status": "success"
        }
      },
      "responseString": {
        "data": {
          "client_id": "REDACTED",
          "ddpi": true,
          "exchanges_subscribed": [
            ""
          ],
          "name": "REDACTED",
          "poa_enabled": false,
          "products_enabled": [
            "CNC",
            "MIS",
            "NRML",
            "MTF"
          ],
          "status": "active"
        },
        "message": "",
        "status": "success"
      }
    },
    "userId": "69044940460b987a8555aba0",
    "brokerFunctionLogId": "c037a878-2730-4078-b479-c49f66538ed5",
    "functionName": "User.checkSession",
    "brokerName": "hdfcsky"
  },
  "reqId": "3ad174f0-c5ea-11f0-bdec-51047f4f1818",
  "msg": "",
  "time": "2025-11-20T08:23:44.874Z",
  "v": 0
},
{
  "name": "sc.service.sc-integrations-brokers-api",
  "version": "3.8.9",
  "hostname": "ip-10-137-0-189",
  "pid": 2710,
  "type": "SC_BROKER",
  "level": 30,
  "context": {
    "options": {
      "accessToken": "REDACTED",
      "apiKey": "REDACTED",
      "apiSecret": "REDACTED",
      "buyAmount": 0,
      "sellAmount": 0,
      "stocksCount": 0
    },
    "response": {
      "error": null,
      "response": {
        "code": true,
        "reason": "success",
        "sufficientFunds": true,
        "requiredFunds": 0,
        "allowedSellValues": {
          "T0": 0,
          "T1": 1
        }
      }
    },
    "user": {
      "id": "69044940460b987a8555aba0"
    },
    "brokerFunctionLogId": "22a7cd61-99c0-4523-8a3a-817b3fad1463",
    "brokerApi": {
      "functionName": "Funds.check",
      "brokerName": "hdfcsky"
    }
  },
  "reqId": "288b1cb0-c5ea-11f0-93c3-09a9fea7c49a",
  "msg": "broker lib function response recieved",
  "time": "2025-11-20T08:23:14.173Z",
  "v": 0
},
{
  "name": "sc.service.sc-integrations-brokers-api",
  "version": "3.8.9",
  "hostname": "ip-10-137-0-189",
  "pid": 2717,
  "type": "SC_BROKER",
  "level": 30,
  "context": {
    "options": {
      "accessToken": "REDACTED",
      "apiKey": "REDACTED",
      "apiSecret": "REDACTED",
      "buyAmount": 0,
      "sellAmount": 0,
      "stocksCount": 0
    },
    "response": {
      "error": null,
      "response": {
        "code": true,
        "reason": "success",
        "sufficientFunds": true,
        "requiredFunds": 0,
        "allowedSellValues": {
          "T0": 0,
          "T1": 1
        }
      }
    },
    "user": {
      "id": "69044940460b987a8555aba0"
    },
    "brokerFunctionLogId": "02185c80-3612-4412-9564-a6e577bff9cc",
    "brokerApi": {
      "functionName": "Funds.check",
      "brokerName": "hdfcsky"
    }
  },
  "reqId": "2880bc70-c5ea-11f0-bdec-51047f4f1818",
  "msg": "broker lib function response recieved",
  "time": "2025-11-20T08:23:14.105Z",
  "v": 0
},
{
  "name": "sc.service.sc-integrations-brokers-api",
  "version": "3.8.9",
  "hostname": "ip-10-137-0-189",
  "pid": 2717,
  "type": "SC_BROKER",
  "level": 30,
  "context": {
    "options": {
      "apiKey": "REDACTED",
      "accessToken": "REDACTED",
      "apiSecret": "REDACTED",
      "ipAddress": "REDACTED"
    },
    "response": {
      "error": null,
      "response": {
        "code": true,
        "reason": "success",
        "message": "Session check successful"
      }
    },
    "userId": "69044940460b987a8555aba0",
    "brokerFunctionLogId": "d459f7c4-0720-44de-97a1-b9962e928299",
    "brokerApi": {
      "functionName": "User.checkSession",
      "brokerName": "hdfcsky"
    }
  },
  "reqId": "283b9d20-c5ea-11f0-bdec-51047f4f1818",
  "msg": "broker lib function response recieved",
  "time": "2025-11-20T08:23:13.702Z",
  "v": 0
},
{
  "name": "sc.service.sc-integrations-brokers-api",
  "version": "3.8.9",
  "hostname": "ip-10-137-0-189",
  "pid": 2717,
  "type": "SC_BROKER",
  "level": 30,
  "context": {
    "broker": "hdfcsky",
    "msg": "Successful request",
    "details": {
      "request": {
        "url": "https://developer.hdfcsky.com/oapi/v1/user/trading_info?client_id=S10272&api_key=1bc928ff1ce54970b0a2f2ae4740dc77",
        "method": "GET",
        "headers": {
          "Authorization": "REDACTED",
          "Content-Type": "application/json"
        },
        "timeout": 20000
      },
      "userId": "S10272",
      "accessToken": "REDACTED",
      "response": {
        "statusCode": 200,
        "body": {
          "data": {
            "client_id": "REDACTED",
            "ddpi": true,
            "exchanges_subscribed": [
              ""
            ],
            "name": "REDACTED",
            "poa_enabled": false,
            "products_enabled": [
              "CNC",
              "MIS",
              "NRML",
              "MTF"
            ],
            "status": "active"
          },
          "message": "",
          "status": "success"
        }
      },
      "responseString": {
        "data": {
          "client_id": "REDACTED",
          "ddpi": true,
          "exchanges_subscribed": [
            ""
          ],
          "name": "REDACTED",
          "poa_enabled": false,
          "products_enabled": [
            "CNC",
            "MIS",
            "NRML",
            "MTF"
          ],
          "status": "active"
        },
        "message": "",
        "status": "success"
      }
    },
    "userId": "69044940460b987a8555aba0",
    "brokerFunctionLogId": "d459f7c4-0720-44de-97a1-b9962e928299",
    "functionName": "User.checkSession",
    "brokerName": "hdfcsky"
  },
  "reqId": "283b9d20-c5ea-11f0-bdec-51047f4f1818",
  "msg": "",
  "time": "2025-11-20T08:23:13.701Z",
  "v": 0
},
{
  "name": "sc.service.sc-integrations-brokers-api",
  "version": "3.8.9",
  "hostname": "ip-10-137-0-189",
  "pid": 2710,
  "type": "SC_BROKER",
  "level": 30,
  "context": {
    "options": {
      "accessToken": "REDACTED",
      "apiKey": "REDACTED",
      "apiSecret": "REDACTED",
      "buyAmount": 0,
      "sellAmount": 0,
      "stocksCount": 0
    },
    "response": {
      "error": null,
      "response": {
        "code": true,
        "reason": "success",
        "sufficientFunds": true,
        "requiredFunds": 0,
        "allowedSellValues": {
          "T0": 0,
          "T1": 1
        }
      }
    },
    "user": {
      "id": "69044940460b987a8555aba0"
    },
    "brokerFunctionLogId": "22a56bcd-a602-4640-b23d-272d76d94a0b",
    "brokerApi": {
      "functionName": "Funds.check",
      "brokerName": "hdfcsky"
    }
  },
  "reqId": "283a8bb0-c5ea-11f0-93c3-09a9fea7c49a",
  "msg": "broker lib function response recieved",
  "time": "2025-11-20T08:23:13.645Z",
  "v": 0
},
{
  "name": "sc.service.sc-integrations-brokers-api",
  "version": "3.8.9",
  "hostname": "ip-10-137-0-189",
  "pid": 2717,
  "type": "SC_BROKER",
  "level": 30,
  "context": {
    "options": {
      "accessToken": "REDACTED",
      "brokeruserId": "S10272",
      "apiKey": "REDACTED",
      "apiSecret": "REDACTED"
    },
    "response": {
      "error": {
        "code": false,
        "reason": "error",
        "message": "Failed to fetch holdings",
        "stack": "Error: HTTP 401: {\"error\":\"invalid credentials\"}\n    at requestBroker (/deployments/sc-integrations-broker-api/node_modules/@smallcase/sc-integrations-broker-lib/src/brokers/hdfcsky/services/request.js:82:32)\n    at processTicksAndRejections (node:internal/process/task_queues:95:5)\n    at holdings (/deployments/sc-integrations-broker-api/node_modules/@smallcase/sc-integrations-broker-lib/src/brokers/hdfcsky/services/portfolio.js:38:52)\n    at Object.liveHoldings (/deployments/sc-integrations-broker-api/node_modules/@smallcase/sc-integrations-broker-lib/src/brokers/hdfcsky/services/portfolio.js:133:72)\n    at Object.liveHoldings (/deployments/sc-integrations-broker-api/node_modules/@smallcase/sc-integrations-broker-lib/src/brokers/hdfcsky/api.js:125:60)",
        "statusCode": 401,
        "body": {
          "error": "invalid credentials"
        }
      },
      "response": {
        "code": false,
        "reason": "error",
        "message": "Failed to fetch holdings",
        "stack": "Error: HTTP 401: {\"error\":\"invalid credentials\"}\n    at requestBroker (/deployments/sc-integrations-broker-api/node_modules/@smallcase/sc-integrations-broker-lib/src/brokers/hdfcsky/services/request.js:82:32)\n    at processTicksAndRejections (node:internal/process/task_queues:95:5)\n    at holdings (/deployments/sc-integrations-broker-api/node_modules/@smallcase/sc-integrations-broker-lib/src/brokers/hdfcsky/services/portfolio.js:38:52)\n    at Object.liveHoldings (/deployments/sc-integrations-broker-api/node_modules/@smallcase/sc-integrations-broker-lib/src/brokers/hdfcsky/services/portfolio.js:133:72)\n    at Object.liveHoldings (/deployments/sc-integrations-broker-api/node_modules/@smallcase/sc-integrations-broker-lib/src/brokers/hdfcsky/api.js:125:60)",
        "statusCode": 401,
        "body": {
          "error": "invalid credentials"
        }
      }
    },
    "userId": "69044940460b987a8555aba0",
    "brokerFunctionLogId": "43cc61b7-6f23-46eb-96df-f662cdd6c486",
    "brokerApi": {
      "functionName": "Portfolio.liveHoldings",
      "brokerName": "hdfcsky"
    }
  },
  "reqId": "282e2fa0-c5ea-11f0-bdec-51047f4f1818",
  "msg": "broker lib function response recieved",
  "time": "2025-11-20T08:23:13.583Z",
  "v": 0
},
{
  "name": "sc.service.sc-integrations-brokers-api",
  "version": "3.8.9",
  "hostname": "ip-10-137-0-189",
  "pid": 2717,
  "type": "SC_BROKER",
  "level": 40,
  "err": {
    "message": "Failed to fetch holdings",
    "stack": "Error: HTTP 401: {\"error\":\"invalid credentials\"}\n    at requestBroker (/deployments/sc-integrations-broker-api/node_modules/@smallcase/sc-integrations-broker-lib/src/brokers/hdfcsky/services/request.js:82:32)\n    at processTicksAndRejections (node:internal/process/task_queues:95:5)\n    at holdings (/deployments/sc-integrations-broker-api/node_modules/@smallcase/sc-integrations-broker-lib/src/brokers/hdfcsky/services/portfolio.js:38:52)\n    at Object.liveHoldings (/deployments/sc-integrations-broker-api/node_modules/@smallcase/sc-integrations-broker-lib/src/brokers/hdfcsky/services/portfolio.js:133:72)\n    at Object.liveHoldings (/deployments/sc-integrations-broker-api/node_modules/@smallcase/sc-integrations-broker-lib/src/brokers/hdfcsky/api.js:125:60)"
  },
  "context": {
    "broker": "hdfcsky",
    "msg": "Error in fetching live holdings",
    "details": {
      "options": {
        "accessToken": "REDACTED",
        "brokeruserId": "S10272",
        "apiKey": "REDACTED",
        "apiSecret": "REDACTED"
      }
    },
    "userId": "69044940460b987a8555aba0",
    "brokerFunctionLogId": "43cc61b7-6f23-46eb-96df-f662cdd6c486",
    "functionName": "Portfolio.liveHoldings",
    "brokerName": "hdfcsky"
  },
  "reqId": "282e2fa0-c5ea-11f0-bdec-51047f4f1818",
  "msg": "",
  "time": "2025-11-20T08:23:13.582Z",
  "v": 0
},
{
  "name": "sc.service.sc-integrations-brokers-api",
  "version": "3.8.9",
  "hostname": "ip-10-137-0-189",
  "pid": 2717,
  "type": "SC_BROKER",
  "level": 50,
  "err": {
    "message": "Request failed with status code 401",
    "name": "AxiosError",
    "stack": "AxiosError: Request failed with status code 401\n    at settle (/deployments/sc-integrations-broker-api/node_modules/axios/lib/core/settle.js:17:12)\n    at IncomingMessage.handleStreamEnd (/deployments/sc-integrations-broker-api/node_modules/axios/lib/adapters/http.js:382:11)\n    at /deployments/sc-integrations-broker-api/node_modules/elastic-apm-node/lib/instrumentation/run-context/AbstractRunContextManager.js:96:49\n    at AsyncLocalStorage.run (node:async_hooks:319:14)\n    at AsyncLocalStorageRunContextManager.with (/deployments/sc-integrations-broker-api/node_modules/elastic-apm-node/lib/instrumentation/run-context/AsyncLocalStorageRunContextManager.js:57:36)\n    at IncomingMessage.wrapper (/deployments/sc-integrations-broker-api/node_modules/elastic-apm-node/lib/instrumentation/run-context/AbstractRunContextManager.js:96:23)\n    at IncomingMessage.emit (node:events:525:35)\n    at endReadableNT (node:internal/streams/readable:1359:12)\n    at processTicksAndRejections (node:internal/process/task_queues:82:21)"
  },
  "context": {
    "broker": "hdfcsky",
    "msg": "Error in request - Request failed with status code 401",
    "details": {
      "request": {
        "url": "https://developer.hdfcsky.com/oapi/v1/holdings?api_key=1bc928ff1ce54970b0a2f2ae4740dc77&client_id=S10272",
        "method": "GET",
        "headers": {
          "Authorization": "REDACTED",
          "Content-Type": "application/json"
        },
        "timeout": 20000
      },
      "userId": "S10272",
      "accessToken": "REDACTED",
      "response": {
        "error": "invalid credentials"
      }
    },
    "userId": "69044940460b987a8555aba0",
    "brokerFunctionLogId": "43cc61b7-6f23-46eb-96df-f662cdd6c486",
    "functionName": "Portfolio.liveHoldings",
    "brokerName": "hdfcsky"
  },
  "reqId": "282e2fa0-c5ea-11f0-bdec-51047f4f1818",
  "msg": "",
  "time": "2025-11-20T08:23:13.581Z",
  "v": 0
},
{
  "name": "sc.service.sc-integrations-brokers-api",
  "version": "3.8.9",
  "hostname": "ip-10-137-0-189",
  "pid": 2710,
  "type": "SC_BROKER",
  "level": 30,
  "context": {
    "options": {
      "accessToken": "REDACTED",
      "apiKey": "REDACTED",
      "apiSecret": "REDACTED",
      "buyAmount": 0,
      "sellAmount": 0,
      "stocksCount": 0
    },
    "response": {
      "error": null,
      "response": {
        "code": true,
        "reason": "success",
        "sufficientFunds": true,
        "requiredFunds": 0,
        "allowedSellValues": {
          "T0": 0,
          "T1": 1
        }
      }
    },
    "user": {
      "id": "69044940460b987a8555aba0"
    },
    "brokerFunctionLogId": "cc7184f2-bb11-4782-b621-ff5437338883",
    "brokerApi": {
      "functionName": "Funds.check",
      "brokerName": "hdfcsky"
    }
  },
  "reqId": "27fd5ba0-c5ea-11f0-93c3-09a9fea7c49a",
  "msg": "broker lib function response recieved",
  "time": "2025-11-20T08:23:13.246Z",
  "v": 0
},
{
  "name": "sc.service.sc-integrations-brokers-api",
  "version": "3.8.9",
  "hostname": "ip-10-137-0-189",
  "pid": 2710,
  "type": "SC_BROKER",
  "level": 30,
  "context": {
    "options": {
      "accessToken": "REDACTED",
      "brokeruserId": "S10272",
      "apiKey": "REDACTED",
      "apiSecret": "REDACTED"
    },
    "response": {
      "error": {
        "code": false,
        "reason": "error",
        "message": "Failed to fetch holdings",
        "stack": "Error: HTTP 401: {\"error\":\"invalid credentials\"}\n    at requestBroker (/deployments/sc-integrations-broker-api/node_modules/@smallcase/sc-integrations-broker-lib/src/brokers/hdfcsky/services/request.js:82:32)\n    at processTicksAndRejections (node:internal/process/task_queues:95:5)\n    at holdings (/deployments/sc-integrations-broker-api/node_modules/@smallcase/sc-integrations-broker-lib/src/brokers/hdfcsky/services/portfolio.js:38:52)\n    at Object.liveHoldings (/deployments/sc-integrations-broker-api/node_modules/@smallcase/sc-integrations-broker-lib/src/brokers/hdfcsky/services/portfolio.js:133:72)\n    at Object.liveHoldings (/deployments/sc-integrations-broker-api/node_modules/@smallcase/sc-integrations-broker-lib/src/brokers/hdfcsky/api.js:125:60)",
        "statusCode": 401,
        "body": {
          "error": "invalid credentials"
        }
      },
      "response": {
        "code": false,
        "reason": "error",
        "message": "Failed to fetch holdings",
        "stack": "Error: HTTP 401: {\"error\":\"invalid credentials\"}\n    at requestBroker (/deployments/sc-integrations-broker-api/node_modules/@smallcase/sc-integrations-broker-lib/src/brokers/hdfcsky/services/request.js:82:32)\n    at processTicksAndRejections (node:internal/process/task_queues:95:5)\n    at holdings (/deployments/sc-integrations-broker-api/node_modules/@smallcase/sc-integrations-broker-lib/src/brokers/hdfcsky/services/portfolio.js:38:52)\n    at Object.liveHoldings (/deployments/sc-integrations-broker-api/node_modules/@smallcase/sc-integrations-broker-lib/src/brokers/hdfcsky/services/portfolio.js:133:72)\n    at Object.liveHoldings (/deployments/sc-integrations-broker-api/node_modules/@smallcase/sc-integrations-broker-lib/src/brokers/hdfcsky/api.js:125:60)",
        "statusCode": 401,
        "body": {
          "error": "invalid credentials"
        }
      }
    },
    "userId": "69044940460b987a8555aba0",
    "brokerFunctionLogId": "a634d5ef-0591-42e4-a86e-134127211797",
    "brokerApi": {
      "functionName": "Portfolio.liveHoldings",
      "brokerName": "hdfcsky"
    }
  },
  "reqId": "15aaf570-c5ea-11f0-93c3-09a9fea7c49a",
  "msg": "broker lib function response recieved",
  "time": "2025-11-20T08:22:42.531Z",
  "v": 0
},
{
  "name": "sc.service.sc-integrations-brokers-api",
  "version": "3.8.9",
  "hostname": "ip-10-137-0-189",
  "pid": 2710,
  "type": "SC_BROKER",
  "level": 40,
  "err": {
    "message": "Failed to fetch holdings",
    "stack": "Error: HTTP 401: {\"error\":\"invalid credentials\"}\n    at requestBroker (/deployments/sc-integrations-broker-api/node_modules/@smallcase/sc-integrations-broker-lib/src/brokers/hdfcsky/services/request.js:82:32)\n    at processTicksAndRejections (node:internal/process/task_queues:95:5)\n    at holdings (/deployments/sc-integrations-broker-api/node_modules/@smallcase/sc-integrations-broker-lib/src/brokers/hdfcsky/services/portfolio.js:38:52)\n    at Object.liveHoldings (/deployments/sc-integrations-broker-api/node_modules/@smallcase/sc-integrations-broker-lib/src/brokers/hdfcsky/services/portfolio.js:133:72)\n    at Object.liveHoldings (/deployments/sc-integrations-broker-api/node_modules/@smallcase/sc-integrations-broker-lib/src/brokers/hdfcsky/api.js:125:60)"
  },
  "context": {
    "broker": "hdfcsky",
    "msg": "Error in fetching live holdings",
    "details": {
      "options": {
        "accessToken": "REDACTED",
        "brokeruserId": "S10272",
        "apiKey": "REDACTED",
        "apiSecret": "REDACTED"
      }
    },
    "userId": "69044940460b987a8555aba0",
    "brokerFunctionLogId": "a634d5ef-0591-42e4-a86e-134127211797",
    "functionName": "Portfolio.liveHoldings",
    "brokerName": "hdfcsky"
  },
  "reqId": "15aaf570-c5ea-11f0-93c3-09a9fea7c49a",
  "msg": "",
  "time": "2025-11-20T08:22:42.530Z",
  "v": 0
},
{
  "name": "sc.service.sc-integrations-brokers-api",
  "version": "3.8.9",
  "hostname": "ip-10-137-0-189",
  "pid": 2710,
  "type": "SC_BROKER",
  "level": 50,
  "err": {
    "message": "Request failed with status code 401",
    "name": "AxiosError",
    "stack": "AxiosError: Request failed with status code 401\n    at settle (/deployments/sc-integrations-broker-api/node_modules/axios/lib/core/settle.js:17:12)\n    at IncomingMessage.handleStreamEnd (/deployments/sc-integrations-broker-api/node_modules/axios/lib/adapters/http.js:382:11)\n    at IncomingMessage.emit (node:events:525:35)\n    at endReadableNT (node:internal/streams/readable:1359:12)\n    at processTicksAndRejections (node:internal/process/task_queues:82:21)"
  },
  "context": {
    "broker": "hdfcsky",
    "msg": "Error in request - Request failed with status code 401",
    "details": {
      "request": {
        "url": "https://developer.hdfcsky.com/oapi/v1/holdings?api_key=1bc928ff1ce54970b0a2f2ae4740dc77&client_id=S10272",
        "method": "GET",
        "headers": {
          "Authorization": "REDACTED",
          "Content-Type": "application/json"
        },
        "timeout": 20000
      },
      "userId": "S10272",
      "accessToken": "REDACTED",
      "response": {
        "error": "invalid credentials"
      }
    },
    "userId": "69044940460b987a8555aba0",
    "brokerFunctionLogId": "a634d5ef-0591-42e4-a86e-134127211797",
    "functionName": "Portfolio.liveHoldings",
    "brokerName": "hdfcsky"
  },
  "reqId": "15aaf570-c5ea-11f0-93c3-09a9fea7c49a",
  "msg": "",
  "time": "2025-11-20T08:22:42.529Z",
  "v": 0
},
{
  "name": "sc.service.sc-integrations-brokers-api",
  "version": "3.8.9",
  "hostname": "ip-10-137-0-189",
  "pid": 2717,
  "type": "SC_BROKER",
  "level": 30,
  "context": {
    "options": {
      "accessToken": "REDACTED",
      "apiKey": "REDACTED",
      "apiSecret": "REDACTED",
      "buyAmount": 0,
      "sellAmount": 0,
      "stocksCount": 0
    },
    "response": {
      "error": null,
      "response": {
        "code": true,
        "reason": "success",
        "sufficientFunds": true,
        "requiredFunds": 0,
        "allowedSellValues": {
          "T0": 0,
          "T1": 1
        }
      }
    },
    "user": {
      "id": "69044940460b987a8555aba0"
    },
    "brokerFunctionLogId": "b755540f-9109-46cf-a005-91be009a7b10",
    "brokerApi": {
      "functionName": "Funds.check",
      "brokerName": "hdfcsky"
    }
  },
  "reqId": "15a8d290-c5ea-11f0-bdec-51047f4f1818",
  "msg": "broker lib function response recieved",
  "time": "2025-11-20T08:22:42.491Z",
  "v": 0
},
{
  "name": "sc.service.sc-integrations-brokers-api",
  "version": "3.8.9",
  "hostname": "ip-10-137-0-189",
  "pid": 2717,
  "type": "SC_BROKER",
  "level": 30,
  "context": {
    "options": {
      "accessToken": "REDACTED",
      "apiKey": "REDACTED",
      "apiSecret": "REDACTED",
      "buyAmount": 0,
      "sellAmount": 0,
      "stocksCount": 0
    },
    "response": {
      "error": null,
      "response": {
        "code": true,
        "reason": "success",
        "sufficientFunds": true,
        "requiredFunds": 0,
        "allowedSellValues": {
          "T0": 0,
          "T1": 1
        }
      }
    },
    "user": {
      "id": "69044940460b987a8555aba0"
    },
    "brokerFunctionLogId": "ef5d8d19-651a-40b6-9c88-fd88dded8f62",
    "brokerApi": {
      "functionName": "Funds.check",
      "brokerName": "hdfcsky"
    }
  },
  "reqId": "15865670-c5ea-11f0-bdec-51047f4f1818",
  "msg": "broker lib function response recieved",
  "time": "2025-11-20T08:22:42.265Z",
  "v": 0
},
{
  "name": "sc.service.sc-integrations-brokers-api",
  "version": "3.8.9",
  "hostname": "ip-10-137-0-189",
  "pid": 2710,
  "type": "SC_BROKER",
  "level": 40,
  "err": {
    "message": "Failed to fetch holdings",
    "stack": "Error: HTTP 401: {\"error\":\"invalid credentials\"}\n    at requestBroker (/deployments/sc-integrations-broker-api/node_modules/@smallcase/sc-integrations-broker-lib/src/brokers/hdfcsky/services/request.js:82:32)\n    at processTicksAndRejections (node:internal/process/task_queues:95:5)\n    at holdings (/deployments/sc-integrations-broker-api/node_modules/@smallcase/sc-integrations-broker-lib/src/brokers/hdfcsky/services/portfolio.js:38:52)\n    at Object.liveHoldings (/deployments/sc-integrations-broker-api/node_modules/@smallcase/sc-integrations-broker-lib/src/brokers/hdfcsky/services/portfolio.js:133:72)\n    at Object.liveHoldings (/deployments/sc-integrations-broker-api/node_modules/@smallcase/sc-integrations-broker-lib/src/brokers/hdfcsky/api.js:125:60)"
  },
  "context": {
    "broker": "hdfcsky",
    "msg": "Error in fetching live holdings",
    "details": {
      "options": {
        "accessToken": "REDACTED",
        "brokeruserId": "S10272",
        "apiKey": "REDACTED",
        "apiSecret": "REDACTED"
      }
    },
    "userId": "69044940460b987a8555aba0",
    "brokerFunctionLogId": "5872b078-f12b-4aa1-9cdf-12c47e2cfbf2",
    "functionName": "Portfolio.liveHoldings",
    "brokerName": "hdfcsky"
  },
  "reqId": "157edc60-c5ea-11f0-93c3-09a9fea7c49a",
  "msg": "",
  "time": "2025-11-20T08:22:42.232Z",
  "v": 0
},
{
  "name": "sc.service.sc-integrations-brokers-api",
  "version": "3.8.9",
  "hostname": "ip-10-137-0-189",
  "pid": 2710,
  "type": "SC_BROKER",
  "level": 30,
  "context": {
    "options": {
      "accessToken": "REDACTED",
      "brokeruserId": "S10272",
      "apiKey": "REDACTED",
      "apiSecret": "REDACTED"
    },
    "response": {
      "error": {
        "code": false,
        "reason": "error",
        "message": "Failed to fetch holdings",
        "stack": "Error: HTTP 401: {\"error\":\"invalid credentials\"}\n    at requestBroker (/deployments/sc-integrations-broker-api/node_modules/@smallcase/sc-integrations-broker-lib/src/brokers/hdfcsky/services/request.js:82:32)\n    at processTicksAndRejections (node:internal/process/task_queues:95:5)\n    at holdings (/deployments/sc-integrations-broker-api/node_modules/@smallcase/sc-integrations-broker-lib/src/brokers/hdfcsky/services/portfolio.js:38:52)\n    at Object.liveHoldings (/deployments/sc-integrations-broker-api/node_modules/@smallcase/sc-integrations-broker-lib/src/brokers/hdfcsky/services/portfolio.js:133:72)\n    at Object.liveHoldings (/deployments/sc-integrations-broker-api/node_modules/@smallcase/sc-integrations-broker-lib/src/brokers/hdfcsky/api.js:125:60)",
        "statusCode": 401,
        "body": {
          "error": "invalid credentials"
        }
      },
      "response": {
        "code": false,
        "reason": "error",
        "message": "Failed to fetch holdings",
        "stack": "Error: HTTP 401: {\"error\":\"invalid credentials\"}\n    at requestBroker (/deployments/sc-integrations-broker-api/node_modules/@smallcase/sc-integrations-broker-lib/src/brokers/hdfcsky/services/request.js:82:32)\n    at processTicksAndRejections (node:internal/process/task_queues:95:5)\n    at holdings (/deployments/sc-integrations-broker-api/node_modules/@smallcase/sc-integrations-broker-lib/src/brokers/hdfcsky/services/portfolio.js:38:52)\n    at Object.liveHoldings (/deployments/sc-integrations-broker-api/node_modules/@smallcase/sc-integrations-broker-lib/src/brokers/hdfcsky/services/portfolio.js:133:72)\n    at Object.liveHoldings (/deployments/sc-integrations-broker-api/node_modules/@smallcase/sc-integrations-broker-lib/src/brokers/hdfcsky/api.js:125:60)",
        "statusCode": 401,
        "body": {
          "error": "invalid credentials"
        }
      }
    },
    "userId": "69044940460b987a8555aba0",
    "brokerFunctionLogId": "5872b078-f12b-4aa1-9cdf-12c47e2cfbf2",
    "brokerApi": {
      "functionName": "Portfolio.liveHoldings",
      "brokerName": "hdfcsky"
    }
  },
  "reqId": "157edc60-c5ea-11f0-93c3-09a9fea7c49a",
  "msg": "broker lib function response recieved",
  "time": "2025-11-20T08:22:42.232Z",
  "v": 0
},
{
  "name": "sc.service.sc-integrations-brokers-api",
  "version": "3.8.9",
  "hostname": "ip-10-137-0-189",
  "pid": 2710,
  "type": "SC_BROKER",
  "level": 50,
  "err": {
    "message": "Request failed with status code 401",
    "name": "AxiosError",
    "stack": "AxiosError: Request failed with status code 401\n    at settle (/deployments/sc-integrations-broker-api/node_modules/axios/lib/core/settle.js:17:12)\n    at IncomingMessage.handleStreamEnd (/deployments/sc-integrations-broker-api/node_modules/axios/lib/adapters/http.js:382:11)\n    at IncomingMessage.emit (node:events:525:35)\n    at endReadableNT (node:internal/streams/readable:1359:12)\n    at processTicksAndRejections (node:internal/process/task_queues:82:21)"
  },
  "context": {
    "broker": "hdfcsky",
    "msg": "Error in request - Request failed with status code 401",
    "details": {
      "request": {
        "url": "https://developer.hdfcsky.com/oapi/v1/holdings?api_key=1bc928ff1ce54970b0a2f2ae4740dc77&client_id=S10272",
        "method": "GET",
        "headers": {
          "Authorization": "REDACTED",
          "Content-Type": "application/json"
        },
        "timeout": 20000
      },
      "userId": "S10272",
      "accessToken": "REDACTED",
      "response": {
        "error": "invalid credentials"
      }
    },
    "userId": "69044940460b987a8555aba0",
    "brokerFunctionLogId": "5872b078-f12b-4aa1-9cdf-12c47e2cfbf2",
    "functionName": "Portfolio.liveHoldings",
    "brokerName": "hdfcsky"
  },
  "reqId": "157edc60-c5ea-11f0-93c3-09a9fea7c49a",
  "msg": "",
  "time": "2025-11-20T08:22:42.231Z",
  "v": 0
},
{
  "name": "sc.service.sc-integrations-brokers-api",
  "version": "3.8.9",
  "hostname": "ip-10-137-0-189",
  "pid": 2717,
  "type": "SC_BROKER",
  "level": 30,
  "context": {
    "options": {
      "accessToken": "REDACTED",
      "apiKey": "REDACTED",
      "apiSecret": "REDACTED",
      "buyAmount": 0,
      "sellAmount": 0,
      "stocksCount": 0
    },
    "response": {
      "error": null,
      "response": {
        "code": true,
        "reason": "success",
        "sufficientFunds": true,
        "requiredFunds": 0,
        "allowedSellValues": {
          "T0": 0,
          "T1": 1
        }
      }
    },
    "user": {
      "id": "69044940460b987a8555aba0"
    },
    "brokerFunctionLogId": "01339d29-892a-40c8-b68d-af6957296b40",
    "brokerApi": {
      "functionName": "Funds.check",
      "brokerName": "hdfcsky"
    }
  },
  "reqId": "15716ee0-c5ea-11f0-bdec-51047f4f1818",
  "msg": "broker lib function response recieved",
  "time": "2025-11-20T08:22:42.128Z",
  "v": 0
},
{
  "name": "sc.service.sc-integrations-brokers-api",
  "version": "3.8.9",
  "hostname": "ip-10-137-0-189",
  "pid": 2717,
  "type": "SC_BROKER",
  "level": 30,
  "context": {
    "options": {
      "accessToken": "REDACTED",
      "apiKey": "REDACTED",
      "apiSecret": "REDACTED",
      "buyAmount": 0,
      "sellAmount": 0,
      "stocksCount": 0
    },
    "response": {
      "error": null,
      "response": {
        "code": true,
        "reason": "success",
        "sufficientFunds": true,
        "requiredFunds": 0,
        "allowedSellValues": {
          "T0": 0,
          "T1": 1
        }
      }
    },
    "user": {
      "id": "69044940460b987a8555aba0"
    },
    "brokerFunctionLogId": "e2f427e7-029e-4724-ada3-5a56658c785a",
    "brokerApi": {
      "functionName": "Funds.check",
      "brokerName": "hdfcsky"
    }
  },
  "reqId": "15640160-c5ea-11f0-bdec-51047f4f1818",
  "msg": "broker lib function response recieved",
  "time": "2025-11-20T08:22:42.040Z",
  "v": 0
},
{
  "name": "sc.service.sc-integrations-brokers-api",
  "version": "3.8.9",
  "hostname": "ip-10-137-0-189",
  "pid": 2717,
  "type": "SC_BROKER",
  "level": 30,
  "context": {
    "options": {
      "apiKey": "REDACTED",
      "accessToken": "REDACTED",
      "apiSecret": "REDACTED",
      "ipAddress": "REDACTED"
    },
    "response": {
      "error": null,
      "response": {
        "code": true,
        "reason": "success",
        "message": "Session check successful"
      }
    },
    "userId": "69044940460b987a8555aba0",
    "brokerFunctionLogId": "c9160e7d-aaba-41bd-a805-b0ee346f2df0",
    "brokerApi": {
      "functionName": "User.checkSession",
      "brokerName": "hdfcsky"
    }
  },
  "reqId": "15595300-c5ea-11f0-bdec-51047f4f1818",
  "msg": "broker lib function response recieved",
  "time": "2025-11-20T08:22:42.018Z",
  "v": 0
},
{
  "name": "sc.service.sc-integrations-brokers-api",
  "version": "3.8.9",
  "hostname": "ip-10-137-0-189",
  "pid": 2717,
  "type": "SC_BROKER",
  "level": 30,
  "context": {
    "broker": "hdfcsky",
    "msg": "Successful request",
    "details": {
      "request": {
        "url": "https://developer.hdfcsky.com/oapi/v1/user/trading_info?client_id=S10272&api_key=1bc928ff1ce54970b0a2f2ae4740dc77",
        "method": "GET",
        "headers": {
          "Authorization": "REDACTED",
          "Content-Type": "application/json"
        },
        "timeout": 20000
      },
      "userId": "S10272",
      "accessToken": "REDACTED",
      "response": {
        "statusCode": 200,
        "body": {
          "data": {
            "client_id": "REDACTED",
            "ddpi": true,
            "exchanges_subscribed": [
              ""
            ],
            "name": "REDACTED",
            "poa_enabled": false,
            "products_enabled": [
              "CNC",
              "MIS",
              "NRML",
              "MTF"
            ],
            "status": "active"
          },
          "message": "",
          "status": "success"
        }
      },
      "responseString": {
        "data": {
          "client_id": "REDACTED",
          "ddpi": true,
          "exchanges_subscribed": [
            ""
          ],
          "name": "REDACTED",
          "poa_enabled": false,
          "products_enabled": [
            "CNC",
            "MIS",
            "NRML",
            "MTF"
          ],
          "status": "active"
        },
        "message": "",
        "status": "success"
      }
    },
    "userId": "69044940460b987a8555aba0",
    "brokerFunctionLogId": "c9160e7d-aaba-41bd-a805-b0ee346f2df0",
    "functionName": "User.checkSession",
    "brokerName": "hdfcsky"
  },
  "reqId": "15595300-c5ea-11f0-bdec-51047f4f1818",
  "msg": "",
  "time": "2025-11-20T08:22:42.017Z",
  "v": 0
},
{
  "name": "sc.service.sc-integrations-brokers-api",
  "version": "3.8.9",
  "hostname": "ip-10-137-0-189",
  "pid": 2717,
  "type": "SC_BROKER",
  "level": 30,
  "context": {
    "options": {
      "accessToken": "REDACTED",
      "apiKey": "REDACTED",
      "apiSecret": "REDACTED",
      "buyAmount": 0,
      "sellAmount": 0,
      "stocksCount": 0
    },
    "response": {
      "error": null,
      "response": {
        "code": true,
        "reason": "success",
        "sufficientFunds": true,
        "requiredFunds": 0,
        "allowedSellValues": {
          "T0": 0,
          "T1": 1
        }
      }
    },
    "user": {
      "id": "69044940460b987a8555aba0"
    },
    "brokerFunctionLogId": "e775c5e0-41a1-4b67-80d6-40e9453fed10",
    "brokerApi": {
      "functionName": "Funds.check",
      "brokerName": "hdfcsky"
    }
  },
  "reqId": "d8b0c280-c5e9-11f0-bdec-51047f4f1818",
  "msg": "broker lib function response recieved",
  "time": "2025-11-20T08:21:00.202Z",
  "v": 0
},
{
  "name": "sc.service.sc-integrations-brokers-api",
  "version": "3.8.9",
  "hostname": "ip-10-137-0-189",
  "pid": 2710,
  "type": "SC_BROKER",
  "level": 30,
  "context": {
    "options": {
      "accessToken": "REDACTED",
      "apiKey": "REDACTED",
      "apiSecret": "REDACTED",
      "buyAmount": 0,
      "sellAmount": 0,
      "stocksCount": 0
    },
    "response": {
      "error": null,
      "response": {
        "code": true,
        "reason": "success",
        "sufficientFunds": true,
        "requiredFunds": 0,
        "allowedSellValues": {
          "T0": 0,
          "T1": 1
        }
      }
    },
    "user": {
      "id": "69044940460b987a8555aba0"
    },
    "brokerFunctionLogId": "522afa79-a146-42d2-8cd9-00698863195e",
    "brokerApi": {
      "functionName": "Funds.check",
      "brokerName": "hdfcsky"
    }
  },
  "reqId": "d8a5ed10-c5e9-11f0-93c3-09a9fea7c49a",
  "msg": "broker lib function response recieved",
  "time": "2025-11-20T08:21:00.131Z",
  "v": 0
},
{
  "name": "sc.service.sc-integrations-brokers-api",
  "version": "3.8.9",
  "hostname": "ip-10-137-0-189",
  "pid": 2717,
  "type": "SC_BROKER",
  "level": 30,
  "context": {
    "options": {
      "accessToken": "REDACTED",
      "apiKey": "REDACTED",
      "apiSecret": "REDACTED",
      "buyAmount": 0,
      "sellAmount": 0,
      "stocksCount": 0
    },
    "response": {
      "error": null,
      "response": {
        "code": true,
        "reason": "success",
        "sufficientFunds": true,
        "requiredFunds": 0,
        "allowedSellValues": {
          "T0": 0,
          "T1": 1
        }
      }
    },
    "user": {
      "id": "69044940460b987a8555aba0"
    },
    "brokerFunctionLogId": "5edbba96-d137-4dfa-8e4a-24e6e53891e5",
    "brokerApi": {
      "functionName": "Funds.check",
      "brokerName": "hdfcsky"
    }
  },
  "reqId": "d88b3920-c5e9-11f0-bdec-51047f4f1818",
  "msg": "broker lib function response recieved",
  "time": "2025-11-20T08:20:59.956Z",
  "v": 0
},
{
  "name": "sc.service.sc-integrations-brokers-api",
  "version": "3.8.9",
  "hostname": "ip-10-137-0-189",
  "pid": 2710,
  "type": "SC_BROKER",
  "level": 30,
  "context": {
    "options": {
      "segment": "equity",
      "accessToken": "REDACTED",
      "ipAddress": "REDACTED",
      "clientDetails": {
        "channel": "web",
        "channelIp": "2409:40c0:101f:93f6:5816:8748:2dc:c872",
        "appInstallId": "9941e26b-b33b-596d-af3c-03e53b504cc7",
        "appVersion": "1.0.0",
        "userAgent": "Mozilla/5.0 (Linux; Android 10; K) AppleWebKit/537.36 (KHTML, like Gecko) Chrome/135.0.0.0 Mobile Safari/537.36"
      },
      "apiKey": "REDACTED",
      "apiSecret": "REDACTED"
    },
    "response": {
      "error": null,
      "response": {
        "code": true,
        "reason": "success",
        "message": "Session check successful"
      }
    },
    "userId": "69044940460b987a8555aba0",
    "brokerFunctionLogId": "a72224fa-e7e7-4a4a-b28a-9a9f2d01b727",
    "brokerApi": {
      "functionName": "User.checkSession",
      "brokerName": "hdfcsky"
    }
  },
  "reqId": "d64fc810-c5e9-11f0-93c3-09a9fea7c49a",
  "msg": "broker lib function response recieved",
  "time": "2025-11-20T08:20:56.267Z",
  "v": 0
},
{
  "name": "sc.service.sc-integrations-brokers-api",
  "version": "3.8.9",
  "hostname": "ip-10-137-0-189",
  "pid": 2710,
  "type": "SC_BROKER",
  "level": 30,
  "context": {
    "broker": "hdfcsky",
    "msg": "Successful request",
    "details": {
      "request": {
        "url": "https://developer.hdfcsky.com/oapi/v1/user/trading_info?client_id=S10272&api_key=1bc928ff1ce54970b0a2f2ae4740dc77",
        "method": "GET",
        "headers": {
          "Authorization": "REDACTED",
          "Content-Type": "application/json"
        },
        "timeout": 20000
      },
      "userId": "S10272",
      "accessToken": "REDACTED",
      "response": {
        "statusCode": 200,
        "body": {
          "data": {
            "client_id": "REDACTED",
            "ddpi": true,
            "exchanges_subscribed": [
              ""
            ],
            "name": "REDACTED",
            "poa_enabled": false,
            "products_enabled": [
              "CNC",
              "MIS",
              "NRML",
              "MTF"
            ],
            "status": "active"
          },
          "message": "",
          "status": "success"
        }
      },
      "responseString": {
        "data": {
          "client_id": "REDACTED",
          "ddpi": true,
          "exchanges_subscribed": [
            ""
          ],
          "name": "REDACTED",
          "poa_enabled": false,
          "products_enabled": [
            "CNC",
            "MIS",
            "NRML",
            "MTF"
          ],
          "status": "active"
        },
        "message": "",
        "status": "success"
      }
    },
    "userId": "69044940460b987a8555aba0",
    "brokerFunctionLogId": "a72224fa-e7e7-4a4a-b28a-9a9f2d01b727",
    "functionName": "User.checkSession",
    "brokerName": "hdfcsky"
  },
  "reqId": "d64fc810-c5e9-11f0-93c3-09a9fea7c49a",
  "msg": "",
  "time": "2025-11-20T08:20:56.264Z",
  "v": 0
},
{
  "name": "sc.service.sc-integrations-brokers-api",
  "version": "3.8.9",
  "hostname": "ip-10-137-0-189",
  "pid": 2710,
  "type": "SC_BROKER",
  "level": 30,
  "context": {
    "options": {
      "segment": "equity",
      "accessToken": "REDACTED",
      "ipAddress": "REDACTED",
      "clientDetails": {
        "channel": "web",
        "channelIp": "2409:40c0:101f:93f6:5816:8748:2dc:c872",
        "appInstallId": "9941e26b-b33b-596d-af3c-03e53b504cc7",
        "appVersion": "1.0.0",
        "userAgent": "Mozilla/5.0 (Linux; Android 10; K) AppleWebKit/537.36 (KHTML, like Gecko) Chrome/135.0.0.0 Mobile Safari/537.36"
      },
      "apiKey": "REDACTED",
      "apiSecret": "REDACTED"
    },
    "response": {
      "error": null,
      "response": {
        "code": true,
        "reason": "success",
        "message": "Session check successful"
      }
    },
    "userId": "69044940460b987a8555aba0",
    "brokerFunctionLogId": "df4ca04c-6fa7-4916-8f1e-578b2ff590c7",
    "brokerApi": {
      "functionName": "User.checkSession",
      "brokerName": "hdfcsky"
    }
  },
  "reqId": "cd2bd8a0-c5e9-11f0-93c3-09a9fea7c49a",
  "msg": "broker lib function response recieved",
  "time": "2025-11-20T08:20:40.933Z",
  "v": 0
},
{
  "name": "sc.service.sc-integrations-brokers-api",
  "version": "3.8.9",
  "hostname": "ip-10-137-0-189",
  "pid": 2710,
  "type": "SC_BROKER",
  "level": 30,
  "context": {
    "broker": "hdfcsky",
    "msg": "Successful request",
    "details": {
      "request": {
        "url": "https://developer.hdfcsky.com/oapi/v1/user/trading_info?client_id=S10272&api_key=1bc928ff1ce54970b0a2f2ae4740dc77",
        "method": "GET",
        "headers": {
          "Authorization": "REDACTED",
          "Content-Type": "application/json"
        },
        "timeout": 20000
      },
      "userId": "S10272",
      "accessToken": "REDACTED",
      "response": {
        "statusCode": 200,
        "body": {
          "data": {
            "client_id": "REDACTED",
            "ddpi": true,
            "exchanges_subscribed": [
              ""
            ],
            "name": "REDACTED",
            "poa_enabled": false,
            "products_enabled": [
              "CNC",
              "MIS",
              "NRML",
              "MTF"
            ],
            "status": "active"
          },
          "message": "",
          "status": "success"
        }
      },
      "responseString": {
        "data": {
          "client_id": "REDACTED",
          "ddpi": true,
          "exchanges_subscribed": [
            ""
          ],
          "name": "REDACTED",
          "poa_enabled": false,
          "products_enabled": [
            "CNC",
            "MIS",
            "NRML",
            "MTF"
          ],
          "status": "active"
        },
        "message": "",
        "status": "success"
      }
    },
    "userId": "69044940460b987a8555aba0",
    "brokerFunctionLogId": "df4ca04c-6fa7-4916-8f1e-578b2ff590c7",
    "functionName": "User.checkSession",
    "brokerName": "hdfcsky"
  },
  "reqId": "cd2bd8a0-c5e9-11f0-93c3-09a9fea7c49a",
  "msg": "",
  "time": "2025-11-20T08:20:40.932Z",
  "v": 0
},
{
  "name": "sc.service.sc-integrations-brokers-api",
  "version": "3.8.9",
  "hostname": "ip-10-137-0-189",
  "pid": 2717,
  "type": "SC_BROKER",
  "level": 30,
  "context": {
    "options": {
      "accessToken": "REDACTED",
      "apiKey": "REDACTED",
      "apiSecret": "REDACTED",
      "buyAmount": 0,
      "sellAmount": 0,
      "stocksCount": 0
    },
    "response": {
      "error": null,
      "response": {
        "code": true,
        "reason": "success",
        "sufficientFunds": true,
        "requiredFunds": 0,
        "allowedSellValues": {
          "T0": 0,
          "T1": 1
        }
      }
    },
    "user": {
      "id": "69044940460b987a8555aba0"
    },
    "brokerFunctionLogId": "a259b988-1b38-4e26-b5c0-031a07d51209",
    "brokerApi": {
      "functionName": "Funds.check",
      "brokerName": "hdfcsky"
    }
  },
  "reqId": "b3c0bc50-c5e9-11f0-bdec-51047f4f1818",
  "msg": "broker lib function response recieved",
  "time": "2025-11-20T08:19:58.231Z",
  "v": 0
},
{
  "name": "sc.service.sc-integrations-brokers-api",
  "version": "3.8.9",
  "hostname": "ip-10-137-0-189",
  "pid": 2710,
  "type": "SC_BROKER",
  "level": 30,
  "context": {
    "options": {
      "accessToken": "REDACTED",
      "apiKey": "REDACTED",
      "apiSecret": "REDACTED",
      "buyAmount": 0,
      "sellAmount": 0,
      "stocksCount": 0
    },
    "response": {
      "error": null,
      "response": {
        "code": true,
        "reason": "success",
        "sufficientFunds": true,
        "requiredFunds": 0,
        "allowedSellValues": {
          "T0": 0,
          "T1": 1
        }
      }
    },
    "user": {
      "id": "69044940460b987a8555aba0"
    },
    "brokerFunctionLogId": "09d2316c-6a4f-4956-b4e7-98c48a42d7cd",
    "brokerApi": {
      "functionName": "Funds.check",
      "brokerName": "hdfcsky"
    }
  },
  "reqId": "b3ac7100-c5e9-11f0-93c3-09a9fea7c49a",
  "msg": "broker lib function response recieved",
  "time": "2025-11-20T08:19:58.102Z",
  "v": 0
},
{
  "name": "sc.service.sc-integrations-brokers-api",
  "version": "3.8.9",
  "hostname": "ip-10-137-0-189",
  "pid": 2717,
  "type": "SC_BROKER",
  "level": 30,
  "context": {
    "options": {
      "accessToken": "REDACTED",
      "brokeruserId": "S10272",
      "gateway": true,
      "apiKey": "REDACTED",
      "apiSecret": "REDACTED"
    },
    "response": {
      "error": {
        "code": false,
        "reason": "error",
        "message": "Failed to fetch holdings",
        "stack": "Error: HTTP 401: {\"error\":\"invalid credentials\"}\n    at requestBroker (/deployments/sc-integrations-broker-api/node_modules/@smallcase/sc-integrations-broker-lib/src/brokers/hdfcsky/services/request.js:82:32)\n    at processTicksAndRejections (node:internal/process/task_queues:95:5)\n    at holdings (/deployments/sc-integrations-broker-api/node_modules/@smallcase/sc-integrations-broker-lib/src/brokers/hdfcsky/services/portfolio.js:38:52)\n    at Object.liveHoldings (/deployments/sc-integrations-broker-api/node_modules/@smallcase/sc-integrations-broker-lib/src/brokers/hdfcsky/services/portfolio.js:133:72)\n    at Object.liveHoldings (/deployments/sc-integrations-broker-api/node_modules/@smallcase/sc-integrations-broker-lib/src/brokers/hdfcsky/api.js:125:60)",
        "statusCode": 401,
        "body": {
          "error": "invalid credentials"
        }
      },
      "response": {
        "code": false,
        "reason": "error",
        "message": "Failed to fetch holdings",
        "stack": "Error: HTTP 401: {\"error\":\"invalid credentials\"}\n    at requestBroker (/deployments/sc-integrations-broker-api/node_modules/@smallcase/sc-integrations-broker-lib/src/brokers/hdfcsky/services/request.js:82:32)\n    at processTicksAndRejections (node:internal/process/task_queues:95:5)\n    at holdings (/deployments/sc-integrations-broker-api/node_modules/@smallcase/sc-integrations-broker-lib/src/brokers/hdfcsky/services/portfolio.js:38:52)\n    at Object.liveHoldings (/deployments/sc-integrations-broker-api/node_modules/@smallcase/sc-integrations-broker-lib/src/brokers/hdfcsky/services/portfolio.js:133:72)\n    at Object.liveHoldings (/deployments/sc-integrations-broker-api/node_modules/@smallcase/sc-integrations-broker-lib/src/brokers/hdfcsky/api.js:125:60)",
        "statusCode": 401,
        "body": {
          "error": "invalid credentials"
        }
      }
    },
    "userId": "69044940460b987a8555aba0",
    "brokerFunctionLogId": "3b83a899-7ed0-4b91-a478-d1c942dafbe0",
    "brokerApi": {
      "functionName": "Portfolio.liveHoldings",
      "brokerName": "hdfcsky"
    }
  },
  "reqId": "b39eb560-c5e9-11f0-bdec-51047f4f1818",
  "msg": "broker lib function response recieved",
  "time": "2025-11-20T08:19:58.026Z",
  "v": 0
},
{
  "name": "sc.service.sc-integrations-brokers-api",
  "version": "3.8.9",
  "hostname": "ip-10-137-0-189",
  "pid": 2717,
  "type": "SC_BROKER",
  "level": 40,
  "err": {
    "message": "Failed to fetch holdings",
    "stack": "Error: HTTP 401: {\"error\":\"invalid credentials\"}\n    at requestBroker (/deployments/sc-integrations-broker-api/node_modules/@smallcase/sc-integrations-broker-lib/src/brokers/hdfcsky/services/request.js:82:32)\n    at processTicksAndRejections (node:internal/process/task_queues:95:5)\n    at holdings (/deployments/sc-integrations-broker-api/node_modules/@smallcase/sc-integrations-broker-lib/src/brokers/hdfcsky/services/portfolio.js:38:52)\n    at Object.liveHoldings (/deployments/sc-integrations-broker-api/node_modules/@smallcase/sc-integrations-broker-lib/src/brokers/hdfcsky/services/portfolio.js:133:72)\n    at Object.liveHoldings (/deployments/sc-integrations-broker-api/node_modules/@smallcase/sc-integrations-broker-lib/src/brokers/hdfcsky/api.js:125:60)"
  },
  "context": {
    "broker": "hdfcsky",
    "msg": "Error in fetching live holdings",
    "details": {
      "options": {
        "accessToken": "REDACTED",
        "brokeruserId": "S10272",
        "gateway": true,
        "apiKey": "REDACTED",
        "apiSecret": "REDACTED"
      }
    },
    "userId": "69044940460b987a8555aba0",
    "brokerFunctionLogId": "3b83a899-7ed0-4b91-a478-d1c942dafbe0",
    "functionName": "Portfolio.liveHoldings",
    "brokerName": "hdfcsky"
  },
  "reqId": "b39eb560-c5e9-11f0-bdec-51047f4f1818",
  "msg": "",
  "time": "2025-11-20T08:19:58.025Z",
  "v": 0
},
{
  "name": "sc.service.sc-integrations-brokers-api",
  "version": "3.8.9",
  "hostname": "ip-10-137-0-189",
  "pid": 2717,
  "type": "SC_BROKER",
  "level": 50,
  "err": {
    "message": "Request failed with status code 401",
    "name": "AxiosError",
    "stack": "AxiosError: Request failed with status code 401\n    at settle (/deployments/sc-integrations-broker-api/node_modules/axios/lib/core/settle.js:17:12)\n    at IncomingMessage.handleStreamEnd (/deployments/sc-integrations-broker-api/node_modules/axios/lib/adapters/http.js:382:11)\n    at IncomingMessage.emit (node:events:525:35)\n    at endReadableNT (node:internal/streams/readable:1359:12)\n    at processTicksAndRejections (node:internal/process/task_queues:82:21)"
  },
  "context": {
    "broker": "hdfcsky",
    "msg": "Error in request - Request failed with status code 401",
    "details": {
      "request": {
        "url": "https://developer.hdfcsky.com/oapi/v1/holdings?api_key=1bc928ff1ce54970b0a2f2ae4740dc77&client_id=S10272",
        "method": "GET",
        "headers": {
          "Authorization": "REDACTED",
          "Content-Type": "application/json"
        },
        "timeout": 20000
      },
      "userId": "S10272",
      "accessToken": "REDACTED",
      "response": {
        "error": "invalid credentials"
      }
    },
    "userId": "69044940460b987a8555aba0",
    "brokerFunctionLogId": "3b83a899-7ed0-4b91-a478-d1c942dafbe0",
    "functionName": "Portfolio.liveHoldings",
    "brokerName": "hdfcsky"
  },
  "reqId": "b39eb560-c5e9-11f0-bdec-51047f4f1818",
  "msg": "",
  "time": "2025-11-20T08:19:58.024Z",
  "v": 0
},
{
  "name": "sc.service.sc-integrations-brokers-api",
  "version": "3.8.9",
  "hostname": "ip-10-137-0-189",
  "pid": 2717,
  "type": "SC_BROKER",
  "level": 30,
  "context": {
    "options": {
      "segment": "equity",
      "accessToken": "REDACTED",
      "buyAmount": 43.42,
      "sellAmount": 0,
      "stocksCount": 2,
      "variety": "regular",
      "ipAddress": "REDACTED",
      "noErrorType": false,
      "rebalanceBasketFlag": false,
      "label": "BUY",
      "clientDetails": {
        "channel": "web",
        "channelIp": "2409:40c0:101f:93f6:5816:8748:2dc:c872",
        "appInstallId": "9941e26b-b33b-596d-af3c-03e53b504cc7",
        "appVersion": "1.0.0",
        "userAgent": "Mozilla/5.0 (Linux; Android 10; K) AppleWebKit/537.36 (KHTML, like Gecko) Chrome/135.0.0.0 Mobile Safari/537.36"
      },
      "apiKey": "REDACTED",
      "apiSecret": "REDACTED",
      "requiredFunds": 43.42
    },
    "response": {
      "error": null,
      "response": {
        "code": true,
        "reason": "success",
        "availableFunds": 3015.43,
        "sufficientFunds": true,
        "requiredFunds": 43.42,
        "allowedSellValues": {
          "T0": 0,
          "T1": 1
        },
        "buyValue": 43.42,
        "sellValue": 0,
        "bufferAdded": false
      }
    },
    "userId": "69044940460b987a8555aba0",
    "brokerFunctionLogId": "d1e81fe9-31a6-4272-8713-b2facef7b995",
    "brokerApi": {
      "functionName": "Funds.check",
      "brokerName": "hdfcsky"
    }
  },
  "reqId": "ab7c7e80-c5e9-11f0-bdec-51047f4f1818",
  "msg": "broker lib function response recieved",
  "time": "2025-11-20T08:19:44.441Z",
  "v": 0
},
{
  "name": "sc.service.sc-integrations-brokers-api",
  "version": "3.8.9",
  "hostname": "ip-10-137-0-189",
  "pid": 2717,
  "type": "SC_BROKER",
  "level": 30,
  "context": {
    "broker": "hdfcsky",
    "msg": "Successful request",
    "details": {
      "request": {
        "url": "https://developer.hdfcsky.com/oapi/v1/funds/view?api_key=1bc928ff1ce54970b0a2f2ae4740dc77&client_id=S10272&type=all",
        "method": "GET",
        "headers": {
          "Authorization": "REDACTED",
          "Content-Type": "application/json"
        },
        "timeout": 20000
      },
      "userId": "S10272",
      "accessToken": "REDACTED",
      "response": {
        "statusCode": 200,
        "body": {
          "data": {
            "client_id": "REDACTED",
            "headers": [
              "Description",
              "all"
            ],
            "realized_mtm": "-69.86",
            "unrealized_mtm": "0.00",
            "values": [
              [
                "Available Margin",
                "3015.43"
              ],
              [
                "Opening Balance",
                "3085.29"
              ],
              [
                "Margin Used",
                "0.00"
              ],
              [
                "Pay In",
                "0.00"
              ],
              [
                "Pay Out",
                "0.00"
              ],
              [
                "Withdrawable Funds",
                "3015.43"
              ],
              [
                "Pledge Benefit",
                "0.00"
              ],
              [
                "Equity Credit Sell",
                "0.00"
              ],
              [
                "Option Credit For Sell",
                "0.00"
              ],
              [
                "Realized MTM",
                "-69.86"
              ],
              [
                "Unrealized MTM",
                "0.00"
              ],
              [
                "MTM",
                "-69.86"
              ],
              [
                "MTF Available Limit",
                "8439.10"
              ],
              [
                "MTF Opening Balance",
                "12893.30"
              ],
              [
                "MTF Withdrawal Limit",
                "8439.10"
              ],
              [
                "MTF Margin Blocked",
                "2919.69"
              ],
              [
                "CTD MTF Margin Blocked",
                "0.00"
              ],
              [
                "MTF Used Pledge Benefit",
                "0.00"
              ],
              [
                "MTF PNL",
                "-10.30"
              ],
              [
                "MTF Equity Credit For Sell",
                "0.00"
              ],
              [
                "MTF Day Margin",
                "1524.21"
              ],
              [
                "MTF Payout",
                "0.00"
              ],
              [
                "Day txn charges",
                "1524.21"
              ]
            ]
          },
          "message": "",
          "status": "success"
        }
      },
      "responseString": {
        "data": {
          "client_id": "REDACTED",
          "headers": [
            "Description",
            "all"
          ],
          "realized_mtm": "-69.86",
          "unrealized_mtm": "0.00",
          "values": [
            [
              "Available Margin",
              "3015.43"
            ],
            [
              "Opening Balance",
              "3085.29"
            ],
            [
              "Margin Used",
              "0.00"
            ],
            [
              "Pay In",
              "0.00"
            ],
            [
              "Pay Out",
              "0.00"
            ],
            [
              "Withdrawable Funds",
              "3015.43"
            ],
            [
              "Pledge Benefit",
              "0.00"
            ],
            [
              "Equity Credit Sell",
              "0.00"
            ],
            [
              "Option Credit For Sell",
              "0.00"
            ],
            [
              "Realized MTM",
              "-69.86"
            ],
            [
              "Unrealized MTM",
              "0.00"
            ],
            [
              "MTM",
              "-69.86"
            ],
            [
              "MTF Available Limit",
              "8439.10"
            ],
            [
              "MTF Opening Balance",
              "12893.30"
            ],
            [
              "MTF Withdrawal Limit",
              "8439.10"
            ],
            [
              "MTF Margin Blocked",
              "2919.69"
            ],
            [
              "CTD MTF Margin Blocked",
              "0.00"
            ],
            [
              "MTF Used Pledge Benefit",
              "0.00"
            ],
            [
              "MTF PNL",
              "-10.30"
            ],
            [
              "MTF Equity Credit For Sell",
              "0.00"
            ],
            [
              "MTF Day Margin",
              "1524.21"
            ],
            [
              "MTF Payout",
              "0.00"
            ],
            [
              "Day txn charges",
              "1524.21"
            ]
          ]
        },
        "message": "",
        "status": "success"
      }
    },
    "userId": "69044940460b987a8555aba0",
    "brokerFunctionLogId": "d1e81fe9-31a6-4272-8713-b2facef7b995",
    "functionName": "Funds.check",
    "brokerName": "hdfcsky"
  },
  "reqId": "ab7c7e80-c5e9-11f0-bdec-51047f4f1818",
  "msg": "",
  "time": "2025-11-20T08:19:44.440Z",
  "v": 0
},
{
  "name": "sc.service.sc-integrations-brokers-api",
  "version": "3.8.9",
  "hostname": "ip-10-137-0-189",
  "pid": 2717,
  "type": "SC_BROKER",
  "level": 30,
  "context": {
    "options": {
      "accessToken": "REDACTED",
      "brokeruserId": "S10272",
      "apiKey": "REDACTED",
      "apiSecret": "REDACTED"
    },
    "response": {
      "error": {
        "code": false,
        "reason": "error",
        "message": "Failed to fetch holdings",
        "stack": "Error: HTTP 401: {\"error\":\"invalid credentials\"}\n    at requestBroker (/deployments/sc-integrations-broker-api/node_modules/@smallcase/sc-integrations-broker-lib/src/brokers/hdfcsky/services/request.js:82:32)\n    at processTicksAndRejections (node:internal/process/task_queues:95:5)\n    at holdings (/deployments/sc-integrations-broker-api/node_modules/@smallcase/sc-integrations-broker-lib/src/brokers/hdfcsky/services/portfolio.js:38:52)\n    at Object.liveHoldings (/deployments/sc-integrations-broker-api/node_modules/@smallcase/sc-integrations-broker-lib/src/brokers/hdfcsky/services/portfolio.js:133:72)\n    at Object.liveHoldings (/deployments/sc-integrations-broker-api/node_modules/@smallcase/sc-integrations-broker-lib/src/brokers/hdfcsky/api.js:125:60)",
        "statusCode": 401,
        "body": {
          "error": "invalid credentials"
        }
      },
      "response": {
        "code": false,
        "reason": "error",
        "message": "Failed to fetch holdings",
        "stack": "Error: HTTP 401: {\"error\":\"invalid credentials\"}\n    at requestBroker (/deployments/sc-integrations-broker-api/node_modules/@smallcase/sc-integrations-broker-lib/src/brokers/hdfcsky/services/request.js:82:32)\n    at processTicksAndRejections (node:internal/process/task_queues:95:5)\n    at holdings (/deployments/sc-integrations-broker-api/node_modules/@smallcase/sc-integrations-broker-lib/src/brokers/hdfcsky/services/portfolio.js:38:52)\n    at Object.liveHoldings (/deployments/sc-integrations-broker-api/node_modules/@smallcase/sc-integrations-broker-lib/src/brokers/hdfcsky/services/portfolio.js:133:72)\n    at Object.liveHoldings (/deployments/sc-integrations-broker-api/node_modules/@smallcase/sc-integrations-broker-lib/src/brokers/hdfcsky/api.js:125:60)",
        "statusCode": 401,
        "body": {
          "error": "invalid credentials"
        }
      }
    },
    "userId": "69044940460b987a8555aba0",
    "brokerFunctionLogId": "a330c9c6-2f02-4b76-8173-68dc87a62f77",
    "brokerApi": {
      "functionName": "Portfolio.liveHoldings",
      "brokerName": "hdfcsky"
    }
  },
  "reqId": "2f531030-c5e9-11f0-bdec-51047f4f1818",
  "msg": "broker lib function response recieved",
  "time": "2025-11-20T08:16:16.069Z",
  "v": 0
},
{
  "name": "sc.service.sc-integrations-brokers-api",
  "version": "3.8.9",
  "hostname": "ip-10-137-0-189",
  "pid": 2717,
  "type": "SC_BROKER",
  "level": 40,
  "err": {
    "message": "Failed to fetch holdings",
    "stack": "Error: HTTP 401: {\"error\":\"invalid credentials\"}\n    at requestBroker (/deployments/sc-integrations-broker-api/node_modules/@smallcase/sc-integrations-broker-lib/src/brokers/hdfcsky/services/request.js:82:32)\n    at processTicksAndRejections (node:internal/process/task_queues:95:5)\n    at holdings (/deployments/sc-integrations-broker-api/node_modules/@smallcase/sc-integrations-broker-lib/src/brokers/hdfcsky/services/portfolio.js:38:52)\n    at Object.liveHoldings (/deployments/sc-integrations-broker-api/node_modules/@smallcase/sc-integrations-broker-lib/src/brokers/hdfcsky/services/portfolio.js:133:72)\n    at Object.liveHoldings (/deployments/sc-integrations-broker-api/node_modules/@smallcase/sc-integrations-broker-lib/src/brokers/hdfcsky/api.js:125:60)"
  },
  "context": {
    "broker": "hdfcsky",
    "msg": "Error in fetching live holdings",
    "details": {
      "options": {
        "accessToken": "REDACTED",
        "brokeruserId": "S10272",
        "apiKey": "REDACTED",
        "apiSecret": "REDACTED"
      }
    },
    "userId": "69044940460b987a8555aba0",
    "brokerFunctionLogId": "a330c9c6-2f02-4b76-8173-68dc87a62f77",
    "functionName": "Portfolio.liveHoldings",
    "brokerName": "hdfcsky"
  },
  "reqId": "2f531030-c5e9-11f0-bdec-51047f4f1818",
  "msg": "",
  "time": "2025-11-20T08:16:16.068Z",
  "v": 0
},
{
  "name": "sc.service.sc-integrations-brokers-api",
  "version": "3.8.9",
  "hostname": "ip-10-137-0-189",
  "pid": 2717,
  "type": "SC_BROKER",
  "level": 50,
  "err": {
    "message": "Request failed with status code 401",
    "name": "AxiosError",
    "stack": "AxiosError: Request failed with status code 401\n    at settle (/deployments/sc-integrations-broker-api/node_modules/axios/lib/core/settle.js:17:12)\n    at IncomingMessage.handleStreamEnd (/deployments/sc-integrations-broker-api/node_modules/axios/lib/adapters/http.js:382:11)\n    at IncomingMessage.emit (node:events:525:35)\n    at endReadableNT (node:internal/streams/readable:1359:12)\n    at processTicksAndRejections (node:internal/process/task_queues:82:21)"
  },
  "context": {
    "broker": "hdfcsky",
    "msg": "Error in request - Request failed with status code 401",
    "details": {
      "request": {
        "url": "https://developer.hdfcsky.com/oapi/v1/holdings?api_key=1bc928ff1ce54970b0a2f2ae4740dc77&client_id=S10272",
        "method": "GET",
        "headers": {
          "Authorization": "REDACTED",
          "Content-Type": "application/json"
        },
        "timeout": 20000
      },
      "userId": "S10272",
      "accessToken": "REDACTED",
      "response": {
        "error": "invalid credentials"
      }
    },
    "userId": "69044940460b987a8555aba0",
    "brokerFunctionLogId": "a330c9c6-2f02-4b76-8173-68dc87a62f77",
    "functionName": "Portfolio.liveHoldings",
    "brokerName": "hdfcsky"
  },
  "reqId": "2f531030-c5e9-11f0-bdec-51047f4f1818",
  "msg": "",
  "time": "2025-11-20T08:16:16.067Z",
  "v": 0
},
{
  "name": "sc.service.sc-integrations-brokers-api",
  "version": "3.8.9",
  "hostname": "ip-10-137-0-189",
  "pid": 2710,
  "type": "SC_BROKER",
  "level": 30,
  "context": {
    "options": {
      "accessToken": "REDACTED",
      "apiKey": "REDACTED",
      "apiSecret": "REDACTED",
      "buyAmount": 0,
      "sellAmount": 0,
      "stocksCount": 0
    },
    "response": {
      "error": null,
      "response": {
        "code": true,
        "reason": "success",
        "sufficientFunds": true,
        "requiredFunds": 0,
        "allowedSellValues": {
          "T0": 0,
          "T1": 1
        }
      }
    },
    "user": {
      "id": "69044940460b987a8555aba0"
    },
    "brokerFunctionLogId": "360bbc00-4b4f-444d-9369-1f8ba41f5ee9",
    "brokerApi": {
      "functionName": "Funds.check",
      "brokerName": "hdfcsky"
    }
  },
  "reqId": "2f3b1b60-c5e9-11f0-93c3-09a9fea7c49a",
  "msg": "broker lib function response recieved",
  "time": "2025-11-20T08:16:15.896Z",
  "v": 0
},
{
  "name": "sc.service.sc-integrations-brokers-api",
  "version": "3.8.9",
  "hostname": "ip-10-137-0-189",
  "pid": 2710,
  "type": "SC_BROKER",
  "level": 30,
  "context": {
    "options": {
      "accessToken": "REDACTED",
      "brokeruserId": "S10272",
      "gateway": true,
      "apiKey": "REDACTED",
      "apiSecret": "REDACTED"
    },
    "response": {
      "error": null,
      "response": {
        "code": true,
        "reason": "success",
        "payload": [
          {
            "isin": "INE528G01035",
            "tradingsymbol": "YESBANK",
            "brokersymbol": "11915",
            "quantity": 7,
            "averagePrice": 22.93,
            "exchange": "NSE",
            "authorisedQuantity": 7
          },
          {
            "isin": "INE092T01019",
            "tradingsymbol": "IDFCFIRSTB-EQ",
            "brokersymbol": "11184",
            "quantity": 0,
            "averagePrice": null,
            "exchange": "NSE"
          },
          {
            "isin": "INE330T01021",
            "tradingsymbol": "HAPPYFORGE-EQ",
            "brokersymbol": "20854",
            "quantity": 0,
            "averagePrice": null,
            "exchange": "NSE"
          },
          {
            "isin": "INE018A01030",
            "tradingsymbol": "LT-EQ",
            "brokersymbol": "11483",
            "quantity": 0,
            "averagePrice": null,
            "exchange": "NSE"
          },
          {
            "isin": "INE255X01014",
            "tradingsymbol": "MSTCLTD-EQ",
            "brokersymbol": "9356",
            "quantity": 0,
            "averagePrice": null,
            "exchange": "NSE"
          },
          {
            "isin": "INE318A01026",
            "tradingsymbol": "PIDILITIND-EQ",
            "brokersymbol": "2664",
            "quantity": 0,
            "averagePrice": null,
            "exchange": "NSE"
          },
          {
            "isin": "INE916U01025",
            "tradingsymbol": "SFL-EQ",
            "brokersymbol": "19184",
            "quantity": 0,
            "averagePrice": null,
            "exchange": "NSE"
          },
          {
            "isin": "INE397D01024",
            "tradingsymbol": "BHARTIARTL-EQ",
            "brokersymbol": "10604",
            "quantity": 0,
            "averagePrice": null,
            "exchange": "NSE"
          },
          {
            "isin": "INE850M01015",
            "tradingsymbol": "NORTHARC-EQ",
            "brokersymbol": "25426",
            "quantity": 0,
            "averagePrice": null,
            "exchange": "NSE"
          },
          {
            "isin": "INE121E01018",
            "tradingsymbol": "JSWENERGY-EQ",
            "brokersymbol": "17869",
            "quantity": 0,
            "averagePrice": null,
            "exchange": "NSE"
          }
        ]
      }
    },
    "userId": "69044940460b987a8555aba0",
    "brokerFunctionLogId": "326380ac-8a7c-439d-81ee-51657b70c177",
    "brokerApi": {
      "functionName": "Portfolio.liveHoldings",
      "brokerName": "hdfcsky"
    }
  },
  "reqId": "2f09ab20-c5e9-11f0-93c3-09a9fea7c49a",
  "msg": "broker lib function response recieved",
  "time": "2025-11-20T08:16:15.735Z",
  "v": 0
},
{
  "name": "sc.service.sc-integrations-brokers-api",
  "version": "3.8.9",
  "hostname": "ip-10-137-0-189",
  "pid": 2710,
  "type": "SC_BROKER",
  "level": 30,
  "context": {
    "broker": "hdfcsky",
    "msg": "Successful request",
    "details": {
      "request": {
        "url": "https://developer.hdfcsky.com/oapi/v1/positions?api_key=1bc928ff1ce54970b0a2f2ae4740dc77&client_id=S10272&type=historical",
        "method": "GET",
        "headers": {
          "Authorization": "REDACTED",
          "Content-Type": "application/json"
        },
        "timeout": 20000
      },
      "userId": "S10272",
      "accessToken": "REDACTED",
      "response": {
        "statusCode": 200,
        "body": {
          "data": [
            {
              "ltp": 79.13,
              "other_margin": null,
              "sell_amount": 12824.1,
              "exchange": "NSE",
              "net_quantity": 0,
              "token": "REDACTED",
              "average_price": 0,
              "client_id": "REDACTED",
              "cf_sell_average_price": 0,
              "cf_sell_quantity": 0,
              "pledged_quantity": 0,
              "cf_buy_quantity": 0,
              "cf_sell_amount": 0,
              "instrument_token": 11184,
              "previous_close": 79.61,
              "trading_symbol": "IDFCFIRSTB-EQ",
              "v_login_id": "S10272",
              "pro_cli": "CLIENT",
              "display_symbol": "IDFCFIRSTB",
              "user_name": "REDACTED",
              "rmtm_sell_average_price": 79.6528,
              "close_price": 0,
              "prod_type": 16,
              "multiplier": 1,
              "symbol": "IDFCFIRSTB",
              "sell_quantity": 161,
              "segment": "Capital",
              "buy_quantity": 161,
              "cf_buy_amount": 0,
              "cf_buy_average_price": 0,
              "net_amount": -10.510000000000218,
              "series": "EQ",
              "average_sell_price": 79.6527950310559,
              "xe_uuid": "INE092T01019",
              "product": "MTF",
              "rmtm_buy_average_price": 79.7181,
              "buy_amount": 12834.61,
              "average_buy_price": 79.71807453416149,
              "realized_mtm": -1
            },
            {
              "ltp": 1039.9,
              "other_margin": null,
              "sell_amount": 11381.7,
              "exchange": "NSE",
              "net_quantity": 0,
              "token": "REDACTED",
              "average_price": 0,
              "client_id": "REDACTED",
              "cf_sell_average_price": 0,
              "cf_sell_quantity": 0,
              "pledged_quantity": 0,
              "cf_buy_quantity": 0,
              "cf_sell_amount": 0,
              "instrument_token": 20854,
              "previous_close": 1033.5,
              "trading_symbol": "HAPPYFORGE-EQ",
              "v_login_id": "S10272",
              "pro_cli": "CLIENT",
              "display_symbol": "HAPPYFORGE",
              "user_name": "REDACTED",
              "rmtm_sell_average_price": 1034.7,
              "close_price": 0,
              "prod_type": 16,
              "multiplier": 1,
              "symbol": "HAPPYFORGE",
              "sell_quantity": 11,
              "segment": "Capital",
              "buy_quantity": 11,
              "cf_buy_amount": 0,
              "cf_buy_average_price": 0,
              "net_amount": -16.099999999998545,
              "series": "EQ",
              "average_sell_price": 1034.7,
              "xe_uuid": "INE330T01021",
              "product": "MTF",
              "rmtm_buy_average_price": 1036.1636,
              "buy_amount": 11397.8,
              "average_buy_price": 1036.1636363636362,
              "realized_mtm": -1
            },
            {
              "ltp": 4032.8,
              "other_margin": null,
              "sell_amount": 12070.9,
              "exchange": "NSE",
              "net_quantity": 0,
              "token": "REDACTED",
              "average_price": 0,
              "client_id": "REDACTED",
              "cf_sell_average_price": 0,
              "cf_sell_quantity": 0,
              "pledged_quantity": 0,
              "cf_buy_quantity": 0,
              "cf_sell_amount": 0,
              "instrument_token": 11483,
              "previous_close": 4019.6,
              "trading_symbol": "LT-EQ",
              "v_login_id": "S10272",
              "pro_cli": "CLIENT",
              "display_symbol": "LT",
              "user_name": "REDACTED",
              "rmtm_sell_average_price": 4023.6333,
              "close_price": 0,
              "prod_type": 16,
              "multiplier": 1,
              "symbol": "LT",
              "sell_quantity": 3,
              "segment": "Capital",
              "buy_quantity": 3,
              "cf_buy_amount": 0,
              "cf_buy_average_price": 0,
              "net_amount": -7.5,
              "series": "EQ",
              "average_sell_price": 4023.633333333333,
              "xe_uuid": "INE018A01030",
              "product": "MTF",
              "rmtm_buy_average_price": 4026.1333,
              "buy_amount": 12078.4,
              "average_buy_price": 4026.133333333333,
              "realized_mtm": -1
            },
            {
              "ltp": 504.5,
              "other_margin": null,
              "sell_amount": 12092.849999999999,
              "exchange": "NSE",
              "net_quantity": 0,
              "token": "REDACTED",
              "average_price": 0,
              "client_id": "REDACTED",
              "cf_sell_average_price": 0,
              "cf_sell_quantity": 0,
              "pledged_quantity": 0,
              "cf_buy_quantity": 0,
              "cf_sell_amount": 0,
              "instrument_token": 9356,
              "previous_close": 500.95,
              "trading_symbol": "MSTCLTD-EQ",
              "v_login_id": "S10272",
              "pro_cli": "CLIENT",
              "display_symbol": "MSTCLTD",
              "user_name": "REDACTED",
              "rmtm_sell_average_price": 503.8687,
              "close_price": 0,
              "prod_type": 16,
              "multiplier": 1,
              "symbol": "MSTCLTD",
              "sell_quantity": 24,
              "segment": "Capital",
              "buy_quantity": 24,
              "cf_buy_amount": 0,
              "cf_buy_average_price": 0,
              "net_amount": -10.350000000002183,
              "series": "EQ",
              "average_sell_price": 503.8687499999999,
              "xe_uuid": "INE255X01014",
              "product": "MTF",
              "rmtm_buy_average_price": 504.3,
              "buy_amount": 12103.2,
              "average_buy_price": 504.3,
              "realized_mtm": -1
            },
            {
              "ltp": 1492,
              "other_margin": null,
              "sell_amount": 8925.800000000001,
              "exchange": "NSE",
              "net_quantity": 0,
              "token": "REDACTED",
              "average_price": 0,
              "client_id": "REDACTED",
              "cf_sell_average_price": 0,
              "cf_sell_quantity": 0,
              "pledged_quantity": 0,
              "cf_buy_quantity": 0,
              "cf_sell_amount": 0,
              "instrument_token": 2664,
              "previous_close": 1476.7,
              "trading_symbol": "PIDILITIND-EQ",
              "v_login_id": "S10272",
              "pro_cli": "CLIENT",
              "display_symbol": "PIDILITIND",
              "user_name": "REDACTED",
              "rmtm_sell_average_price": 1487.6333,
              "close_price": 0,
              "prod_type": 16,
              "multiplier": 1,
              "symbol": "PIDILITIND",
              "sell_quantity": 6,
              "segment": "Capital",
              "buy_quantity": 6,
              "cf_buy_amount": 0,
              "cf_buy_average_price": 0,
              "net_amount": 1.4000000000014552,
              "series": "EQ",
              "average_sell_price": 1487.6333333333334,
              "xe_uuid": "INE318A01026",
              "product": "MTF",
              "rmtm_buy_average_price": 1487.4,
              "buy_amount": 8924.4,
              "average_buy_price": 1487.3999999999999,
              "realized_mtm": 0
            },
            {
              "ltp": 613,
              "other_margin": null,
              "sell_amount": 12379.1,
              "exchange": "NSE",
              "net_quantity": 0,
              "token": "REDACTED",
              "average_price": 0,
              "client_id": "REDACTED",
              "cf_sell_average_price": 0,
              "cf_sell_quantity": 0,
              "pledged_quantity": 0,
              "cf_buy_quantity": 0,
              "cf_sell_amount": 0,
              "instrument_token": 19184,
              "previous_close": 616.35,
              "trading_symbol": "SFL-EQ",
              "v_login_id": "S10272",
              "pro_cli": "CLIENT",
              "display_symbol": "SFL",
              "user_name": "REDACTED",
              "rmtm_sell_average_price": 618.955,
              "close_price": 0,
              "prod_type": 16,
              "multiplier": 1,
              "symbol": "SFL",
              "sell_quantity": 20,
              "segment": "Capital",
              "buy_quantity": 20,
              "cf_buy_amount": 0,
              "cf_buy_average_price": 0,
              "net_amount": -12.099999999998545,
              "series": "EQ",
              "average_sell_price": 618.955,
              "xe_uuid": "INE916U01025",
              "product": "MTF",
              "rmtm_buy_average_price": 619.56,
              "buy_amount": 12391.199999999999,
              "average_buy_price": 619.56,
              "realized_mtm": -1
            },
            {
              "ltp": 2159.6,
              "other_margin": null,
              "sell_amount": 10772.8,
              "exchange": "NSE",
              "net_quantity": 0,
              "token": "REDACTED",
              "average_price": 0,
              "client_id": "REDACTED",
              "cf_sell_average_price": 0,
              "cf_sell_quantity": 0,
              "pledged_quantity": 0,
              "cf_buy_quantity": 0,
              "cf_sell_amount": 0,
              "instrument_token": 10604,
              "previous_close": 2159.8,
              "trading_symbol": "BHARTIARTL-EQ",
              "v_login_id": "S10272",
              "pro_cli": "CLIENT",
              "display_symbol": "BHARTIARTL",
              "user_name": "REDACTED",
              "rmtm_sell_average_price": 2154.56,
              "close_price": 0,
              "prod_type": 16,
              "multiplier": 1,
              "symbol": "BHARTIARTL",
              "sell_quantity": 5,
              "segment": "Capital",
              "buy_quantity": 5,
              "cf_buy_amount": 0,
              "cf_buy_average_price": 0,
              "net_amount": -0.4000000000014552,
              "series": "EQ",
              "average_sell_price": 2154.56,
              "xe_uuid": "INE397D01024",
              "product": "MTF",
              "rmtm_buy_average_price": 2154.64,
              "buy_amount": 10773.2,
              "average_buy_price": 2154.6400000000003,
              "realized_mtm": 0
            },
            {
              "ltp": 256.1,
              "other_margin": null,
              "sell_amount": 12558.95,
              "exchange": "NSE",
              "net_quantity": 0,
              "token": "REDACTED",
              "average_price": 0,
              "client_id": "REDACTED",
              "cf_sell_average_price": 0,
              "cf_sell_quantity": 0,
              "pledged_quantity": 0,
              "cf_buy_quantity": 0,
              "cf_sell_amount": 0,
              "instrument_token": 25426,
              "previous_close": 256.4,
              "trading_symbol": "NORTHARC-EQ",
              "v_login_id": "S10272",
              "pro_cli": "CLIENT",
              "display_symbol": "NORTHARC",
              "user_name": "REDACTED",
              "rmtm_sell_average_price": 256.3051,
              "close_price": 0,
              "prod_type": 16,
              "multiplier": 1,
              "symbol": "NORTHARC",
              "sell_quantity": 49,
              "segment": "Capital",
              "buy_quantity": 49,
              "cf_buy_amount": 0,
              "cf_buy_average_price": 0,
              "net_amount": -7.099999999998545,
              "series": "EQ",
              "average_sell_price": 256.30510204081634,
              "xe_uuid": "INE850M01015",
              "product": "MTF",
              "rmtm_buy_average_price": 256.45,
              "buy_amount": 12566.05,
              "average_buy_price": 256.45,
              "realized_mtm": 0
            },
            {
              "ltp": 507.9,
              "other_margin": null,
              "sell_amount": 12255.6,
              "exchange": "NSE",
              "net_quantity": 0,
              "token": "REDACTED",
              "average_price": 0,
              "client_id": "REDACTED",
              "cf_sell_average_price": 0,
              "cf_sell_quantity": 0,
              "pledged_quantity": 0,
              "cf_buy_quantity": 0,
              "cf_sell_amount": 0,
              "instrument_token": 17869,
              "previous_close": 513.65,
              "trading_symbol": "JSWENERGY-EQ",
              "v_login_id": "S10272",
              "pro_cli": "CLIENT",
              "display_symbol": "JSWENERGY",
              "user_name": "REDACTED",
              "rmtm_sell_average_price": 510.65,
              "close_price": 0,
              "prod_type": 16,
              "multiplier": 1,
              "symbol": "JSWENERGY",
              "sell_quantity": 24,
              "segment": "Capital",
              "buy_quantity": 24,
              "cf_buy_amount": 0,
              "cf_buy_average_price": 0,
              "net_amount": -7.199999999998909,
              "series": "EQ",
              "average_sell_price": 510.65000000000003,
              "xe_uuid": "INE121E01018",
              "product": "MTF",
              "rmtm_buy_average_price": 510.95,
              "buy_amount": 12262.8,
              "average_buy_price": 510.95,
              "realized_mtm": 0
            }
          ],
          "message": "",
          "status": "success"
        }
      },
      "responseString": {
        "data": [
          {
            "ltp": 79.13,
            "other_margin": null,
            "sell_amount": 12824.1,
            "exchange": "NSE",
            "net_quantity": 0,
            "token": "REDACTED",
            "average_price": 0,
            "client_id": "REDACTED",
            "cf_sell_average_price": 0,
            "cf_sell_quantity": 0,
            "pledged_quantity": 0,
            "cf_buy_quantity": 0,
            "cf_sell_amount": 0,
            "instrument_token": 11184,
            "previous_close": 79.61,
            "trading_symbol": "IDFCFIRSTB-EQ",
            "v_login_id": "S10272",
            "pro_cli": "CLIENT",
            "display_symbol": "IDFCFIRSTB",
            "user_name": "REDACTED",
            "rmtm_sell_average_price": 79.6528,
            "close_price": 0,
            "prod_type": 16,
            "multiplier": 1,
            "symbol": "IDFCFIRSTB",
            "sell_quantity": 161,
            "segment": "Capital",
            "buy_quantity": 161,
            "cf_buy_amount": 0,
            "cf_buy_average_price": 0,
            "net_amount": -10.510000000000218,
            "series": "EQ",
            "average_sell_price": 79.6527950310559,
            "xe_uuid": "INE092T01019",
            "product": "MTF",
            "rmtm_buy_average_price": 79.7181,
            "buy_amount": 12834.61,
            "average_buy_price": 79.71807453416149,
            "realized_mtm": -1
          },
          {
            "ltp": 1039.9,
            "other_margin": null,
            "sell_amount": 11381.7,
            "exchange": "NSE",
            "net_quantity": 0,
            "token": "REDACTED",
            "average_price": 0,
            "client_id": "REDACTED",
            "cf_sell_average_price": 0,
            "cf_sell_quantity": 0,
            "pledged_quantity": 0,
            "cf_buy_quantity": 0,
            "cf_sell_amount": 0,
            "instrument_token": 20854,
            "previous_close": 1033.5,
            "trading_symbol": "HAPPYFORGE-EQ",
            "v_login_id": "S10272",
            "pro_cli": "CLIENT",
            "display_symbol": "HAPPYFORGE",
            "user_name": "REDACTED",
            "rmtm_sell_average_price": 1034.7,
            "close_price": 0,
            "prod_type": 16,
            "multiplier": 1,
            "symbol": "HAPPYFORGE",
            "sell_quantity": 11,
            "segment": "Capital",
            "buy_quantity": 11,
            "cf_buy_amount": 0,
            "cf_buy_average_price": 0,
            "net_amount": -16.099999999998545,
            "series": "EQ",
            "average_sell_price": 1034.7,
            "xe_uuid": "INE330T01021",
            "product": "MTF",
            "rmtm_buy_average_price": 1036.1636,
            "buy_amount": 11397.8,
            "average_buy_price": 1036.1636363636362,
            "realized_mtm": -1
          },
          {
            "ltp": 4032.8,
            "other_margin": null,
            "sell_amount": 12070.9,
            "exchange": "NSE",
            "net_quantity": 0,
            "token": "REDACTED",
            "average_price": 0,
            "client_id": "REDACTED",
            "cf_sell_average_price": 0,
            "cf_sell_quantity": 0,
            "pledged_quantity": 0,
            "cf_buy_quantity": 0,
            "cf_sell_amount": 0,
            "instrument_token": 11483,
            "previous_close": 4019.6,
            "trading_symbol": "LT-EQ",
            "v_login_id": "S10272",
            "pro_cli": "CLIENT",
            "display_symbol": "LT",
            "user_name": "REDACTED",
            "rmtm_sell_average_price": 4023.6333,
            "close_price": 0,
            "prod_type": 16,
            "multiplier": 1,
            "symbol": "LT",
            "sell_quantity": 3,
            "segment": "Capital",
            "buy_quantity": 3,
            "cf_buy_amount": 0,
            "cf_buy_average_price": 0,
            "net_amount": -7.5,
            "series": "EQ",
            "average_sell_price": 4023.633333333333,
            "xe_uuid": "INE018A01030",
            "product": "MTF",
            "rmtm_buy_average_price": 4026.1333,
            "buy_amount": 12078.4,
            "average_buy_price": 4026.133333333333,
            "realized_mtm": -1
          },
          {
            "ltp": 504.5,
            "other_margin": null,
            "sell_amount": 12092.849999999999,
            "exchange": "NSE",
            "net_quantity": 0,
            "token": "REDACTED",
            "average_price": 0,
            "client_id": "REDACTED",
            "cf_sell_average_price": 0,
            "cf_sell_quantity": 0,
            "pledged_quantity": 0,
            "cf_buy_quantity": 0,
            "cf_sell_amount": 0,
            "instrument_token": 9356,
            "previous_close": 500.95,
            "trading_symbol": "MSTCLTD-EQ",
            "v_login_id": "S10272",
            "pro_cli": "CLIENT",
            "display_symbol": "MSTCLTD",
            "user_name": "REDACTED",
            "rmtm_sell_average_price": 503.8687,
            "close_price": 0,
            "prod_type": 16,
            "multiplier": 1,
            "symbol": "MSTCLTD",
            "sell_quantity": 24,
            "segment": "Capital",
            "buy_quantity": 24,
            "cf_buy_amount": 0,
            "cf_buy_average_price": 0,
            "net_amount": -10.350000000002183,
            "series": "EQ",
            "average_sell_price": 503.8687499999999,
            "xe_uuid": "INE255X01014",
            "product": "MTF",
            "rmtm_buy_average_price": 504.3,
            "buy_amount": 12103.2,
            "average_buy_price": 504.3,
            "realized_mtm": -1
          },
          {
            "ltp": 1492,
            "other_margin": null,
            "sell_amount": 8925.800000000001,
            "exchange": "NSE",
            "net_quantity": 0,
            "token": "REDACTED",
            "average_price": 0,
            "client_id": "REDACTED",
            "cf_sell_average_price": 0,
            "cf_sell_quantity": 0,
            "pledged_quantity": 0,
            "cf_buy_quantity": 0,
            "cf_sell_amount": 0,
            "instrument_token": 2664,
            "previous_close": 1476.7,
            "trading_symbol": "PIDILITIND-EQ",
            "v_login_id": "S10272",
            "pro_cli": "CLIENT",
            "display_symbol": "PIDILITIND",
            "user_name": "REDACTED",
            "rmtm_sell_average_price": 1487.6333,
            "close_price": 0,
            "prod_type": 16,
            "multiplier": 1,
            "symbol": "PIDILITIND",
            "sell_quantity": 6,
            "segment": "Capital",
            "buy_quantity": 6,
            "cf_buy_amount": 0,
            "cf_buy_average_price": 0,
            "net_amount": 1.4000000000014552,
            "series": "EQ",
            "average_sell_price": 1487.6333333333334,
            "xe_uuid": "INE318A01026",
            "product": "MTF",
            "rmtm_buy_average_price": 1487.4,
            "buy_amount": 8924.4,
            "average_buy_price": 1487.3999999999999,
            "realized_mtm": 0
          },
          {
            "ltp": 613,
            "other_margin": null,
            "sell_amount": 12379.1,
            "exchange": "NSE",
            "net_quantity": 0,
            "token": "REDACTED",
            "average_price": 0,
            "client_id": "REDACTED",
            "cf_sell_average_price": 0,
            "cf_sell_quantity": 0,
            "pledged_quantity": 0,
            "cf_buy_quantity": 0,
            "cf_sell_amount": 0,
            "instrument_token": 19184,
            "previous_close": 616.35,
            "trading_symbol": "SFL-EQ",
            "v_login_id": "S10272",
            "pro_cli": "CLIENT",
            "display_symbol": "SFL",
            "user_name": "REDACTED",
            "rmtm_sell_average_price": 618.955,
            "close_price": 0,
            "prod_type": 16,
            "multiplier": 1,
            "symbol": "SFL",
            "sell_quantity": 20,
            "segment": "Capital",
            "buy_quantity": 20,
            "cf_buy_amount": 0,
            "cf_buy_average_price": 0,
            "net_amount": -12.099999999998545,
            "series": "EQ",
            "average_sell_price": 618.955,
            "xe_uuid": "INE916U01025",
            "product": "MTF",
            "rmtm_buy_average_price": 619.56,
            "buy_amount": 12391.199999999999,
            "average_buy_price": 619.56,
            "realized_mtm": -1
          },
          {
            "ltp": 2159.6,
            "other_margin": null,
            "sell_amount": 10772.8,
            "exchange": "NSE",
            "net_quantity": 0,
            "token": "REDACTED",
            "average_price": 0,
            "client_id": "REDACTED",
            "cf_sell_average_price": 0,
            "cf_sell_quantity": 0,
            "pledged_quantity": 0,
            "cf_buy_quantity": 0,
            "cf_sell_amount": 0,
            "instrument_token": 10604,
            "previous_close": 2159.8,
            "trading_symbol": "BHARTIARTL-EQ",
            "v_login_id": "S10272",
            "pro_cli": "CLIENT",
            "display_symbol": "BHARTIARTL",
            "user_name": "REDACTED",
            "rmtm_sell_average_price": 2154.56,
            "close_price": 0,
            "prod_type": 16,
            "multiplier": 1,
            "symbol": "BHARTIARTL",
            "sell_quantity": 5,
            "segment": "Capital",
            "buy_quantity": 5,
            "cf_buy_amount": 0,
            "cf_buy_average_price": 0,
            "net_amount": -0.4000000000014552,
            "series": "EQ",
            "average_sell_price": 2154.56,
            "xe_uuid": "INE397D01024",
            "product": "MTF",
            "rmtm_buy_average_price": 2154.64,
            "buy_amount": 10773.2,
            "average_buy_price": 2154.6400000000003,
            "realized_mtm": 0
          },
          {
            "ltp": 256.1,
            "other_margin": null,
            "sell_amount": 12558.95,
            "exchange": "NSE",
            "net_quantity": 0,
            "token": "REDACTED",
            "average_price": 0,
            "client_id": "REDACTED",
            "cf_sell_average_price": 0,
            "cf_sell_quantity": 0,
            "pledged_quantity": 0,
            "cf_buy_quantity": 0,
            "cf_sell_amount": 0,
            "instrument_token": 25426,
            "previous_close": 256.4,
            "trading_symbol": "NORTHARC-EQ",
            "v_login_id": "S10272",
            "pro_cli": "CLIENT",
            "display_symbol": "NORTHARC",
            "user_name": "REDACTED",
            "rmtm_sell_average_price": 256.3051,
            "close_price": 0,
            "prod_type": 16,
            "multiplier": 1,
            "symbol": "NORTHARC",
            "sell_quantity": 49,
            "segment": "Capital",
            "buy_quantity": 49,
            "cf_buy_amount": 0,
            "cf_buy_average_price": 0,
            "net_amount": -7.099999999998545,
            "series": "EQ",
            "average_sell_price": 256.30510204081634,
            "xe_uuid": "INE850M01015",
            "product": "MTF",
            "rmtm_buy_average_price": 256.45,
            "buy_amount": 12566.05,
            "average_buy_price": 256.45,
            "realized_mtm": 0
          },
          {
            "ltp": 507.9,
            "other_margin": null,
            "sell_amount": 12255.6,
            "exchange": "NSE",
            "net_quantity": 0,
            "token": "REDACTED",
            "average_price": 0,
            "client_id": "REDACTED",
            "cf_sell_average_price": 0,
            "cf_sell_quantity": 0,
            "pledged_quantity": 0,
            "cf_buy_quantity": 0,
            "cf_sell_amount": 0,
            "instrument_token": 17869,
            "previous_close": 513.65,
            "trading_symbol": "JSWENERGY-EQ",
            "v_login_id": "S10272",
            "pro_cli": "CLIENT",
            "display_symbol": "JSWENERGY",
            "user_name": "REDACTED",
            "rmtm_sell_average_price": 510.65,
            "close_price": 0,
            "prod_type": 16,
            "multiplier": 1,
            "symbol": "JSWENERGY",
            "sell_quantity": 24,
            "segment": "Capital",
            "buy_quantity": 24,
            "cf_buy_amount": 0,
            "cf_buy_average_price": 0,
            "net_amount": -7.199999999998909,
            "series": "EQ",
            "average_sell_price": 510.65000000000003,
            "xe_uuid": "INE121E01018",
            "product": "MTF",
            "rmtm_buy_average_price": 510.95,
            "buy_amount": 12262.8,
            "average_buy_price": 510.95,
            "realized_mtm": 0
          }
        ],
        "message": "",
        "status": "success"
      }
    },
    "userId": "69044940460b987a8555aba0",
    "brokerFunctionLogId": "326380ac-8a7c-439d-81ee-51657b70c177",
    "functionName": "Portfolio.liveHoldings",
    "brokerName": "hdfcsky"
  },
  "reqId": "2f09ab20-c5e9-11f0-93c3-09a9fea7c49a",
  "msg": "",
  "time": "2025-11-20T08:16:15.732Z",
  "v": 0
},
{
  "name": "sc.service.sc-integrations-brokers-api",
  "version": "3.8.9",
  "hostname": "ip-10-137-0-189",
  "pid": 2717,
  "type": "SC_BROKER",
  "level": 30,
  "context": {
    "options": {
      "accessToken": "REDACTED",
      "brokeruserId": "S10272",
      "apiKey": "REDACTED",
      "apiSecret": "REDACTED"
    },
    "response": {
      "error": {
        "code": false,
        "reason": "error",
        "message": "Failed to fetch holdings",
        "stack": "Error: HTTP 401: {\"error\":\"invalid credentials\"}\n    at requestBroker (/deployments/sc-integrations-broker-api/node_modules/@smallcase/sc-integrations-broker-lib/src/brokers/hdfcsky/services/request.js:82:32)\n    at processTicksAndRejections (node:internal/process/task_queues:95:5)\n    at holdings (/deployments/sc-integrations-broker-api/node_modules/@smallcase/sc-integrations-broker-lib/src/brokers/hdfcsky/services/portfolio.js:38:52)\n    at Object.liveHoldings (/deployments/sc-integrations-broker-api/node_modules/@smallcase/sc-integrations-broker-lib/src/brokers/hdfcsky/services/portfolio.js:133:72)\n    at Object.liveHoldings (/deployments/sc-integrations-broker-api/node_modules/@smallcase/sc-integrations-broker-lib/src/brokers/hdfcsky/api.js:125:60)",
        "statusCode": 401,
        "body": {
          "error": "invalid credentials"
        }
      },
      "response": {
        "code": false,
        "reason": "error",
        "message": "Failed to fetch holdings",
        "stack": "Error: HTTP 401: {\"error\":\"invalid credentials\"}\n    at requestBroker (/deployments/sc-integrations-broker-api/node_modules/@smallcase/sc-integrations-broker-lib/src/brokers/hdfcsky/services/request.js:82:32)\n    at processTicksAndRejections (node:internal/process/task_queues:95:5)\n    at holdings (/deployments/sc-integrations-broker-api/node_modules/@smallcase/sc-integrations-broker-lib/src/brokers/hdfcsky/services/portfolio.js:38:52)\n    at Object.liveHoldings (/deployments/sc-integrations-broker-api/node_modules/@smallcase/sc-integrations-broker-lib/src/brokers/hdfcsky/services/portfolio.js:133:72)\n    at Object.liveHoldings (/deployments/sc-integrations-broker-api/node_modules/@smallcase/sc-integrations-broker-lib/src/brokers/hdfcsky/api.js:125:60)",
        "statusCode": 401,
        "body": {
          "error": "invalid credentials"
        }
      }
    },
    "userId": "69044940460b987a8555aba0",
    "brokerFunctionLogId": "100778a2-aa29-423a-9aec-bb890758c206",
    "brokerApi": {
      "functionName": "Portfolio.liveHoldings",
      "brokerName": "hdfcsky"
    }
  },
  "reqId": "2f1da850-c5e9-11f0-bdec-51047f4f1818",
  "msg": "broker lib function response recieved",
  "time": "2025-11-20T08:16:15.724Z",
  "v": 0
},
{
  "name": "sc.service.sc-integrations-brokers-api",
  "version": "3.8.9",
  "hostname": "ip-10-137-0-189",
  "pid": 2717,
  "type": "SC_BROKER",
  "level": 50,
  "err": {
    "message": "Request failed with status code 401",
    "name": "AxiosError",
    "stack": "AxiosError: Request failed with status code 401\n    at settle (/deployments/sc-integrations-broker-api/node_modules/axios/lib/core/settle.js:17:12)\n    at IncomingMessage.handleStreamEnd (/deployments/sc-integrations-broker-api/node_modules/axios/lib/adapters/http.js:382:11)\n    at IncomingMessage.emit (node:events:525:35)\n    at endReadableNT (node:internal/streams/readable:1359:12)\n    at processTicksAndRejections (node:internal/process/task_queues:82:21)"
  },
  "context": {
    "broker": "hdfcsky",
    "msg": "Error in request - Request failed with status code 401",
    "details": {
      "request": {
        "url": "https://developer.hdfcsky.com/oapi/v1/holdings?api_key=1bc928ff1ce54970b0a2f2ae4740dc77&client_id=S10272",
        "method": "GET",
        "headers": {
          "Authorization": "REDACTED",
          "Content-Type": "application/json"
        },
        "timeout": 20000
      },
      "userId": "S10272",
      "accessToken": "REDACTED",
      "response": {
        "error": "invalid credentials"
      }
    },
    "userId": "69044940460b987a8555aba0",
    "brokerFunctionLogId": "100778a2-aa29-423a-9aec-bb890758c206",
    "functionName": "Portfolio.liveHoldings",
    "brokerName": "hdfcsky"
  },
  "reqId": "2f1da850-c5e9-11f0-bdec-51047f4f1818",
  "msg": "",
  "time": "2025-11-20T08:16:15.723Z",
  "v": 0
},
{
  "name": "sc.service.sc-integrations-brokers-api",
  "version": "3.8.9",
  "hostname": "ip-10-137-0-189",
  "pid": 2717,
  "type": "SC_BROKER",
  "level": 40,
  "err": {
    "message": "Failed to fetch holdings",
    "stack": "Error: HTTP 401: {\"error\":\"invalid credentials\"}\n    at requestBroker (/deployments/sc-integrations-broker-api/node_modules/@smallcase/sc-integrations-broker-lib/src/brokers/hdfcsky/services/request.js:82:32)\n    at processTicksAndRejections (node:internal/process/task_queues:95:5)\n    at holdings (/deployments/sc-integrations-broker-api/node_modules/@smallcase/sc-integrations-broker-lib/src/brokers/hdfcsky/services/portfolio.js:38:52)\n    at Object.liveHoldings (/deployments/sc-integrations-broker-api/node_modules/@smallcase/sc-integrations-broker-lib/src/brokers/hdfcsky/services/portfolio.js:133:72)\n    at Object.liveHoldings (/deployments/sc-integrations-broker-api/node_modules/@smallcase/sc-integrations-broker-lib/src/brokers/hdfcsky/api.js:125:60)"
  },
  "context": {
    "broker": "hdfcsky",
    "msg": "Error in fetching live holdings",
    "details": {
      "options": {
        "accessToken": "REDACTED",
        "brokeruserId": "S10272",
        "apiKey": "REDACTED",
        "apiSecret": "REDACTED"
      }
    },
    "userId": "69044940460b987a8555aba0",
    "brokerFunctionLogId": "100778a2-aa29-423a-9aec-bb890758c206",
    "functionName": "Portfolio.liveHoldings",
    "brokerName": "hdfcsky"
  },
  "reqId": "2f1da850-c5e9-11f0-bdec-51047f4f1818",
  "msg": "",
  "time": "2025-11-20T08:16:15.723Z",
  "v": 0
},
{
  "name": "sc.service.sc-integrations-brokers-api",
  "version": "3.8.9",
  "hostname": "ip-10-137-0-189",
  "pid": 2710,
  "type": "SC_BROKER",
  "level": 30,
  "context": {
    "broker": "hdfcsky",
    "msg": "Successful request",
    "details": {
      "request": {
        "url": "https://developer.hdfcsky.com/oapi/v1/holdings?api_key=1bc928ff1ce54970b0a2f2ae4740dc77&client_id=S10272",
        "method": "GET",
        "headers": {
          "Authorization": "REDACTED",
          "Content-Type": "application/json"
        },
        "timeout": 20000
      },
      "userId": "S10272",
      "accessToken": "REDACTED",
      "response": {
        "statusCode": 200,
        "body": {
          "data": {
            "holdings": [
              {
                "exchange": "NSE",
                "pending_quantity": 4,
                "t2_quantity": 0,
                "squared_off_free_quantity": 0,
                "free_quantity": 3,
                "t2_price": 0,
                "ltp": 22.73,
                "pms_quantity": 7,
                "t0_quantity": 0,
                "squared_off_pledge_quantity": 0,
                "net_holding_quantity": 7,
                "buy_avg": 22.93,
                "buy_avg_mtm": -1.399999999999995,
                "client_id": "REDACTED",
                "instrument_details": {
                  "exchange": 1,
                  "instrument_name": "EQ",
                  "instrument_token": 11915,
                  "trading_symbol": "YESBANK-EQ"
                },
                "pledge_percentage": 70,
                "pledge_value": 0,
                "trading_symbol": "YESBANK",
                "quantity": 7,
                "symbol": "YESBANK",
                "t1_price": 0,
                "used_quantity": 0,
                "isin": "INE528G01035",
                "today_unpledge_quantity": 0,
                "pledge_allow": true,
                "transaction_type": "",
                "pledge_quantity": 0,
                "today_pledge_quantity": 0,
                "token": "REDACTED",
                "t1_quantity": 0,
                "branch_code": "",
                "t0_price": 0,
                "actual_buy_avg": 22.93,
                "previous_close": 22.93
              }
            ]
          },
          "message": "",
          "status": "success"
        }
      },
      "responseString": {
        "data": {
          "holdings": [
            {
              "exchange": "NSE",
              "pending_quantity": 4,
              "t2_quantity": 0,
              "squared_off_free_quantity": 0,
              "free_quantity": 3,
              "t2_price": 0,
              "ltp": 22.73,
              "pms_quantity": 7,
              "t0_quantity": 0,
              "squared_off_pledge_quantity": 0,
              "net_holding_quantity": 7,
              "buy_avg": 22.93,
              "buy_avg_mtm": -1.399999999999995,
              "client_id": "REDACTED",
              "instrument_details": {
                "exchange": 1,
                "instrument_name": "EQ",
                "instrument_token": 11915,
                "trading_symbol": "YESBANK-EQ"
              },
              "pledge_percentage": 70,
              "pledge_value": 0,
              "trading_symbol": "YESBANK",
              "quantity": 7,
              "symbol": "YESBANK",
              "t1_price": 0,
              "used_quantity": 0,
              "isin": "INE528G01035",
              "today_unpledge_quantity": 0,
              "pledge_allow": true,
              "transaction_type": "",
              "pledge_quantity": 0,
              "today_pledge_quantity": 0,
              "token": "REDACTED",
              "t1_quantity": 0,
              "branch_code": "",
              "t0_price": 0,
              "actual_buy_avg": 22.93,
              "previous_close": 22.93
            }
          ]
        },
        "message": "",
        "status": "success"
      }
    },
    "userId": "69044940460b987a8555aba0",
    "brokerFunctionLogId": "326380ac-8a7c-439d-81ee-51657b70c177",
    "functionName": "Portfolio.liveHoldings",
    "brokerName": "hdfcsky"
  },
  "reqId": "2f09ab20-c5e9-11f0-93c3-09a9fea7c49a",
  "msg": "",
  "time": "2025-11-20T08:16:15.628Z",
  "v": 0
},
{
  "name": "sc.service.sc-integrations-brokers-api",
  "version": "3.8.9",
  "hostname": "ip-10-137-0-189",
  "pid": 2710,
  "type": "SC_BROKER",
  "level": 30,
  "context": {
    "options": {
      "accessToken": "REDACTED",
      "apiKey": "REDACTED",
      "apiSecret": "REDACTED",
      "buyAmount": 0,
      "sellAmount": 0,
      "stocksCount": 0
    },
    "response": {
      "error": null,
      "response": {
        "code": true,
        "reason": "success",
        "sufficientFunds": true,
        "requiredFunds": 0,
        "allowedSellValues": {
          "T0": 0,
          "T1": 1
        }
      }
    },
    "user": {
      "id": "69044940460b987a8555aba0"
    },
    "brokerFunctionLogId": "9cf25835-707d-4aa8-b3a4-280977f3d831",
    "brokerApi": {
      "functionName": "Funds.check",
      "brokerName": "hdfcsky"
    }
  },
  "reqId": "2f07d660-c5e9-11f0-93c3-09a9fea7c49a",
  "msg": "broker lib function response recieved",
  "time": "2025-11-20T08:16:15.561Z",
  "v": 0
},
{
  "name": "sc.service.sc-integrations-brokers-api",
  "version": "3.8.9",
  "hostname": "ip-10-137-0-189",
  "pid": 2717,
  "type": "SC_BROKER",
  "level": 30,
  "context": {
    "options": {
      "accessToken": "REDACTED",
      "apiKey": "REDACTED",
      "apiSecret": "REDACTED",
      "buyAmount": 0,
      "sellAmount": 0,
      "stocksCount": 0
    },
    "response": {
      "error": null,
      "response": {
        "code": true,
        "reason": "success",
        "sufficientFunds": true,
        "requiredFunds": 0,
        "allowedSellValues": {
          "T0": 0,
          "T1": 1
        }
      }
    },
    "user": {
      "id": "69044940460b987a8555aba0"
    },
    "brokerFunctionLogId": "5c2b6277-7abf-440a-8e76-56c45e606806",
    "brokerApi": {
      "functionName": "Funds.check",
      "brokerName": "hdfcsky"
    }
  },
  "reqId": "2ee4e510-c5e9-11f0-bdec-51047f4f1818",
  "msg": "broker lib function response recieved",
  "time": "2025-11-20T08:16:15.331Z",
  "v": 0
},
{
  "name": "sc.service.sc-integrations-brokers-api",
  "version": "3.8.9",
  "hostname": "ip-10-137-0-189",
  "pid": 2710,
  "type": "SC_BROKER",
  "level": 30,
  "context": {
    "options": {
      "segment": "equity",
      "accessToken": "REDACTED",
      "ipAddress": "REDACTED",
      "clientDetails": {
        "channel": "web",
        "channelIp": "2405:201:5004:3c3:ac14:7eb:f6d9:1819",
        "appInstallId": "e18d5850-8500-5448-b192-c39fa80551ae",
        "appVersion": "1.0.0",
        "userAgent": "Mozilla/5.0 (Macintosh; Intel Mac OS X 10_15_7) AppleWebKit/537.36 (KHTML, like Gecko) Chrome/142.0.0.0 Safari/537.36"
      },
      "apiKey": "REDACTED",
      "apiSecret": "REDACTED"
    },
    "response": {
      "error": null,
      "response": {
        "code": true,
        "reason": "success",
        "message": "Session check successful"
      }
    },
    "userId": "69045647228214990ee7483a",
    "brokerFunctionLogId": "5de27f8b-84b2-47ed-a571-7999da30c13d",
    "brokerApi": {
      "functionName": "User.checkSession",
      "brokerName": "hdfcsky"
    }
  },
  "reqId": "ea32e7c0-c5e6-11f0-93c3-09a9fea7c49a",
  "msg": "broker lib function response recieved",
  "time": "2025-11-20T08:00:01.150Z",
  "v": 0
},
{
  "name": "sc.service.sc-integrations-brokers-api",
  "version": "3.8.9",
  "hostname": "ip-10-137-0-189",
  "pid": 2710,
  "type": "SC_BROKER",
  "level": 30,
  "context": {
    "broker": "hdfcsky",
    "msg": "Successful request",
    "details": {
      "request": {
        "url": "https://developer.hdfcsky.com/oapi/v1/user/trading_info?client_id=S2338362&api_key=1bc928ff1ce54970b0a2f2ae4740dc77",
        "method": "GET",
        "headers": {
          "Authorization": "REDACTED",
          "Content-Type": "application/json"
        },
        "timeout": 20000
      },
      "userId": "S2338362",
      "accessToken": "REDACTED",
      "response": {
        "statusCode": 200,
        "body": {
          "data": {
            "client_id": "REDACTED",
            "ddpi": false,
            "exchanges_subscribed": [
              ""
            ],
            "name": "REDACTED",
            "poa_enabled": false,
            "products_enabled": [
              "CNC",
              "MIS",
              "NRML",
              "MTF"
            ],
            "status": "active"
          },
          "message": "",
          "status": "success"
        }
      },
      "responseString": {
        "data": {
          "client_id": "REDACTED",
          "ddpi": false,
          "exchanges_subscribed": [
            ""
          ],
          "name": "REDACTED",
          "poa_enabled": false,
          "products_enabled": [
            "CNC",
            "MIS",
            "NRML",
            "MTF"
          ],
          "status": "active"
        },
        "message": "",
        "status": "success"
      }
    },
    "userId": "69045647228214990ee7483a",
    "brokerFunctionLogId": "5de27f8b-84b2-47ed-a571-7999da30c13d",
    "functionName": "User.checkSession",
    "brokerName": "hdfcsky"
  },
  "reqId": "ea32e7c0-c5e6-11f0-93c3-09a9fea7c49a",
  "msg": "",
  "time": "2025-11-20T08:00:01.148Z",
  "v": 0
},
{
  "name": "sc.service.sc-integrations-brokers-api",
  "version": "3.8.9",
  "hostname": "ip-10-137-0-189",
  "pid": 2717,
  "type": "SC_BROKER",
  "level": 30,
  "context": {
    "options": {
      "accessToken": "REDACTED",
      "brokeruserId": "S2338362",
      "gateway": true,
      "apiKey": "REDACTED",
      "apiSecret": "REDACTED"
    },
    "response": {
      "error": null,
      "response": {
        "code": true,
        "reason": "success",
        "payload": [
          {
            "isin": "INE161L01027",
            "tradingsymbol": "VIKASLIFE",
            "brokersymbol": "9931",
            "quantity": 21,
            "averagePrice": 2.03,
            "exchange": "NSE",
            "authorisedQuantity": 20
          },
          {
            "isin": "INE219Y01026",
            "tradingsymbol": "RMDRIP",
            "brokersymbol": "757834",
            "quantity": 2,
            "averagePrice": 81.04,
            "exchange": "NSE",
            "authorisedQuantity": 1
          },
          {
            "isin": "INE221H01019",
            "tradingsymbol": "GTLINFRA",
            "brokersymbol": "13745",
            "quantity": 41,
            "averagePrice": 1.48,
            "exchange": "NSE",
            "authorisedQuantity": 26
          },
          {
            "isin": "INE483S01020",
            "tradingsymbol": "INFIBEAM",
            "brokersymbol": "16249",
            "quantity": 4,
            "averagePrice": 19.84,
            "exchange": "NSE",
            "authorisedQuantity": 2
          },
          {
            "isin": "INE528G01035",
            "tradingsymbol": "YESBANK",
            "brokersymbol": "11915",
            "quantity": 12,
            "averagePrice": 23.41,
            "exchange": "NSE",
            "authorisedQuantity": 6
          },
          {
            "isin": "INE669E01016",
            "tradingsymbol": "IDEA",
            "brokersymbol": "14366",
            "quantity": 21,
            "averagePrice": 10.55,
            "exchange": "NSE",
            "authorisedQuantity": 11
          },
          {
            "isin": "INE694A01020",
            "tradingsymbol": "UNITECH",
            "brokersymbol": "3594",
            "quantity": 6,
            "averagePrice": 7.48,
            "exchange": "NSE",
            "authorisedQuantity": 4
          },
          {
            "isin": "INE806A01020",
            "tradingsymbol": "VIKASECO",
            "brokersymbol": "25756",
            "quantity": 2,
            "averagePrice": 1.71,
            "exchange": "NSE",
            "authorisedQuantity": 2
          },
          {
            "isin": "INF204KB14I2",
            "tradingsymbol": "NIFTYBEES",
            "brokersymbol": "10576",
            "quantity": 2,
            "averagePrice": 293.52,
            "exchange": "NSE",
            "authorisedQuantity": 1
          },
          {
            "isin": "INF204KB17I5",
            "tradingsymbol": "GOLDBEES",
            "brokersymbol": "14428",
            "quantity": 2,
            "averagePrice": 100.28,
            "exchange": "NSE",
            "authorisedQuantity": 1
          },
          {
            "isin": "INE650K01021",
            "tradingsymbol": "SECURKLOUD-EQ",
            "brokersymbol": "11058",
            "quantity": 0,
            "averagePrice": null,
            "exchange": "NSE"
          },
          {
            "isin": "INE418H01029",
            "tradingsymbol": "ALLCARGO-BE",
            "brokersymbol": "13504",
            "quantity": 3,
            "averagePrice": 15.89,
            "exchange": "NSE"
          },
          {
            "isin": "INE694A01020",
            "tradingsymbol": "UNITECH-EQ",
            "brokersymbol": "3594",
            "quantity": -2,
            "averagePrice": 6.46,
            "exchange": "NSE"
          },
          {
            "isin": "INF204KB14I2",
            "tradingsymbol": "NIFTYBEES-EQ",
            "brokersymbol": "10576",
            "quantity": -1,
            "averagePrice": 295.22,
            "exchange": "NSE"
          },
          {
            "isin": "INE219Y01026",
            "tradingsymbol": "RMDRIP-EQ",
            "brokersymbol": "757834",
            "quantity": -1,
            "averagePrice": 79.1,
            "exchange": "NSE"
          },
          {
            "isin": "INE528G01035",
            "tradingsymbol": "YESBANK-EQ",
            "brokersymbol": "11915",
            "quantity": -6,
            "averagePrice": 22.773333333333337,
            "exchange": "NSE"
          },
          {
            "isin": "INE806A01020",
            "tradingsymbol": "VIKASECO-EQ",
            "brokersymbol": "25756",
            "quantity": 4,
            "averagePrice": 1.6,
            "exchange": "NSE"
          },
          {
            "isin": "INF204KB17I5",
            "tradingsymbol": "GOLDBEES-EQ",
            "brokersymbol": "14428",
            "quantity": -1,
            "averagePrice": 101.62,
            "exchange": "NSE"
          },
          {
            "isin": "INE669E01016",
            "tradingsymbol": "IDEA-EQ",
            "brokersymbol": "14366",
            "quantity": -10,
            "averagePrice": 10.467,
            "exchange": "NSE"
          },
          {
            "isin": "INE483S01020",
            "tradingsymbol": "INFIBEAM-EQ",
            "brokersymbol": "16249",
            "quantity": -2,
            "averagePrice": 19.395,
            "exchange": "NSE"
          },
          {
            "isin": "INE221H01019",
            "tradingsymbol": "GTLINFRA-EQ",
            "brokersymbol": "13745",
            "quantity": -15,
            "averagePrice": 1.3726666666666665,
            "exchange": "NSE"
          },
          {
            "isin": "INE161L01027",
            "tradingsymbol": "VIKASLIFE-EQ",
            "brokersymbol": "9931",
            "quantity": -1,
            "averagePrice": 1.94,
            "exchange": "NSE"
          }
        ]
      }
    },
    "userId": "69045647228214990ee7483a",
    "brokerFunctionLogId": "b7585d6d-8045-4bfe-9010-a360217e780d",
    "brokerApi": {
      "functionName": "Portfolio.liveHoldings",
      "brokerName": "hdfcsky"
    }
  },
  "reqId": "e35788c0-c5e6-11f0-bdec-51047f4f1818",
  "msg": "broker lib function response recieved",
  "time": "2025-11-20T07:59:49.868Z",
  "v": 0
},
{
  "name": "sc.service.sc-integrations-brokers-api",
  "version": "3.8.9",
  "hostname": "ip-10-137-0-189",
  "pid": 2717,
  "type": "SC_BROKER",
  "level": 30,
  "context": {
    "broker": "hdfcsky",
    "msg": "Successful request",
    "details": {
      "request": {
        "url": "https://developer.hdfcsky.com/oapi/v1/positions?api_key=1bc928ff1ce54970b0a2f2ae4740dc77&client_id=S2338362&type=historical",
        "method": "GET",
        "headers": {
          "Authorization": "REDACTED",
          "Content-Type": "application/json"
        },
        "timeout": 20000
      },
      "userId": "S2338362",
      "accessToken": "REDACTED",
      "response": {
        "statusCode": 200,
        "body": {
          "data": [
            {
              "ltp": 28.26,
              "other_margin": null,
              "sell_amount": 27.31,
              "exchange": "NSE",
              "net_quantity": 0,
              "token": "REDACTED",
              "average_price": 0,
              "client_id": "REDACTED",
              "cf_sell_average_price": 0,
              "cf_sell_quantity": 0,
              "pledged_quantity": 0,
              "cf_buy_quantity": 0,
              "cf_sell_amount": 0,
              "instrument_token": 11058,
              "previous_close": 23.55,
              "trading_symbol": "SECURKLOUD-EQ",
              "v_login_id": "S2338362",
              "pro_cli": "CLIENT",
              "display_symbol": "SECURKLOUD",
              "user_name": "REDACTED",
              "rmtm_sell_average_price": 27.31,
              "close_price": 0,
              "prod_type": 1,
              "multiplier": 1,
              "symbol": "SECURKLOUD",
              "sell_quantity": 1,
              "segment": "Capital",
              "buy_quantity": 1,
              "cf_buy_amount": 0,
              "cf_buy_average_price": 0,
              "net_amount": 0.7199999999999989,
              "series": "EQ",
              "average_sell_price": 27.31,
              "xe_uuid": "INE650K01021",
              "product": "CNC",
              "rmtm_buy_average_price": 26.59,
              "buy_amount": 26.59,
              "average_buy_price": 26.59,
              "realized_mtm": 0
            },
            {
              "ltp": 15.2,
              "other_margin": null,
              "sell_amount": 0,
              "exchange": "NSE",
              "net_quantity": 3,
              "token": "REDACTED",
              "average_price": 0,
              "client_id": "REDACTED",
              "cf_sell_average_price": 0,
              "cf_sell_quantity": 0,
              "pledged_quantity": 0,
              "cf_buy_quantity": 0,
              "cf_sell_amount": 0,
              "instrument_token": 13504,
              "previous_close": 15.14,
              "trading_symbol": "ALLCARGO-BE",
              "v_login_id": "S2338362",
              "pro_cli": "CLIENT",
              "display_symbol": "ALLCARGO",
              "user_name": "REDACTED",
              "rmtm_sell_average_price": 0,
              "close_price": 0,
              "prod_type": 1,
              "multiplier": 1,
              "symbol": "ALLCARGO",
              "sell_quantity": 0,
              "segment": "Capital",
              "buy_quantity": 3,
              "cf_buy_amount": 0,
              "cf_buy_average_price": 0,
              "net_amount": -47.67,
              "series": "BE",
              "average_sell_price": 0,
              "xe_uuid": "INE418H01029",
              "product": "CNC",
              "rmtm_buy_average_price": 15.89,
              "buy_amount": 47.67,
              "average_buy_price": 15.89,
              "realized_mtm": 0
            },
            {
              "ltp": 6.44,
              "other_margin": null,
              "sell_amount": 12.92,
              "exchange": "NSE",
              "net_quantity": -2,
              "token": "REDACTED",
              "average_price": 0,
              "client_id": "REDACTED",
              "cf_sell_average_price": 0,
              "cf_sell_quantity": 0,
              "pledged_quantity": 0,
              "cf_buy_quantity": 0,
              "cf_sell_amount": 0,
              "instrument_token": 3594,
              "previous_close": 6.45,
              "trading_symbol": "UNITECH-EQ",
              "v_login_id": "S2338362",
              "pro_cli": "CLIENT",
              "display_symbol": "UNITECH",
              "user_name": "REDACTED",
              "rmtm_sell_average_price": 6.46,
              "close_price": 0,
              "prod_type": 1,
              "multiplier": 1,
              "symbol": "UNITECH",
              "sell_quantity": 2,
              "segment": "Capital",
              "buy_quantity": 0,
              "cf_buy_amount": 0,
              "cf_buy_average_price": 0,
              "net_amount": 12.92,
              "series": "EQ",
              "average_sell_price": 6.46,
              "xe_uuid": "INE694A01020",
              "product": "CNC",
              "rmtm_buy_average_price": 0,
              "buy_amount": 0,
              "average_buy_price": 0,
              "realized_mtm": 0
            },
            {
              "ltp": 295.87,
              "other_margin": null,
              "sell_amount": 295.22,
              "exchange": "NSE",
              "net_quantity": -1,
              "token": "REDACTED",
              "average_price": 0,
              "client_id": "REDACTED",
              "cf_sell_average_price": 0,
              "cf_sell_quantity": 0,
              "pledged_quantity": 0,
              "cf_buy_quantity": 0,
              "cf_sell_amount": 0,
              "instrument_token": 10576,
              "previous_close": 294.37,
              "trading_symbol": "NIFTYBEES-EQ",
              "v_login_id": "S2338362",
              "pro_cli": "CLIENT",
              "display_symbol": "NIFTYBEES",
              "user_name": "REDACTED",
              "rmtm_sell_average_price": 295.22,
              "close_price": 0,
              "prod_type": 1,
              "multiplier": 1,
              "symbol": "NIFTYBEES",
              "sell_quantity": 1,
              "segment": "Capital",
              "buy_quantity": 0,
              "cf_buy_amount": 0,
              "cf_buy_average_price": 0,
              "net_amount": 295.22,
              "series": "EQ",
              "average_sell_price": 295.22,
              "xe_uuid": "INF204KB14I2",
              "product": "CNC",
              "rmtm_buy_average_price": 0,
              "buy_amount": 0,
              "average_buy_price": 0,
              "realized_mtm": 0
            },
            {
              "ltp": 79,
              "other_margin": null,
              "sell_amount": 79.1,
              "exchange": "NSE",
              "net_quantity": -1,
              "token": "REDACTED",
              "average_price": 0,
              "client_id": "REDACTED",
              "cf_sell_average_price": 0,
              "cf_sell_quantity": 0,
              "pledged_quantity": 0,
              "cf_buy_quantity": 0,
              "cf_sell_amount": 0,
              "instrument_token": 757834,
              "previous_close": 80.11,
              "trading_symbol": "RMDRIP-EQ",
              "v_login_id": "S2338362",
              "pro_cli": "CLIENT",
              "display_symbol": "RMDRIP",
              "user_name": "REDACTED",
              "rmtm_sell_average_price": 79.1,
              "close_price": 0,
              "prod_type": 1,
              "multiplier": 1,
              "symbol": "RMDRIP",
              "sell_quantity": 1,
              "segment": "Capital",
              "buy_quantity": 0,
              "cf_buy_amount": 0,
              "cf_buy_average_price": 0,
              "net_amount": 79.1,
              "series": "EQ",
              "average_sell_price": 79.1,
              "xe_uuid": "INE219Y01026",
              "product": "CNC",
              "rmtm_buy_average_price": 0,
              "buy_amount": 0,
              "average_buy_price": 0,
              "realized_mtm": 0
            },
            {
              "ltp": 22.73,
              "other_margin": null,
              "sell_amount": 136.64000000000001,
              "exchange": "NSE",
              "net_quantity": -6,
              "token": "REDACTED",
              "average_price": 0,
              "client_id": "REDACTED",
              "cf_sell_average_price": 0,
              "cf_sell_quantity": 0,
              "pledged_quantity": 0,
              "cf_buy_quantity": 0,
              "cf_sell_amount": 0,
              "instrument_token": 11915,
              "previous_close": 22.93,
              "trading_symbol": "YESBANK-EQ",
              "v_login_id": "S2338362",
              "pro_cli": "CLIENT",
              "display_symbol": "YESBANK",
              "user_name": "REDACTED",
              "rmtm_sell_average_price": 22.76,
              "close_price": 0,
              "prod_type": 1,
              "multiplier": 1,
              "symbol": "YESBANK",
              "sell_quantity": 6,
              "segment": "Capital",
              "buy_quantity": 0,
              "cf_buy_amount": 0,
              "cf_buy_average_price": 0,
              "net_amount": 136.64000000000001,
              "series": "EQ",
              "average_sell_price": 22.773333333333337,
              "xe_uuid": "INE528G01035",
              "product": "CNC",
              "rmtm_buy_average_price": 0,
              "buy_amount": 0,
              "average_buy_price": 0,
              "realized_mtm": 0
            },
            {
              "ltp": 1.6,
              "other_margin": null,
              "sell_amount": 0,
              "exchange": "NSE",
              "net_quantity": 4,
              "token": "REDACTED",
              "average_price": 0,
              "client_id": "REDACTED",
              "cf_sell_average_price": 0,
              "cf_sell_quantity": 0,
              "pledged_quantity": 0,
              "cf_buy_quantity": 0,
              "cf_sell_amount": 0,
              "instrument_token": 25756,
              "previous_close": 1.6,
              "trading_symbol": "VIKASECO-EQ",
              "v_login_id": "S2338362",
              "pro_cli": "CLIENT",
              "display_symbol": "VIKASECO",
              "user_name": "REDACTED",
              "rmtm_sell_average_price": 0,
              "close_price": 0,
              "prod_type": 1,
              "multiplier": 1,
              "symbol": "VIKASECO",
              "sell_quantity": 0,
              "segment": "Capital",
              "buy_quantity": 4,
              "cf_buy_amount": 0,
              "cf_buy_average_price": 0,
              "net_amount": -6.4,
              "series": "EQ",
              "average_sell_price": 0,
              "xe_uuid": "INE806A01020",
              "product": "CNC",
              "rmtm_buy_average_price": 1.6,
              "buy_amount": 6.4,
              "average_buy_price": 1.6,
              "realized_mtm": 0
            },
            {
              "ltp": 101.48,
              "other_margin": null,
              "sell_amount": 101.62,
              "exchange": "NSE",
              "net_quantity": -1,
              "token": "REDACTED",
              "average_price": 0,
              "client_id": "REDACTED",
              "cf_sell_average_price": 0,
              "cf_sell_quantity": 0,
              "pledged_quantity": 0,
              "cf_buy_quantity": 0,
              "cf_sell_amount": 0,
              "instrument_token": 14428,
              "previous_close": 102.23,
              "trading_symbol": "GOLDBEES-EQ",
              "v_login_id": "S2338362",
              "pro_cli": "CLIENT",
              "display_symbol": "GOLDBEES",
              "user_name": "REDACTED",
              "rmtm_sell_average_price": 101.62,
              "close_price": 0,
              "prod_type": 1,
              "multiplier": 1,
              "symbol": "GOLDBEES",
              "sell_quantity": 1,
              "segment": "Capital",
              "buy_quantity": 0,
              "cf_buy_amount": 0,
              "cf_buy_average_price": 0,
              "net_amount": 101.62,
              "series": "EQ",
              "average_sell_price": 101.62,
              "xe_uuid": "INF204KB17I5",
              "product": "CNC",
              "rmtm_buy_average_price": 0,
              "buy_amount": 0,
              "average_buy_price": 0,
              "realized_mtm": 0
            },
            {
              "ltp": 10.37,
              "other_margin": null,
              "sell_amount": 115.17,
              "exchange": "NSE",
              "net_quantity": -10,
              "token": "REDACTED",
              "average_price": 0,
              "client_id": "REDACTED",
              "cf_sell_average_price": 0,
              "cf_sell_quantity": 0,
              "pledged_quantity": 0,
              "cf_buy_quantity": 0,
              "cf_sell_amount": 0,
              "instrument_token": 14366,
              "previous_close": 10.69,
              "trading_symbol": "IDEA-EQ",
              "v_login_id": "S2338362",
              "pro_cli": "CLIENT",
              "display_symbol": "IDEA",
              "user_name": "REDACTED",
              "rmtm_sell_average_price": 10.47,
              "close_price": 0,
              "prod_type": 1,
              "multiplier": 1,
              "symbol": "IDEA",
              "sell_quantity": 11,
              "segment": "Capital",
              "buy_quantity": 1,
              "cf_buy_amount": 0,
              "cf_buy_average_price": 0,
              "net_amount": 104.67,
              "series": "EQ",
              "average_sell_price": 10.47,
              "xe_uuid": "INE669E01016",
              "product": "CNC",
              "rmtm_buy_average_price": 10.5,
              "buy_amount": 10.5,
              "average_buy_price": 10.5,
              "realized_mtm": 0
            },
            {
              "ltp": 19.55,
              "other_margin": null,
              "sell_amount": 38.79,
              "exchange": "NSE",
              "net_quantity": -2,
              "token": "REDACTED",
              "average_price": 0,
              "client_id": "REDACTED",
              "cf_sell_average_price": 0,
              "cf_sell_quantity": 0,
              "pledged_quantity": 0,
              "cf_buy_quantity": 0,
              "cf_sell_amount": 0,
              "instrument_token": 16249,
              "previous_close": 20.12,
              "trading_symbol": "INFIBEAM-EQ",
              "v_login_id": "S2338362",
              "pro_cli": "CLIENT",
              "display_symbol": "INFIBEAM",
              "user_name": "REDACTED",
              "rmtm_sell_average_price": 19.38,
              "close_price": 0,
              "prod_type": 1,
              "multiplier": 1,
              "symbol": "INFIBEAM",
              "sell_quantity": 2,
              "segment": "Capital",
              "buy_quantity": 0,
              "cf_buy_amount": 0,
              "cf_buy_average_price": 0,
              "net_amount": 38.79,
              "series": "EQ",
              "average_sell_price": 19.395,
              "xe_uuid": "INE483S01020",
              "product": "CNC",
              "rmtm_buy_average_price": 0,
              "buy_amount": 0,
              "average_buy_price": 0,
              "realized_mtm": 0
            },
            {
              "ltp": 1.39,
              "other_margin": null,
              "sell_amount": 37.269999999999996,
              "exchange": "NSE",
              "net_quantity": -15,
              "token": "REDACTED",
              "average_price": 0,
              "client_id": "REDACTED",
              "cf_sell_average_price": 0,
              "cf_sell_quantity": 0,
              "pledged_quantity": 0,
              "cf_buy_quantity": 0,
              "cf_sell_amount": 0,
              "instrument_token": 13745,
              "previous_close": 1.38,
              "trading_symbol": "GTLINFRA-EQ",
              "v_login_id": "S2338362",
              "pro_cli": "CLIENT",
              "display_symbol": "GTLINFRA",
              "user_name": "REDACTED",
              "rmtm_sell_average_price": 1.3804,
              "close_price": 0,
              "prod_type": 1,
              "multiplier": 1,
              "symbol": "GTLINFRA",
              "sell_quantity": 27,
              "segment": "Capital",
              "buy_quantity": 12,
              "cf_buy_amount": 0,
              "cf_buy_average_price": 0,
              "net_amount": 20.589999999999996,
              "series": "EQ",
              "average_sell_price": 1.3803703703703702,
              "xe_uuid": "INE221H01019",
              "product": "CNC",
              "rmtm_buy_average_price": 1.39,
              "buy_amount": 16.68,
              "average_buy_price": 1.39,
              "realized_mtm": 0
            },
            {
              "ltp": 1.95,
              "other_margin": null,
              "sell_amount": 1.94,
              "exchange": "NSE",
              "net_quantity": -1,
              "token": "REDACTED",
              "average_price": 0,
              "client_id": "REDACTED",
              "cf_sell_average_price": 0,
              "cf_sell_quantity": 0,
              "pledged_quantity": 0,
              "cf_buy_quantity": 0,
              "cf_sell_amount": 0,
              "instrument_token": 9931,
              "previous_close": 1.96,
              "trading_symbol": "VIKASLIFE-EQ",
              "v_login_id": "S2338362",
              "pro_cli": "CLIENT",
              "display_symbol": "VIKASLIFE",
              "user_name": "REDACTED",
              "rmtm_sell_average_price": 1.94,
              "close_price": 0,
              "prod_type": 1,
              "multiplier": 1,
              "symbol": "VIKASLIFE",
              "sell_quantity": 1,
              "segment": "Capital",
              "buy_quantity": 0,
              "cf_buy_amount": 0,
              "cf_buy_average_price": 0,
              "net_amount": 1.94,
              "series": "EQ",
              "average_sell_price": 1.94,
              "xe_uuid": "INE161L01027",
              "product": "CNC",
              "rmtm_buy_average_price": 0,
              "buy_amount": 0,
              "average_buy_price": 0,
              "realized_mtm": 0
            }
          ],
          "message": "",
          "status": "success"
        }
      },
      "responseString": {
        "data": [
          {
            "ltp": 28.26,
            "other_margin": null,
            "sell_amount": 27.31,
            "exchange": "NSE",
            "net_quantity": 0,
            "token": "REDACTED",
            "average_price": 0,
            "client_id": "REDACTED",
            "cf_sell_average_price": 0,
            "cf_sell_quantity": 0,
            "pledged_quantity": 0,
            "cf_buy_quantity": 0,
            "cf_sell_amount": 0,
            "instrument_token": 11058,
            "previous_close": 23.55,
            "trading_symbol": "SECURKLOUD-EQ",
            "v_login_id": "S2338362",
            "pro_cli": "CLIENT",
            "display_symbol": "SECURKLOUD",
            "user_name": "REDACTED",
            "rmtm_sell_average_price": 27.31,
            "close_price": 0,
            "prod_type": 1,
            "multiplier": 1,
            "symbol": "SECURKLOUD",
            "sell_quantity": 1,
            "segment": "Capital",
            "buy_quantity": 1,
            "cf_buy_amount": 0,
            "cf_buy_average_price": 0,
            "net_amount": 0.7199999999999989,
            "series": "EQ",
            "average_sell_price": 27.31,
            "xe_uuid": "INE650K01021",
            "product": "CNC",
            "rmtm_buy_average_price": 26.59,
            "buy_amount": 26.59,
            "average_buy_price": 26.59,
            "realized_mtm": 0
          },
          {
            "ltp": 15.2,
            "other_margin": null,
            "sell_amount": 0,
            "exchange": "NSE",
            "net_quantity": 3,
            "token": "REDACTED",
            "average_price": 0,
            "client_id": "REDACTED",
            "cf_sell_average_price": 0,
            "cf_sell_quantity": 0,
            "pledged_quantity": 0,
            "cf_buy_quantity": 0,
            "cf_sell_amount": 0,
            "instrument_token": 13504,
            "previous_close": 15.14,
            "trading_symbol": "ALLCARGO-BE",
            "v_login_id": "S2338362",
            "pro_cli": "CLIENT",
            "display_symbol": "ALLCARGO",
            "user_name": "REDACTED",
            "rmtm_sell_average_price": 0,
            "close_price": 0,
            "prod_type": 1,
            "multiplier": 1,
            "symbol": "ALLCARGO",
            "sell_quantity": 0,
            "segment": "Capital",
            "buy_quantity": 3,
            "cf_buy_amount": 0,
            "cf_buy_average_price": 0,
            "net_amount": -47.67,
            "series": "BE",
            "average_sell_price": 0,
            "xe_uuid": "INE418H01029",
            "product": "CNC",
            "rmtm_buy_average_price": 15.89,
            "buy_amount": 47.67,
            "average_buy_price": 15.89,
            "realized_mtm": 0
          },
          {
            "ltp": 6.44,
            "other_margin": null,
            "sell_amount": 12.92,
            "exchange": "NSE",
            "net_quantity": -2,
            "token": "REDACTED",
            "average_price": 0,
            "client_id": "REDACTED",
            "cf_sell_average_price": 0,
            "cf_sell_quantity": 0,
            "pledged_quantity": 0,
            "cf_buy_quantity": 0,
            "cf_sell_amount": 0,
            "instrument_token": 3594,
            "previous_close": 6.45,
            "trading_symbol": "UNITECH-EQ",
            "v_login_id": "S2338362",
            "pro_cli": "CLIENT",
            "display_symbol": "UNITECH",
            "user_name": "REDACTED",
            "rmtm_sell_average_price": 6.46,
            "close_price": 0,
            "prod_type": 1,
            "multiplier": 1,
            "symbol": "UNITECH",
            "sell_quantity": 2,
            "segment": "Capital",
            "buy_quantity": 0,
            "cf_buy_amount": 0,
            "cf_buy_average_price": 0,
            "net_amount": 12.92,
            "series": "EQ",
            "average_sell_price": 6.46,
            "xe_uuid": "INE694A01020",
            "product": "CNC",
            "rmtm_buy_average_price": 0,
            "buy_amount": 0,
            "average_buy_price": 0,
            "realized_mtm": 0
          },
          {
            "ltp": 295.87,
            "other_margin": null,
            "sell_amount": 295.22,
            "exchange": "NSE",
            "net_quantity": -1,
            "token": "REDACTED",
            "average_price": 0,
            "client_id": "REDACTED",
            "cf_sell_average_price": 0,
            "cf_sell_quantity": 0,
            "pledged_quantity": 0,
            "cf_buy_quantity": 0,
            "cf_sell_amount": 0,
            "instrument_token": 10576,
            "previous_close": 294.37,
            "trading_symbol": "NIFTYBEES-EQ",
            "v_login_id": "S2338362",
            "pro_cli": "CLIENT",
            "display_symbol": "NIFTYBEES",
            "user_name": "REDACTED",
            "rmtm_sell_average_price": 295.22,
            "close_price": 0,
            "prod_type": 1,
            "multiplier": 1,
            "symbol": "NIFTYBEES",
            "sell_quantity": 1,
            "segment": "Capital",
            "buy_quantity": 0,
            "cf_buy_amount": 0,
            "cf_buy_average_price": 0,
            "net_amount": 295.22,
            "series": "EQ",
            "average_sell_price": 295.22,
            "xe_uuid": "INF204KB14I2",
            "product": "CNC",
            "rmtm_buy_average_price": 0,
            "buy_amount": 0,
            "average_buy_price": 0,
            "realized_mtm": 0
          },
          {
            "ltp": 79,
            "other_margin": null,
            "sell_amount": 79.1,
            "exchange": "NSE",
            "net_quantity": -1,
            "token": "REDACTED",
            "average_price": 0,
            "client_id": "REDACTED",
            "cf_sell_average_price": 0,
            "cf_sell_quantity": 0,
            "pledged_quantity": 0,
            "cf_buy_quantity": 0,
            "cf_sell_amount": 0,
            "instrument_token": 757834,
            "previous_close": 80.11,
            "trading_symbol": "RMDRIP-EQ",
            "v_login_id": "S2338362",
            "pro_cli": "CLIENT",
            "display_symbol": "RMDRIP",
            "user_name": "REDACTED",
            "rmtm_sell_average_price": 79.1,
            "close_price": 0,
            "prod_type": 1,
            "multiplier": 1,
            "symbol": "RMDRIP",
            "sell_quantity": 1,
            "segment": "Capital",
            "buy_quantity": 0,
            "cf_buy_amount": 0,
            "cf_buy_average_price": 0,
            "net_amount": 79.1,
            "series": "EQ",
            "average_sell_price": 79.1,
            "xe_uuid": "INE219Y01026",
            "product": "CNC",
            "rmtm_buy_average_price": 0,
            "buy_amount": 0,
            "average_buy_price": 0,
            "realized_mtm": 0
          },
          {
            "ltp": 22.73,
            "other_margin": null,
            "sell_amount": 136.64000000000001,
            "exchange": "NSE",
            "net_quantity": -6,
            "token": "REDACTED",
            "average_price": 0,
            "client_id": "REDACTED",
            "cf_sell_average_price": 0,
            "cf_sell_quantity": 0,
            "pledged_quantity": 0,
            "cf_buy_quantity": 0,
            "cf_sell_amount": 0,
            "instrument_token": 11915,
            "previous_close": 22.93,
            "trading_symbol": "YESBANK-EQ",
            "v_login_id": "S2338362",
            "pro_cli": "CLIENT",
            "display_symbol": "YESBANK",
            "user_name": "REDACTED",
            "rmtm_sell_average_price": 22.76,
            "close_price": 0,
            "prod_type": 1,
            "multiplier": 1,
            "symbol": "YESBANK",
            "sell_quantity": 6,
            "segment": "Capital",
            "buy_quantity": 0,
            "cf_buy_amount": 0,
            "cf_buy_average_price": 0,
            "net_amount": 136.64000000000001,
            "series": "EQ",
            "average_sell_price": 22.773333333333337,
            "xe_uuid": "INE528G01035",
            "product": "CNC",
            "rmtm_buy_average_price": 0,
            "buy_amount": 0,
            "average_buy_price": 0,
            "realized_mtm": 0
          },
          {
            "ltp": 1.6,
            "other_margin": null,
            "sell_amount": 0,
            "exchange": "NSE",
            "net_quantity": 4,
            "token": "REDACTED",
            "average_price": 0,
            "client_id": "REDACTED",
            "cf_sell_average_price": 0,
            "cf_sell_quantity": 0,
            "pledged_quantity": 0,
            "cf_buy_quantity": 0,
            "cf_sell_amount": 0,
            "instrument_token": 25756,
            "previous_close": 1.6,
            "trading_symbol": "VIKASECO-EQ",
            "v_login_id": "S2338362",
            "pro_cli": "CLIENT",
            "display_symbol": "VIKASECO",
            "user_name": "REDACTED",
            "rmtm_sell_average_price": 0,
            "close_price": 0,
            "prod_type": 1,
            "multiplier": 1,
            "symbol": "VIKASECO",
            "sell_quantity": 0,
            "segment": "Capital",
            "buy_quantity": 4,
            "cf_buy_amount": 0,
            "cf_buy_average_price": 0,
            "net_amount": -6.4,
            "series": "EQ",
            "average_sell_price": 0,
            "xe_uuid": "INE806A01020",
            "product": "CNC",
            "rmtm_buy_average_price": 1.6,
            "buy_amount": 6.4,
            "average_buy_price": 1.6,
            "realized_mtm": 0
          },
          {
            "ltp": 101.48,
            "other_margin": null,
            "sell_amount": 101.62,
            "exchange": "NSE",
            "net_quantity": -1,
            "token": "REDACTED",
            "average_price": 0,
            "client_id": "REDACTED",
            "cf_sell_average_price": 0,
            "cf_sell_quantity": 0,
            "pledged_quantity": 0,
            "cf_buy_quantity": 0,
            "cf_sell_amount": 0,
            "instrument_token": 14428,
            "previous_close": 102.23,
            "trading_symbol": "GOLDBEES-EQ",
            "v_login_id": "S2338362",
            "pro_cli": "CLIENT",
            "display_symbol": "GOLDBEES",
            "user_name": "REDACTED",
            "rmtm_sell_average_price": 101.62,
            "close_price": 0,
            "prod_type": 1,
            "multiplier": 1,
            "symbol": "GOLDBEES",
            "sell_quantity": 1,
            "segment": "Capital",
            "buy_quantity": 0,
            "cf_buy_amount": 0,
            "cf_buy_average_price": 0,
            "net_amount": 101.62,
            "series": "EQ",
            "average_sell_price": 101.62,
            "xe_uuid": "INF204KB17I5",
            "product": "CNC",
            "rmtm_buy_average_price": 0,
            "buy_amount": 0,
            "average_buy_price": 0,
            "realized_mtm": 0
          },
          {
            "ltp": 10.37,
            "other_margin": null,
            "sell_amount": 115.17,
            "exchange": "NSE",
            "net_quantity": -10,
            "token": "REDACTED",
            "average_price": 0,
            "client_id": "REDACTED",
            "cf_sell_average_price": 0,
            "cf_sell_quantity": 0,
            "pledged_quantity": 0,
            "cf_buy_quantity": 0,
            "cf_sell_amount": 0,
            "instrument_token": 14366,
            "previous_close": 10.69,
            "trading_symbol": "IDEA-EQ",
            "v_login_id": "S2338362",
            "pro_cli": "CLIENT",
            "display_symbol": "IDEA",
            "user_name": "REDACTED",
            "rmtm_sell_average_price": 10.47,
            "close_price": 0,
            "prod_type": 1,
            "multiplier": 1,
            "symbol": "IDEA",
            "sell_quantity": 11,
            "segment": "Capital",
            "buy_quantity": 1,
            "cf_buy_amount": 0,
            "cf_buy_average_price": 0,
            "net_amount": 104.67,
            "series": "EQ",
            "average_sell_price": 10.47,
            "xe_uuid": "INE669E01016",
            "product": "CNC",
            "rmtm_buy_average_price": 10.5,
            "buy_amount": 10.5,
            "average_buy_price": 10.5,
            "realized_mtm": 0
          },
          {
            "ltp": 19.55,
            "other_margin": null,
            "sell_amount": 38.79,
            "exchange": "NSE",
            "net_quantity": -2,
            "token": "REDACTED",
            "average_price": 0,
            "client_id": "REDACTED",
            "cf_sell_average_price": 0,
            "cf_sell_quantity": 0,
            "pledged_quantity": 0,
            "cf_buy_quantity": 0,
            "cf_sell_amount": 0,
            "instrument_token": 16249,
            "previous_close": 20.12,
            "trading_symbol": "INFIBEAM-EQ",
            "v_login_id": "S2338362",
            "pro_cli": "CLIENT",
            "display_symbol": "INFIBEAM",
            "user_name": "REDACTED",
            "rmtm_sell_average_price": 19.38,
            "close_price": 0,
            "prod_type": 1,
            "multiplier": 1,
            "symbol": "INFIBEAM",
            "sell_quantity": 2,
            "segment": "Capital",
            "buy_quantity": 0,
            "cf_buy_amount": 0,
            "cf_buy_average_price": 0,
            "net_amount": 38.79,
            "series": "EQ",
            "average_sell_price": 19.395,
            "xe_uuid": "INE483S01020",
            "product": "CNC",
            "rmtm_buy_average_price": 0,
            "buy_amount": 0,
            "average_buy_price": 0,
            "realized_mtm": 0
          },
          {
            "ltp": 1.39,
            "other_margin": null,
            "sell_amount": 37.269999999999996,
            "exchange": "NSE",
            "net_quantity": -15,
            "token": "REDACTED",
            "average_price": 0,
            "client_id": "REDACTED",
            "cf_sell_average_price": 0,
            "cf_sell_quantity": 0,
            "pledged_quantity": 0,
            "cf_buy_quantity": 0,
            "cf_sell_amount": 0,
            "instrument_token": 13745,
            "previous_close": 1.38,
            "trading_symbol": "GTLINFRA-EQ",
            "v_login_id": "S2338362",
            "pro_cli": "CLIENT",
            "display_symbol": "GTLINFRA",
            "user_name": "REDACTED",
            "rmtm_sell_average_price": 1.3804,
            "close_price": 0,
            "prod_type": 1,
            "multiplier": 1,
            "symbol": "GTLINFRA",
            "sell_quantity": 27,
            "segment": "Capital",
            "buy_quantity": 12,
            "cf_buy_amount": 0,
            "cf_buy_average_price": 0,
            "net_amount": 20.589999999999996,
            "series": "EQ",
            "average_sell_price": 1.3803703703703702,
            "xe_uuid": "INE221H01019",
            "product": "CNC",
            "rmtm_buy_average_price": 1.39,
            "buy_amount": 16.68,
            "average_buy_price": 1.39,
            "realized_mtm": 0
          },
          {
            "ltp": 1.95,
            "other_margin": null,
            "sell_amount": 1.94,
            "exchange": "NSE",
            "net_quantity": -1,
            "token": "REDACTED",
            "average_price": 0,
            "client_id": "REDACTED",
            "cf_sell_average_price": 0,
            "cf_sell_quantity": 0,
            "pledged_quantity": 0,
            "cf_buy_quantity": 0,
            "cf_sell_amount": 0,
            "instrument_token": 9931,
            "previous_close": 1.96,
            "trading_symbol": "VIKASLIFE-EQ",
            "v_login_id": "S2338362",
            "pro_cli": "CLIENT",
            "display_symbol": "VIKASLIFE",
            "user_name": "REDACTED",
            "rmtm_sell_average_price": 1.94,
            "close_price": 0,
            "prod_type": 1,
            "multiplier": 1,
            "symbol": "VIKASLIFE",
            "sell_quantity": 1,
            "segment": "Capital",
            "buy_quantity": 0,
            "cf_buy_amount": 0,
            "cf_buy_average_price": 0,
            "net_amount": 1.94,
            "series": "EQ",
            "average_sell_price": 1.94,
            "xe_uuid": "INE161L01027",
            "product": "CNC",
            "rmtm_buy_average_price": 0,
            "buy_amount": 0,
            "average_buy_price": 0,
            "realized_mtm": 0
          }
        ],
        "message": "",
        "status": "success"
      }
    },
    "userId": "69045647228214990ee7483a",
    "brokerFunctionLogId": "b7585d6d-8045-4bfe-9010-a360217e780d",
    "functionName": "Portfolio.liveHoldings",
    "brokerName": "hdfcsky"
  },
  "reqId": "e35788c0-c5e6-11f0-bdec-51047f4f1818",
  "msg": "",
  "time": "2025-11-20T07:59:49.862Z",
  "v": 0
},
{
  "name": "sc.service.sc-integrations-brokers-api",
  "version": "3.8.9",
  "hostname": "ip-10-137-0-189",
  "pid": 2717,
  "type": "SC_BROKER",
  "level": 30,
  "context": {
    "broker": "hdfcsky",
    "msg": "Successful request",
    "details": {
      "request": {
        "url": "https://developer.hdfcsky.com/oapi/v1/holdings?api_key=1bc928ff1ce54970b0a2f2ae4740dc77&client_id=S2338362",
        "method": "GET",
        "headers": {
          "Authorization": "REDACTED",
          "Content-Type": "application/json"
        },
        "timeout": 20000
      },
      "userId": "S2338362",
      "accessToken": "REDACTED",
      "response": {
        "statusCode": 200,
        "body": {
          "data": {
            "holdings": [
              {
                "symbol": "VIKASLIFE",
                "quantity": 20,
                "isin": "INE161L01027",
                "exchange": "NSE",
                "previous_close": 1.96,
                "today_unpledge_quantity": 0,
                "t0_price": 0,
                "pledge_percentage": 0,
                "ltp": 1.95,
                "t1_price": 0,
                "pledge_allow": false,
                "branch_code": "",
                "token": "REDACTED",
                "pending_quantity": 11,
                "today_pledge_quantity": 0,
                "buy_avg_mtm": -0.20000000000000018,
                "trading_symbol": "VIKASLIFE",
                "net_holding_quantity": 20,
                "client_id": "REDACTED",
                "buy_avg": 2.03,
                "t2_quantity": 0,
                "actual_buy_avg": 2.03,
                "transaction_type": "",
                "t1_quantity": 0,
                "squared_off_free_quantity": 1,
                "pledge_value": 0,
                "pledge_quantity": 0,
                "used_quantity": 1,
                "pms_quantity": 20,
                "free_quantity": 9,
                "t2_price": 0,
                "instrument_details": {
                  "exchange": 1,
                  "instrument_name": "EQ",
                  "instrument_token": 9931,
                  "trading_symbol": "VIKASLIFE-EQ"
                },
                "squared_off_pledge_quantity": 0,
                "t0_quantity": 0
              },
              {
                "symbol": "RMDRIP",
                "quantity": 1,
                "isin": "INE219Y01026",
                "exchange": "NSE",
                "previous_close": 80.11,
                "today_unpledge_quantity": 0,
                "t0_price": 0,
                "pledge_percentage": 0,
                "ltp": 79,
                "t1_price": 0,
                "pledge_allow": false,
                "branch_code": "",
                "token": "REDACTED",
                "pending_quantity": 1,
                "today_pledge_quantity": 0,
                "buy_avg_mtm": -1.1099999999999994,
                "trading_symbol": "RMDRIP",
                "net_holding_quantity": 1,
                "client_id": "REDACTED",
                "buy_avg": 81.04,
                "t2_quantity": 0,
                "actual_buy_avg": 81.04,
                "transaction_type": "",
                "t1_quantity": 0,
                "squared_off_free_quantity": 1,
                "pledge_value": 0,
                "pledge_quantity": 0,
                "used_quantity": 1,
                "pms_quantity": 1,
                "free_quantity": 0,
                "t2_price": 0,
                "instrument_details": {
                  "exchange": 1,
                  "instrument_name": "EQ",
                  "instrument_token": 757834,
                  "trading_symbol": "RMDRIP-EQ"
                },
                "squared_off_pledge_quantity": 0,
                "t0_quantity": 0
              },
              {
                "symbol": "GTLINFRA",
                "quantity": 26,
                "isin": "INE221H01019",
                "exchange": "NSE",
                "previous_close": 1.38,
                "today_unpledge_quantity": 0,
                "t0_price": 0,
                "pledge_percentage": 0,
                "ltp": 1.39,
                "t1_price": 0,
                "pledge_allow": false,
                "branch_code": "",
                "token": "REDACTED",
                "pending_quantity": 1,
                "today_pledge_quantity": 0,
                "buy_avg_mtm": 0.26000000000000023,
                "trading_symbol": "GTLINFRA",
                "net_holding_quantity": 26,
                "client_id": "REDACTED",
                "buy_avg": 1.48,
                "t2_quantity": 0,
                "actual_buy_avg": 1.48,
                "transaction_type": "",
                "t1_quantity": 0,
                "squared_off_free_quantity": 16,
                "pledge_value": 0,
                "pledge_quantity": 0,
                "used_quantity": 15,
                "pms_quantity": 26,
                "free_quantity": 25,
                "t2_price": 0,
                "instrument_details": {
                  "exchange": 1,
                  "instrument_name": "EQ",
                  "instrument_token": 13745,
                  "trading_symbol": "GTLINFRA-EQ"
                },
                "squared_off_pledge_quantity": 0,
                "t0_quantity": 0
              },
              {
                "symbol": "INFIBEAM",
                "quantity": 2,
                "isin": "INE483S01020",
                "exchange": "NSE",
                "previous_close": 20.12,
                "today_unpledge_quantity": 0,
                "t0_price": 0,
                "pledge_percentage": 0,
                "ltp": 19.55,
                "t1_price": 0,
                "pledge_allow": false,
                "branch_code": "",
                "token": "REDACTED",
                "pending_quantity": 0,
                "today_pledge_quantity": 0,
                "buy_avg_mtm": -1.1400000000000006,
                "trading_symbol": "INFIBEAM",
                "net_holding_quantity": 2,
                "client_id": "REDACTED",
                "buy_avg": 19.84,
                "t2_quantity": 0,
                "actual_buy_avg": 19.84,
                "transaction_type": "",
                "t1_quantity": 0,
                "squared_off_free_quantity": 2,
                "pledge_value": 0,
                "pledge_quantity": 0,
                "used_quantity": 2,
                "pms_quantity": 2,
                "free_quantity": 2,
                "t2_price": 0,
                "instrument_details": {
                  "exchange": 1,
                  "instrument_name": "EQ",
                  "instrument_token": 16249,
                  "trading_symbol": "INFIBEAM-EQ"
                },
                "squared_off_pledge_quantity": 0,
                "t0_quantity": 0
              },
              {
                "symbol": "YESBANK",
                "quantity": 6,
                "isin": "INE528G01035",
                "exchange": "NSE",
                "previous_close": 22.93,
                "today_unpledge_quantity": 0,
                "t0_price": 0,
                "pledge_percentage": 70,
                "ltp": 22.73,
                "t1_price": 0,
                "pledge_allow": true,
                "branch_code": "",
                "token": "REDACTED",
                "pending_quantity": 2,
                "today_pledge_quantity": 0,
                "buy_avg_mtm": -1.1999999999999957,
                "trading_symbol": "YESBANK",
                "net_holding_quantity": 6,
                "client_id": "REDACTED",
                "buy_avg": 23.41,
                "t2_quantity": 0,
                "actual_buy_avg": 23.41,
                "transaction_type": "",
                "t1_quantity": 0,
                "squared_off_free_quantity": 6,
                "pledge_value": 0,
                "pledge_quantity": 0,
                "used_quantity": 6,
                "pms_quantity": 6,
                "free_quantity": 4,
                "t2_price": 0,
                "instrument_details": {
                  "exchange": 1,
                  "instrument_name": "EQ",
                  "instrument_token": 11915,
                  "trading_symbol": "YESBANK-EQ"
                },
                "squared_off_pledge_quantity": 0,
                "t0_quantity": 0
              },
              {
                "symbol": "IDEA",
                "quantity": 11,
                "isin": "INE669E01016",
                "exchange": "NSE",
                "previous_close": 10.69,
                "today_unpledge_quantity": 0,
                "t0_price": 0,
                "pledge_percentage": 70,
                "ltp": 10.37,
                "t1_price": 0,
                "pledge_allow": true,
                "branch_code": "",
                "token": "REDACTED",
                "pending_quantity": 0,
                "today_pledge_quantity": 0,
                "buy_avg_mtm": -3.520000000000003,
                "trading_symbol": "IDEA",
                "net_holding_quantity": 11,
                "client_id": "REDACTED",
                "buy_avg": 10.55,
                "t2_quantity": 0,
                "actual_buy_avg": 10.55,
                "transaction_type": "",
                "t1_quantity": 0,
                "squared_off_free_quantity": 10,
                "pledge_value": 0,
                "pledge_quantity": 0,
                "used_quantity": 10,
                "pms_quantity": 11,
                "free_quantity": 11,
                "t2_price": 0,
                "instrument_details": {
                  "exchange": 1,
                  "instrument_name": "EQ",
                  "instrument_token": 14366,
                  "trading_symbol": "IDEA-EQ"
                },
                "squared_off_pledge_quantity": 0,
                "t0_quantity": 0
              },
              {
                "symbol": "UNITECH",
                "quantity": 4,
                "isin": "INE694A01020",
                "exchange": "NSE",
                "previous_close": 6.45,
                "today_unpledge_quantity": 0,
                "t0_price": 0,
                "pledge_percentage": 0,
                "ltp": 6.44,
                "t1_price": 0,
                "pledge_allow": false,
                "branch_code": "",
                "token": "REDACTED",
                "pending_quantity": 0,
                "today_pledge_quantity": 0,
                "buy_avg_mtm": -0.03999999999999915,
                "trading_symbol": "UNITECH",
                "net_holding_quantity": 4,
                "client_id": "REDACTED",
                "buy_avg": 7.48,
                "t2_quantity": 0,
                "actual_buy_avg": 7.48,
                "transaction_type": "",
                "t1_quantity": 0,
                "squared_off_free_quantity": 2,
                "pledge_value": 0,
                "pledge_quantity": 0,
                "used_quantity": 2,
                "pms_quantity": 4,
                "free_quantity": 4,
                "t2_price": 0,
                "instrument_details": {
                  "exchange": 1,
                  "instrument_name": "EQ",
                  "instrument_token": 3594,
                  "trading_symbol": "UNITECH-EQ"
                },
                "squared_off_pledge_quantity": 0,
                "t0_quantity": 0
              },
              {
                "symbol": "VIKASECO",
                "quantity": 2,
                "isin": "INE806A01020",
                "exchange": "NSE",
                "previous_close": 1.6,
                "today_unpledge_quantity": 0,
                "t0_price": 0,
                "pledge_percentage": 0,
                "ltp": 1.6,
                "t1_price": 0,
                "pledge_allow": false,
                "branch_code": "",
                "token": "REDACTED",
                "pending_quantity": 0,
                "today_pledge_quantity": 0,
                "buy_avg_mtm": 0,
                "trading_symbol": "VIKASECO",
                "net_holding_quantity": 2,
                "client_id": "REDACTED",
                "buy_avg": 1.71,
                "t2_quantity": 0,
                "actual_buy_avg": 1.71,
                "transaction_type": "",
                "t1_quantity": 0,
                "squared_off_free_quantity": 0,
                "pledge_value": 0,
                "pledge_quantity": 0,
                "used_quantity": 0,
                "pms_quantity": 2,
                "free_quantity": 2,
                "t2_price": 0,
                "instrument_details": {
                  "exchange": 1,
                  "instrument_name": "EQ",
                  "instrument_token": 25756,
                  "trading_symbol": "VIKASECO-EQ"
                },
                "squared_off_pledge_quantity": 0,
                "t0_quantity": 0
              },
              {
                "symbol": "NIFTYBEES",
                "quantity": 1,
                "isin": "INF204KB14I2",
                "exchange": "NSE",
                "previous_close": 294.37,
                "today_unpledge_quantity": 0,
                "t0_price": 0,
                "pledge_percentage": 80,
                "ltp": 295.87,
                "t1_price": 0,
                "pledge_allow": true,
                "branch_code": "",
                "token": "REDACTED",
                "pending_quantity": 0,
                "today_pledge_quantity": 0,
                "buy_avg_mtm": 1.5,
                "trading_symbol": "NIFTYBEES",
                "net_holding_quantity": 1,
                "client_id": "REDACTED",
                "buy_avg": 293.52,
                "t2_quantity": 0,
                "actual_buy_avg": 293.52,
                "transaction_type": "",
                "t1_quantity": 0,
                "squared_off_free_quantity": 1,
                "pledge_value": 0,
                "pledge_quantity": 0,
                "used_quantity": 1,
                "pms_quantity": 1,
                "free_quantity": 1,
                "t2_price": 0,
                "instrument_details": {
                  "exchange": 1,
                  "instrument_name": "EQ",
                  "instrument_token": 10576,
                  "trading_symbol": "NIFTYBEES-EQ"
                },
                "squared_off_pledge_quantity": 0,
                "t0_quantity": 0
              },
              {
                "symbol": "GOLDBEES",
                "quantity": 1,
                "isin": "INF204KB17I5",
                "exchange": "NSE",
                "previous_close": 102.23,
                "today_unpledge_quantity": 0,
                "t0_price": 0,
                "pledge_percentage": 65,
                "ltp": 101.48,
                "t1_price": 0,
                "pledge_allow": true,
                "branch_code": "",
                "token": "REDACTED",
                "pending_quantity": 0,
                "today_pledge_quantity": 0,
                "buy_avg_mtm": -0.75,
                "trading_symbol": "GOLDBEES",
                "net_holding_quantity": 1,
                "client_id": "REDACTED",
                "buy_avg": 100.28,
                "t2_quantity": 0,
                "actual_buy_avg": 100.28,
                "transaction_type": "",
                "t1_quantity": 0,
                "squared_off_free_quantity": 1,
                "pledge_value": 0,
                "pledge_quantity": 0,
                "used_quantity": 1,
                "pms_quantity": 1,
                "free_quantity": 1,
                "t2_price": 0,
                "instrument_details": {
                  "exchange": 1,
                  "instrument_name": "EQ",
                  "instrument_token": 14428,
                  "trading_symbol": "GOLDBEES-EQ"
                },
                "squared_off_pledge_quantity": 0,
                "t0_quantity": 0
              }
            ]
          },
          "message": "",
          "status": "success"
        }
      },
      "responseString": {
        "data": {
          "holdings": [
            {
              "symbol": "VIKASLIFE",
              "quantity": 20,
              "isin": "INE161L01027",
              "exchange": "NSE",
              "previous_close": 1.96,
              "today_unpledge_quantity": 0,
              "t0_price": 0,
              "pledge_percentage": 0,
              "ltp": 1.95,
              "t1_price": 0,
              "pledge_allow": false,
              "branch_code": "",
              "token": "REDACTED",
              "pending_quantity": 11,
              "today_pledge_quantity": 0,
              "buy_avg_mtm": -0.20000000000000018,
              "trading_symbol": "VIKASLIFE",
              "net_holding_quantity": 20,
              "client_id": "REDACTED",
              "buy_avg": 2.03,
              "t2_quantity": 0,
              "actual_buy_avg": 2.03,
              "transaction_type": "",
              "t1_quantity": 0,
              "squared_off_free_quantity": 1,
              "pledge_value": 0,
              "pledge_quantity": 0,
              "used_quantity": 1,
              "pms_quantity": 20,
              "free_quantity": 9,
              "t2_price": 0,
              "instrument_details": {
                "exchange": 1,
                "instrument_name": "EQ",
                "instrument_token": 9931,
                "trading_symbol": "VIKASLIFE-EQ"
              },
              "squared_off_pledge_quantity": 0,
              "t0_quantity": 0
            },
            {
              "symbol": "RMDRIP",
              "quantity": 1,
              "isin": "INE219Y01026",
              "exchange": "NSE",
              "previous_close": 80.11,
              "today_unpledge_quantity": 0,
              "t0_price": 0,
              "pledge_percentage": 0,
              "ltp": 79,
              "t1_price": 0,
              "pledge_allow": false,
              "branch_code": "",
              "token": "REDACTED",
              "pending_quantity": 1,
              "today_pledge_quantity": 0,
              "buy_avg_mtm": -1.1099999999999994,
              "trading_symbol": "RMDRIP",
              "net_holding_quantity": 1,
              "client_id": "REDACTED",
              "buy_avg": 81.04,
              "t2_quantity": 0,
              "actual_buy_avg": 81.04,
              "transaction_type": "",
              "t1_quantity": 0,
              "squared_off_free_quantity": 1,
              "pledge_value": 0,
              "pledge_quantity": 0,
              "used_quantity": 1,
              "pms_quantity": 1,
              "free_quantity": 0,
              "t2_price": 0,
              "instrument_details": {
                "exchange": 1,
                "instrument_name": "EQ",
                "instrument_token": 757834,
                "trading_symbol": "RMDRIP-EQ"
              },
              "squared_off_pledge_quantity": 0,
              "t0_quantity": 0
            },
            {
              "symbol": "GTLINFRA",
              "quantity": 26,
              "isin": "INE221H01019",
              "exchange": "NSE",
              "previous_close": 1.38,
              "today_unpledge_quantity": 0,
              "t0_price": 0,
              "pledge_percentage": 0,
              "ltp": 1.39,
              "t1_price": 0,
              "pledge_allow": false,
              "branch_code": "",
              "token": "REDACTED",
              "pending_quantity": 1,
              "today_pledge_quantity": 0,
              "buy_avg_mtm": 0.26000000000000023,
              "trading_symbol": "GTLINFRA",
              "net_holding_quantity": 26,
              "client_id": "REDACTED",
              "buy_avg": 1.48,
              "t2_quantity": 0,
              "actual_buy_avg": 1.48,
              "transaction_type": "",
              "t1_quantity": 0,
              "squared_off_free_quantity": 16,
              "pledge_value": 0,
              "pledge_quantity": 0,
              "used_quantity": 15,
              "pms_quantity": 26,
              "free_quantity": 25,
              "t2_price": 0,
              "instrument_details": {
                "exchange": 1,
                "instrument_name": "EQ",
                "instrument_token": 13745,
                "trading_symbol": "GTLINFRA-EQ"
              },
              "squared_off_pledge_quantity": 0,
              "t0_quantity": 0
            },
            {
              "symbol": "INFIBEAM",
              "quantity": 2,
              "isin": "INE483S01020",
              "exchange": "NSE",
              "previous_close": 20.12,
              "today_unpledge_quantity": 0,
              "t0_price": 0,
              "pledge_percentage": 0,
              "ltp": 19.55,
              "t1_price": 0,
              "pledge_allow": false,
              "branch_code": "",
              "token": "REDACTED",
              "pending_quantity": 0,
              "today_pledge_quantity": 0,
              "buy_avg_mtm": -1.1400000000000006,
              "trading_symbol": "INFIBEAM",
              "net_holding_quantity": 2,
              "client_id": "REDACTED",
              "buy_avg": 19.84,
              "t2_quantity": 0,
              "actual_buy_avg": 19.84,
              "transaction_type": "",
              "t1_quantity": 0,
              "squared_off_free_quantity": 2,
              "pledge_value": 0,
              "pledge_quantity": 0,
              "used_quantity": 2,
              "pms_quantity": 2,
              "free_quantity": 2,
              "t2_price": 0,
              "instrument_details": {
                "exchange": 1,
                "instrument_name": "EQ",
                "instrument_token": 16249,
                "trading_symbol": "INFIBEAM-EQ"
              },
              "squared_off_pledge_quantity": 0,
              "t0_quantity": 0
            },
            {
              "symbol": "YESBANK",
              "quantity": 6,
              "isin": "INE528G01035",
              "exchange": "NSE",
              "previous_close": 22.93,
              "today_unpledge_quantity": 0,
              "t0_price": 0,
              "pledge_percentage": 70,
              "ltp": 22.73,
              "t1_price": 0,
              "pledge_allow": true,
              "branch_code": "",
              "token": "REDACTED",
              "pending_quantity": 2,
              "today_pledge_quantity": 0,
              "buy_avg_mtm": -1.1999999999999957,
              "trading_symbol": "YESBANK",
              "net_holding_quantity": 6,
              "client_id": "REDACTED",
              "buy_avg": 23.41,
              "t2_quantity": 0,
              "actual_buy_avg": 23.41,
              "transaction_type": "",
              "t1_quantity": 0,
              "squared_off_free_quantity": 6,
              "pledge_value": 0,
              "pledge_quantity": 0,
              "used_quantity": 6,
              "pms_quantity": 6,
              "free_quantity": 4,
              "t2_price": 0,
              "instrument_details": {
                "exchange": 1,
                "instrument_name": "EQ",
                "instrument_token": 11915,
                "trading_symbol": "YESBANK-EQ"
              },
              "squared_off_pledge_quantity": 0,
              "t0_quantity": 0
            },
            {
              "symbol": "IDEA",
              "quantity": 11,
              "isin": "INE669E01016",
              "exchange": "NSE",
              "previous_close": 10.69,
              "today_unpledge_quantity": 0,
              "t0_price": 0,
              "pledge_percentage": 70,
              "ltp": 10.37,
              "t1_price": 0,
              "pledge_allow": true,
              "branch_code": "",
              "token": "REDACTED",
              "pending_quantity": 0,
              "today_pledge_quantity": 0,
              "buy_avg_mtm": -3.520000000000003,
              "trading_symbol": "IDEA",
              "net_holding_quantity": 11,
              "client_id": "REDACTED",
              "buy_avg": 10.55,
              "t2_quantity": 0,
              "actual_buy_avg": 10.55,
              "transaction_type": "",
              "t1_quantity": 0,
              "squared_off_free_quantity": 10,
              "pledge_value": 0,
              "pledge_quantity": 0,
              "used_quantity": 10,
              "pms_quantity": 11,
              "free_quantity": 11,
              "t2_price": 0,
              "instrument_details": {
                "exchange": 1,
                "instrument_name": "EQ",
                "instrument_token": 14366,
                "trading_symbol": "IDEA-EQ"
              },
              "squared_off_pledge_quantity": 0,
              "t0_quantity": 0
            },
            {
              "symbol": "UNITECH",
              "quantity": 4,
              "isin": "INE694A01020",
              "exchange": "NSE",
              "previous_close": 6.45,
              "today_unpledge_quantity": 0,
              "t0_price": 0,
              "pledge_percentage": 0,
              "ltp": 6.44,
              "t1_price": 0,
              "pledge_allow": false,
              "branch_code": "",
              "token": "REDACTED",
              "pending_quantity": 0,
              "today_pledge_quantity": 0,
              "buy_avg_mtm": -0.03999999999999915,
              "trading_symbol": "UNITECH",
              "net_holding_quantity": 4,
              "client_id": "REDACTED",
              "buy_avg": 7.48,
              "t2_quantity": 0,
              "actual_buy_avg": 7.48,
              "transaction_type": "",
              "t1_quantity": 0,
              "squared_off_free_quantity": 2,
              "pledge_value": 0,
              "pledge_quantity": 0,
              "used_quantity": 2,
              "pms_quantity": 4,
              "free_quantity": 4,
              "t2_price": 0,
              "instrument_details": {
                "exchange": 1,
                "instrument_name": "EQ",
                "instrument_token": 3594,
                "trading_symbol": "UNITECH-EQ"
              },
              "squared_off_pledge_quantity": 0,
              "t0_quantity": 0
            },
            {
              "symbol": "VIKASECO",
              "quantity": 2,
              "isin": "INE806A01020",
              "exchange": "NSE",
              "previous_close": 1.6,
              "today_unpledge_quantity": 0,
              "t0_price": 0,
              "pledge_percentage": 0,
              "ltp": 1.6,
              "t1_price": 0,
              "pledge_allow": false,
              "branch_code": "",
              "token": "REDACTED",
              "pending_quantity": 0,
              "today_pledge_quantity": 0,
              "buy_avg_mtm": 0,
              "trading_symbol": "VIKASECO",
              "net_holding_quantity": 2,
              "client_id": "REDACTED",
              "buy_avg": 1.71,
              "t2_quantity": 0,
              "actual_buy_avg": 1.71,
              "transaction_type": "",
              "t1_quantity": 0,
              "squared_off_free_quantity": 0,
              "pledge_value": 0,
              "pledge_quantity": 0,
              "used_quantity": 0,
              "pms_quantity": 2,
              "free_quantity": 2,
              "t2_price": 0,
              "instrument_details": {
                "exchange": 1,
                "instrument_name": "EQ",
                "instrument_token": 25756,
                "trading_symbol": "VIKASECO-EQ"
              },
              "squared_off_pledge_quantity": 0,
              "t0_quantity": 0
            },
            {
              "symbol": "NIFTYBEES",
              "quantity": 1,
              "isin": "INF204KB14I2",
              "exchange": "NSE",
              "previous_close": 294.37,
              "today_unpledge_quantity": 0,
              "t0_price": 0,
              "pledge_percentage": 80,
              "ltp": 295.87,
              "t1_price": 0,
              "pledge_allow": true,
              "branch_code": "",
              "token": "REDACTED",
              "pending_quantity": 0,
              "today_pledge_quantity": 0,
              "buy_avg_mtm": 1.5,
              "trading_symbol": "NIFTYBEES",
              "net_holding_quantity": 1,
              "client_id": "REDACTED",
              "buy_avg": 293.52,
              "t2_quantity": 0,
              "actual_buy_avg": 293.52,
              "transaction_type": "",
              "t1_quantity": 0,
              "squared_off_free_quantity": 1,
              "pledge_value": 0,
              "pledge_quantity": 0,
              "used_quantity": 1,
              "pms_quantity": 1,
              "free_quantity": 1,
              "t2_price": 0,
              "instrument_details": {
                "exchange": 1,
                "instrument_name": "EQ",
                "instrument_token": 10576,
                "trading_symbol": "NIFTYBEES-EQ"
              },
              "squared_off_pledge_quantity": 0,
              "t0_quantity": 0
            },
            {
              "symbol": "GOLDBEES",
              "quantity": 1,
              "isin": "INF204KB17I5",
              "exchange": "NSE",
              "previous_close": 102.23,
              "today_unpledge_quantity": 0,
              "t0_price": 0,
              "pledge_percentage": 65,
              "ltp": 101.48,
              "t1_price": 0,
              "pledge_allow": true,
              "branch_code": "",
              "token": "REDACTED",
              "pending_quantity": 0,
              "today_pledge_quantity": 0,
              "buy_avg_mtm": -0.75,
              "trading_symbol": "GOLDBEES",
              "net_holding_quantity": 1,
              "client_id": "REDACTED",
              "buy_avg": 100.28,
              "t2_quantity": 0,
              "actual_buy_avg": 100.28,
              "transaction_type": "",
              "t1_quantity": 0,
              "squared_off_free_quantity": 1,
              "pledge_value": 0,
              "pledge_quantity": 0,
              "used_quantity": 1,
              "pms_quantity": 1,
              "free_quantity": 1,
              "t2_price": 0,
              "instrument_details": {
                "exchange": 1,
                "instrument_name": "EQ",
                "instrument_token": 14428,
                "trading_symbol": "GOLDBEES-EQ"
              },
              "squared_off_pledge_quantity": 0,
              "t0_quantity": 0
            }
          ]
        },
        "message": "",
        "status": "success"
      }
    },
    "userId": "69045647228214990ee7483a",
    "brokerFunctionLogId": "b7585d6d-8045-4bfe-9010-a360217e780d",
    "functionName": "Portfolio.liveHoldings",
    "brokerName": "hdfcsky"
  },
  "reqId": "e35788c0-c5e6-11f0-bdec-51047f4f1818",
  "msg": "",
  "time": "2025-11-20T07:59:49.704Z",
  "v": 0
},
{
  "name": "sc.service.sc-integrations-brokers-api",
  "version": "3.8.9",
  "hostname": "ip-10-137-0-189",
  "pid": 2717,
  "type": "SC_BROKER",
  "level": 30,
  "context": {
    "options": {
      "accessToken": "REDACTED",
      "segment": "equity",
      "apiKey": "REDACTED",
      "apiSecret": "REDACTED"
    },
    "response": {
      "error": null,
      "response": {
        "code": false,
        "reason": "failure",
        "statusCode": 501
      }
    },
    "userId": "69045647228214990ee7483a",
    "brokerFunctionLogId": "acb44e50-c50b-48fd-a486-8c2a14d8fcc6",
    "brokerApi": {
      "functionName": "Funds.get",
      "brokerName": "hdfcsky"
    }
  },
  "reqId": "e3553ed0-c5e6-11f0-bdec-51047f4f1818",
  "msg": "broker lib function response recieved",
  "time": "2025-11-20T07:59:49.568Z",
  "v": 0
},
{
  "name": "sc.service.sc-integrations-brokers-api",
  "version": "3.8.9",
  "hostname": "ip-10-137-0-189",
  "pid": 2717,
  "type": "SC_BROKER",
  "level": 30,
  "context": {
    "options": {
      "accessToken": "REDACTED",
      "brokeruserId": "S2338362",
      "apiKey": "REDACTED",
      "apiSecret": "REDACTED"
    },
    "response": {
      "error": null,
      "response": {
        "code": true,
        "reason": "success",
        "payload": [
          {
            "isin": "INE161L01027",
            "tradingsymbol": "VIKASLIFE",
            "brokersymbol": "9931",
            "quantity": 20,
            "averagePrice": 2.03,
            "exchange": "NSE",
            "authorisedQuantity": 20
          },
          {
            "isin": "INE219Y01026",
            "tradingsymbol": "RMDRIP",
            "brokersymbol": "757834",
            "quantity": 2,
            "averagePrice": 81.04,
            "exchange": "NSE",
            "authorisedQuantity": 1
          },
          {
            "isin": "INE221H01019",
            "tradingsymbol": "GTLINFRA",
            "brokersymbol": "13745",
            "quantity": 26,
            "averagePrice": 1.48,
            "exchange": "NSE",
            "authorisedQuantity": 26
          },
          {
            "isin": "INE483S01020",
            "tradingsymbol": "INFIBEAM",
            "brokersymbol": "16249",
            "quantity": 4,
            "averagePrice": 19.84,
            "exchange": "NSE",
            "authorisedQuantity": 2
          },
          {
            "isin": "INE528G01035",
            "tradingsymbol": "YESBANK",
            "brokersymbol": "11915",
            "quantity": 12,
            "averagePrice": 23.41,
            "exchange": "NSE",
            "authorisedQuantity": 6
          },
          {
            "isin": "INE669E01016",
            "tradingsymbol": "IDEA",
            "brokersymbol": "14366",
            "quantity": 21,
            "averagePrice": 10.55,
            "exchange": "NSE",
            "authorisedQuantity": 11
          },
          {
            "isin": "INE694A01020",
            "tradingsymbol": "UNITECH",
            "brokersymbol": "3594",
            "quantity": 6,
            "averagePrice": 7.48,
            "exchange": "NSE",
            "authorisedQuantity": 4
          },
          {
            "isin": "INE806A01020",
            "tradingsymbol": "VIKASECO",
            "brokersymbol": "25756",
            "quantity": 2,
            "averagePrice": 1.71,
            "exchange": "NSE",
            "authorisedQuantity": 2
          },
          {
            "isin": "INF204KB14I2",
            "tradingsymbol": "NIFTYBEES",
            "brokersymbol": "10576",
            "quantity": 2,
            "averagePrice": 293.52,
            "exchange": "NSE",
            "authorisedQuantity": 1
          },
          {
            "isin": "INF204KB17I5",
            "tradingsymbol": "GOLDBEES",
            "brokersymbol": "14428",
            "quantity": 2,
            "averagePrice": 100.28,
            "exchange": "NSE",
            "authorisedQuantity": 1
          },
          {
            "isin": "INE650K01021",
            "tradingsymbol": "SECURKLOUD-EQ",
            "brokersymbol": "11058",
            "quantity": 0,
            "averagePrice": null,
            "exchange": "NSE"
          },
          {
            "isin": "INE418H01029",
            "tradingsymbol": "ALLCARGO-BE",
            "brokersymbol": "13504",
            "quantity": 3,
            "averagePrice": 15.89,
            "exchange": "NSE"
          },
          {
            "isin": "INE694A01020",
            "tradingsymbol": "UNITECH-EQ",
            "brokersymbol": "3594",
            "quantity": -2,
            "averagePrice": 6.46,
            "exchange": "NSE"
          },
          {
            "isin": "INF204KB14I2",
            "tradingsymbol": "NIFTYBEES-EQ",
            "brokersymbol": "10576",
            "quantity": -1,
            "averagePrice": 295.22,
            "exchange": "NSE"
          },
          {
            "isin": "INE219Y01026",
            "tradingsymbol": "RMDRIP-EQ",
            "brokersymbol": "757834",
            "quantity": -1,
            "averagePrice": 79.1,
            "exchange": "NSE"
          },
          {
            "isin": "INE528G01035",
            "tradingsymbol": "YESBANK-EQ",
            "brokersymbol": "11915",
            "quantity": -6,
            "averagePrice": 22.773333333333337,
            "exchange": "NSE"
          },
          {
            "isin": "INE806A01020",
            "tradingsymbol": "VIKASECO-EQ",
            "brokersymbol": "25756",
            "quantity": 4,
            "averagePrice": 1.6,
            "exchange": "NSE"
          },
          {
            "isin": "INF204KB17I5",
            "tradingsymbol": "GOLDBEES-EQ",
            "brokersymbol": "14428",
            "quantity": -1,
            "averagePrice": 101.62,
            "exchange": "NSE"
          },
          {
            "isin": "INE669E01016",
            "tradingsymbol": "IDEA-EQ",
            "brokersymbol": "14366",
            "quantity": -10,
            "averagePrice": 10.467,
            "exchange": "NSE"
          },
          {
            "isin": "INE221H01019",
            "tradingsymbol": "GTLINFRA-EQ",
            "brokersymbol": "13745",
            "quantity": 4,
            "averagePrice": 1.4050000000000002,
            "exchange": "NSE"
          },
          {
            "isin": "INE483S01020",
            "tradingsymbol": "INFIBEAM-EQ",
            "brokersymbol": "16249",
            "quantity": -2,
            "averagePrice": 19.395,
            "exchange": "NSE"
          }
        ]
      }
    },
    "userId": "69045647228214990ee7483a",
    "brokerFunctionLogId": "f6d76fd9-7636-460c-906d-310a35a035c3",
    "brokerApi": {
      "functionName": "Portfolio.liveHoldings",
      "brokerName": "hdfcsky"
    }
  },
  "reqId": "4b6ef170-c5e5-11f0-bdec-51047f4f1818",
  "msg": "broker lib function response recieved",
  "time": "2025-11-20T07:48:25.479Z",
  "v": 0
},
{
  "name": "sc.service.sc-integrations-brokers-api",
  "version": "3.8.9",
  "hostname": "ip-10-137-0-189",
  "pid": 2717,
  "type": "SC_BROKER",
  "level": 30,
  "context": {
    "broker": "hdfcsky",
    "msg": "Successful request",
    "details": {
      "request": {
        "url": "https://developer.hdfcsky.com/oapi/v1/positions?api_key=1bc928ff1ce54970b0a2f2ae4740dc77&client_id=S2338362&type=historical",
        "method": "GET",
        "headers": {
          "Authorization": "REDACTED",
          "Content-Type": "application/json"
        },
        "timeout": 20000
      },
      "userId": "S2338362",
      "accessToken": "REDACTED",
      "response": {
        "statusCode": 200,
        "body": {
          "data": [
            {
              "ltp": 28.26,
              "other_margin": null,
              "sell_amount": 27.31,
              "exchange": "NSE",
              "net_quantity": 0,
              "token": "REDACTED",
              "average_price": 0,
              "client_id": "REDACTED",
              "cf_sell_average_price": 0,
              "cf_sell_quantity": 0,
              "pledged_quantity": 0,
              "cf_buy_quantity": 0,
              "cf_sell_amount": 0,
              "instrument_token": 11058,
              "previous_close": 23.55,
              "trading_symbol": "SECURKLOUD-EQ",
              "v_login_id": "S2338362",
              "pro_cli": "CLIENT",
              "display_symbol": "SECURKLOUD",
              "user_name": "REDACTED",
              "rmtm_sell_average_price": 27.31,
              "close_price": 0,
              "prod_type": 1,
              "multiplier": 1,
              "symbol": "SECURKLOUD",
              "sell_quantity": 1,
              "segment": "Capital",
              "buy_quantity": 1,
              "cf_buy_amount": 0,
              "cf_buy_average_price": 0,
              "net_amount": 0.7199999999999989,
              "series": "EQ",
              "average_sell_price": 27.31,
              "xe_uuid": "INE650K01021",
              "product": "CNC",
              "rmtm_buy_average_price": 26.59,
              "buy_amount": 26.59,
              "average_buy_price": 26.59,
              "realized_mtm": 0
            },
            {
              "ltp": 15.05,
              "other_margin": null,
              "sell_amount": 0,
              "exchange": "NSE",
              "net_quantity": 3,
              "token": "REDACTED",
              "average_price": 0,
              "client_id": "REDACTED",
              "cf_sell_average_price": 0,
              "cf_sell_quantity": 0,
              "pledged_quantity": 0,
              "cf_buy_quantity": 0,
              "cf_sell_amount": 0,
              "instrument_token": 13504,
              "previous_close": 15.14,
              "trading_symbol": "ALLCARGO-BE",
              "v_login_id": "S2338362",
              "pro_cli": "CLIENT",
              "display_symbol": "ALLCARGO",
              "user_name": "REDACTED",
              "rmtm_sell_average_price": 0,
              "close_price": 0,
              "prod_type": 1,
              "multiplier": 1,
              "symbol": "ALLCARGO",
              "sell_quantity": 0,
              "segment": "Capital",
              "buy_quantity": 3,
              "cf_buy_amount": 0,
              "cf_buy_average_price": 0,
              "net_amount": -47.67,
              "series": "BE",
              "average_sell_price": 0,
              "xe_uuid": "INE418H01029",
              "product": "CNC",
              "rmtm_buy_average_price": 15.89,
              "buy_amount": 47.67,
              "average_buy_price": 15.89,
              "realized_mtm": 0
            },
            {
              "ltp": 6.44,
              "other_margin": null,
              "sell_amount": 12.92,
              "exchange": "NSE",
              "net_quantity": -2,
              "token": "REDACTED",
              "average_price": 0,
              "client_id": "REDACTED",
              "cf_sell_average_price": 0,
              "cf_sell_quantity": 0,
              "pledged_quantity": 0,
              "cf_buy_quantity": 0,
              "cf_sell_amount": 0,
              "instrument_token": 3594,
              "previous_close": 6.45,
              "trading_symbol": "UNITECH-EQ",
              "v_login_id": "S2338362",
              "pro_cli": "CLIENT",
              "display_symbol": "UNITECH",
              "user_name": "REDACTED",
              "rmtm_sell_average_price": 6.46,
              "close_price": 0,
              "prod_type": 1,
              "multiplier": 1,
              "symbol": "UNITECH",
              "sell_quantity": 2,
              "segment": "Capital",
              "buy_quantity": 0,
              "cf_buy_amount": 0,
              "cf_buy_average_price": 0,
              "net_amount": 12.92,
              "series": "EQ",
              "average_sell_price": 6.46,
              "xe_uuid": "INE694A01020",
              "product": "CNC",
              "rmtm_buy_average_price": 0,
              "buy_amount": 0,
              "average_buy_price": 0,
              "realized_mtm": 0
            },
            {
              "ltp": 295.66,
              "other_margin": null,
              "sell_amount": 295.22,
              "exchange": "NSE",
              "net_quantity": -1,
              "token": "REDACTED",
              "average_price": 0,
              "client_id": "REDACTED",
              "cf_sell_average_price": 0,
              "cf_sell_quantity": 0,
              "pledged_quantity": 0,
              "cf_buy_quantity": 0,
              "cf_sell_amount": 0,
              "instrument_token": 10576,
              "previous_close": 294.37,
              "trading_symbol": "NIFTYBEES-EQ",
              "v_login_id": "S2338362",
              "pro_cli": "CLIENT",
              "display_symbol": "NIFTYBEES",
              "user_name": "REDACTED",
              "rmtm_sell_average_price": 295.22,
              "close_price": 0,
              "prod_type": 1,
              "multiplier": 1,
              "symbol": "NIFTYBEES",
              "sell_quantity": 1,
              "segment": "Capital",
              "buy_quantity": 0,
              "cf_buy_amount": 0,
              "cf_buy_average_price": 0,
              "net_amount": 295.22,
              "series": "EQ",
              "average_sell_price": 295.22,
              "xe_uuid": "INF204KB14I2",
              "product": "CNC",
              "rmtm_buy_average_price": 0,
              "buy_amount": 0,
              "average_buy_price": 0,
              "realized_mtm": 0
            },
            {
              "ltp": 79.46,
              "other_margin": null,
              "sell_amount": 79.1,
              "exchange": "NSE",
              "net_quantity": -1,
              "token": "REDACTED",
              "average_price": 0,
              "client_id": "REDACTED",
              "cf_sell_average_price": 0,
              "cf_sell_quantity": 0,
              "pledged_quantity": 0,
              "cf_buy_quantity": 0,
              "cf_sell_amount": 0,
              "instrument_token": 757834,
              "previous_close": 80.11,
              "trading_symbol": "RMDRIP-EQ",
              "v_login_id": "S2338362",
              "pro_cli": "CLIENT",
              "display_symbol": "RMDRIP",
              "user_name": "REDACTED",
              "rmtm_sell_average_price": 79.1,
              "close_price": 0,
              "prod_type": 1,
              "multiplier": 1,
              "symbol": "RMDRIP",
              "sell_quantity": 1,
              "segment": "Capital",
              "buy_quantity": 0,
              "cf_buy_amount": 0,
              "cf_buy_average_price": 0,
              "net_amount": 79.1,
              "series": "EQ",
              "average_sell_price": 79.1,
              "xe_uuid": "INE219Y01026",
              "product": "CNC",
              "rmtm_buy_average_price": 0,
              "buy_amount": 0,
              "average_buy_price": 0,
              "realized_mtm": 0
            },
            {
              "ltp": 22.72,
              "other_margin": null,
              "sell_amount": 136.64000000000001,
              "exchange": "NSE",
              "net_quantity": -6,
              "token": "REDACTED",
              "average_price": 0,
              "client_id": "REDACTED",
              "cf_sell_average_price": 0,
              "cf_sell_quantity": 0,
              "pledged_quantity": 0,
              "cf_buy_quantity": 0,
              "cf_sell_amount": 0,
              "instrument_token": 11915,
              "previous_close": 22.93,
              "trading_symbol": "YESBANK-EQ",
              "v_login_id": "S2338362",
              "pro_cli": "CLIENT",
              "display_symbol": "YESBANK",
              "user_name": "REDACTED",
              "rmtm_sell_average_price": 22.76,
              "close_price": 0,
              "prod_type": 1,
              "multiplier": 1,
              "symbol": "YESBANK",
              "sell_quantity": 6,
              "segment": "Capital",
              "buy_quantity": 0,
              "cf_buy_amount": 0,
              "cf_buy_average_price": 0,
              "net_amount": 136.64000000000001,
              "series": "EQ",
              "average_sell_price": 22.773333333333337,
              "xe_uuid": "INE528G01035",
              "product": "CNC",
              "rmtm_buy_average_price": 0,
              "buy_amount": 0,
              "average_buy_price": 0,
              "realized_mtm": 0
            },
            {
              "ltp": 1.6,
              "other_margin": null,
              "sell_amount": 0,
              "exchange": "NSE",
              "net_quantity": 4,
              "token": "REDACTED",
              "average_price": 0,
              "client_id": "REDACTED",
              "cf_sell_average_price": 0,
              "cf_sell_quantity": 0,
              "pledged_quantity": 0,
              "cf_buy_quantity": 0,
              "cf_sell_amount": 0,
              "instrument_token": 25756,
              "previous_close": 1.6,
              "trading_symbol": "VIKASECO-EQ",
              "v_login_id": "S2338362",
              "pro_cli": "CLIENT",
              "display_symbol": "VIKASECO",
              "user_name": "REDACTED",
              "rmtm_sell_average_price": 0,
              "close_price": 0,
              "prod_type": 1,
              "multiplier": 1,
              "symbol": "VIKASECO",
              "sell_quantity": 0,
              "segment": "Capital",
              "buy_quantity": 4,
              "cf_buy_amount": 0,
              "cf_buy_average_price": 0,
              "net_amount": -6.4,
              "series": "EQ",
              "average_sell_price": 0,
              "xe_uuid": "INE806A01020",
              "product": "CNC",
              "rmtm_buy_average_price": 1.6,
              "buy_amount": 6.4,
              "average_buy_price": 1.6,
              "realized_mtm": 0
            },
            {
              "ltp": 101.49,
              "other_margin": null,
              "sell_amount": 101.62,
              "exchange": "NSE",
              "net_quantity": -1,
              "token": "REDACTED",
              "average_price": 0,
              "client_id": "REDACTED",
              "cf_sell_average_price": 0,
              "cf_sell_quantity": 0,
              "pledged_quantity": 0,
              "cf_buy_quantity": 0,
              "cf_sell_amount": 0,
              "instrument_token": 14428,
              "previous_close": 102.23,
              "trading_symbol": "GOLDBEES-EQ",
              "v_login_id": "S2338362",
              "pro_cli": "CLIENT",
              "display_symbol": "GOLDBEES",
              "user_name": "REDACTED",
              "rmtm_sell_average_price": 101.62,
              "close_price": 0,
              "prod_type": 1,
              "multiplier": 1,
              "symbol": "GOLDBEES",
              "sell_quantity": 1,
              "segment": "Capital",
              "buy_quantity": 0,
              "cf_buy_amount": 0,
              "cf_buy_average_price": 0,
              "net_amount": 101.62,
              "series": "EQ",
              "average_sell_price": 101.62,
              "xe_uuid": "INF204KB17I5",
              "product": "CNC",
              "rmtm_buy_average_price": 0,
              "buy_amount": 0,
              "average_buy_price": 0,
              "realized_mtm": 0
            },
            {
              "ltp": 10.39,
              "other_margin": null,
              "sell_amount": 115.17,
              "exchange": "NSE",
              "net_quantity": -10,
              "token": "REDACTED",
              "average_price": 0,
              "client_id": "REDACTED",
              "cf_sell_average_price": 0,
              "cf_sell_quantity": 0,
              "pledged_quantity": 0,
              "cf_buy_quantity": 0,
              "cf_sell_amount": 0,
              "instrument_token": 14366,
              "previous_close": 10.69,
              "trading_symbol": "IDEA-EQ",
              "v_login_id": "S2338362",
              "pro_cli": "CLIENT",
              "display_symbol": "IDEA",
              "user_name": "REDACTED",
              "rmtm_sell_average_price": 10.47,
              "close_price": 0,
              "prod_type": 1,
              "multiplier": 1,
              "symbol": "IDEA",
              "sell_quantity": 11,
              "segment": "Capital",
              "buy_quantity": 1,
              "cf_buy_amount": 0,
              "cf_buy_average_price": 0,
              "net_amount": 104.67,
              "series": "EQ",
              "average_sell_price": 10.47,
              "xe_uuid": "INE669E01016",
              "product": "CNC",
              "rmtm_buy_average_price": 10.5,
              "buy_amount": 10.5,
              "average_buy_price": 10.5,
              "realized_mtm": 0
            },
            {
              "ltp": 1.39,
              "other_margin": null,
              "sell_amount": 9.67,
              "exchange": "NSE",
              "net_quantity": 4,
              "token": "REDACTED",
              "average_price": 0,
              "client_id": "REDACTED",
              "cf_sell_average_price": 0,
              "cf_sell_quantity": 0,
              "pledged_quantity": 0,
              "cf_buy_quantity": 0,
              "cf_sell_amount": 0,
              "instrument_token": 13745,
              "previous_close": 1.38,
              "trading_symbol": "GTLINFRA-EQ",
              "v_login_id": "S2338362",
              "pro_cli": "CLIENT",
              "display_symbol": "GTLINFRA",
              "user_name": "REDACTED",
              "rmtm_sell_average_price": 1.3814,
              "close_price": 0,
              "prod_type": 1,
              "multiplier": 1,
              "symbol": "GTLINFRA",
              "sell_quantity": 7,
              "segment": "Capital",
              "buy_quantity": 11,
              "cf_buy_amount": 0,
              "cf_buy_average_price": 0,
              "net_amount": -5.620000000000001,
              "series": "EQ",
              "average_sell_price": 1.3814285714285715,
              "xe_uuid": "INE221H01019",
              "product": "CNC",
              "rmtm_buy_average_price": 1.39,
              "buy_amount": 15.290000000000001,
              "average_buy_price": 1.3900000000000001,
              "realized_mtm": 0
            },
            {
              "ltp": 19.42,
              "other_margin": null,
              "sell_amount": 38.79,
              "exchange": "NSE",
              "net_quantity": -2,
              "token": "REDACTED",
              "average_price": 0,
              "client_id": "REDACTED",
              "cf_sell_average_price": 0,
              "cf_sell_quantity": 0,
              "pledged_quantity": 0,
              "cf_buy_quantity": 0,
              "cf_sell_amount": 0,
              "instrument_token": 16249,
              "previous_close": 20.12,
              "trading_symbol": "INFIBEAM-EQ",
              "v_login_id": "S2338362",
              "pro_cli": "CLIENT",
              "display_symbol": "INFIBEAM",
              "user_name": "REDACTED",
              "rmtm_sell_average_price": 19.38,
              "close_price": 0,
              "prod_type": 1,
              "multiplier": 1,
              "symbol": "INFIBEAM",
              "sell_quantity": 2,
              "segment": "Capital",
              "buy_quantity": 0,
              "cf_buy_amount": 0,
              "cf_buy_average_price": 0,
              "net_amount": 38.79,
              "series": "EQ",
              "average_sell_price": 19.395,
              "xe_uuid": "INE483S01020",
              "product": "CNC",
              "rmtm_buy_average_price": 0,
              "buy_amount": 0,
              "average_buy_price": 0,
              "realized_mtm": 0
            }
          ],
          "message": "",
          "status": "success"
        }
      },
      "responseString": {
        "data": [
          {
            "ltp": 28.26,
            "other_margin": null,
            "sell_amount": 27.31,
            "exchange": "NSE",
            "net_quantity": 0,
            "token": "REDACTED",
            "average_price": 0,
            "client_id": "REDACTED",
            "cf_sell_average_price": 0,
            "cf_sell_quantity": 0,
            "pledged_quantity": 0,
            "cf_buy_quantity": 0,
            "cf_sell_amount": 0,
            "instrument_token": 11058,
            "previous_close": 23.55,
            "trading_symbol": "SECURKLOUD-EQ",
            "v_login_id": "S2338362",
            "pro_cli": "CLIENT",
            "display_symbol": "SECURKLOUD",
            "user_name": "REDACTED",
            "rmtm_sell_average_price": 27.31,
            "close_price": 0,
            "prod_type": 1,
            "multiplier": 1,
            "symbol": "SECURKLOUD",
            "sell_quantity": 1,
            "segment": "Capital",
            "buy_quantity": 1,
            "cf_buy_amount": 0,
            "cf_buy_average_price": 0,
            "net_amount": 0.7199999999999989,
            "series": "EQ",
            "average_sell_price": 27.31,
            "xe_uuid": "INE650K01021",
            "product": "CNC",
            "rmtm_buy_average_price": 26.59,
            "buy_amount": 26.59,
            "average_buy_price": 26.59,
            "realized_mtm": 0
          },
          {
            "ltp": 15.05,
            "other_margin": null,
            "sell_amount": 0,
            "exchange": "NSE",
            "net_quantity": 3,
            "token": "REDACTED",
            "average_price": 0,
            "client_id": "REDACTED",
            "cf_sell_average_price": 0,
            "cf_sell_quantity": 0,
            "pledged_quantity": 0,
            "cf_buy_quantity": 0,
            "cf_sell_amount": 0,
            "instrument_token": 13504,
            "previous_close": 15.14,
            "trading_symbol": "ALLCARGO-BE",
            "v_login_id": "S2338362",
            "pro_cli": "CLIENT",
            "display_symbol": "ALLCARGO",
            "user_name": "REDACTED",
            "rmtm_sell_average_price": 0,
            "close_price": 0,
            "prod_type": 1,
            "multiplier": 1,
            "symbol": "ALLCARGO",
            "sell_quantity": 0,
            "segment": "Capital",
            "buy_quantity": 3,
            "cf_buy_amount": 0,
            "cf_buy_average_price": 0,
            "net_amount": -47.67,
            "series": "BE",
            "average_sell_price": 0,
            "xe_uuid": "INE418H01029",
            "product": "CNC",
            "rmtm_buy_average_price": 15.89,
            "buy_amount": 47.67,
            "average_buy_price": 15.89,
            "realized_mtm": 0
          },
          {
            "ltp": 6.44,
            "other_margin": null,
            "sell_amount": 12.92,
            "exchange": "NSE",
            "net_quantity": -2,
            "token": "REDACTED",
            "average_price": 0,
            "client_id": "REDACTED",
            "cf_sell_average_price": 0,
            "cf_sell_quantity": 0,
            "pledged_quantity": 0,
            "cf_buy_quantity": 0,
            "cf_sell_amount": 0,
            "instrument_token": 3594,
            "previous_close": 6.45,
            "trading_symbol": "UNITECH-EQ",
            "v_login_id": "S2338362",
            "pro_cli": "CLIENT",
            "display_symbol": "UNITECH",
            "user_name": "REDACTED",
            "rmtm_sell_average_price": 6.46,
            "close_price": 0,
            "prod_type": 1,
            "multiplier": 1,
            "symbol": "UNITECH",
            "sell_quantity": 2,
            "segment": "Capital",
            "buy_quantity": 0,
            "cf_buy_amount": 0,
            "cf_buy_average_price": 0,
            "net_amount": 12.92,
            "series": "EQ",
            "average_sell_price": 6.46,
            "xe_uuid": "INE694A01020",
            "product": "CNC",
            "rmtm_buy_average_price": 0,
            "buy_amount": 0,
            "average_buy_price": 0,
            "realized_mtm": 0
          },
          {
            "ltp": 295.66,
            "other_margin": null,
            "sell_amount": 295.22,
            "exchange": "NSE",
            "net_quantity": -1,
            "token": "REDACTED",
            "average_price": 0,
            "client_id": "REDACTED",
            "cf_sell_average_price": 0,
            "cf_sell_quantity": 0,
            "pledged_quantity": 0,
            "cf_buy_quantity": 0,
            "cf_sell_amount": 0,
            "instrument_token": 10576,
            "previous_close": 294.37,
            "trading_symbol": "NIFTYBEES-EQ",
            "v_login_id": "S2338362",
            "pro_cli": "CLIENT",
            "display_symbol": "NIFTYBEES",
            "user_name": "REDACTED",
            "rmtm_sell_average_price": 295.22,
            "close_price": 0,
            "prod_type": 1,
            "multiplier": 1,
            "symbol": "NIFTYBEES",
            "sell_quantity": 1,
            "segment": "Capital",
            "buy_quantity": 0,
            "cf_buy_amount": 0,
            "cf_buy_average_price": 0,
            "net_amount": 295.22,
            "series": "EQ",
            "average_sell_price": 295.22,
            "xe_uuid": "INF204KB14I2",
            "product": "CNC",
            "rmtm_buy_average_price": 0,
            "buy_amount": 0,
            "average_buy_price": 0,
            "realized_mtm": 0
          },
          {
            "ltp": 79.46,
            "other_margin": null,
            "sell_amount": 79.1,
            "exchange": "NSE",
            "net_quantity": -1,
            "token": "REDACTED",
            "average_price": 0,
            "client_id": "REDACTED",
            "cf_sell_average_price": 0,
            "cf_sell_quantity": 0,
            "pledged_quantity": 0,
            "cf_buy_quantity": 0,
            "cf_sell_amount": 0,
            "instrument_token": 757834,
            "previous_close": 80.11,
            "trading_symbol": "RMDRIP-EQ",
            "v_login_id": "S2338362",
            "pro_cli": "CLIENT",
            "display_symbol": "RMDRIP",
            "user_name": "REDACTED",
            "rmtm_sell_average_price": 79.1,
            "close_price": 0,
            "prod_type": 1,
            "multiplier": 1,
            "symbol": "RMDRIP",
            "sell_quantity": 1,
            "segment": "Capital",
            "buy_quantity": 0,
            "cf_buy_amount": 0,
            "cf_buy_average_price": 0,
            "net_amount": 79.1,
            "series": "EQ",
            "average_sell_price": 79.1,
            "xe_uuid": "INE219Y01026",
            "product": "CNC",
            "rmtm_buy_average_price": 0,
            "buy_amount": 0,
            "average_buy_price": 0,
            "realized_mtm": 0
          },
          {
            "ltp": 22.72,
            "other_margin": null,
            "sell_amount": 136.64000000000001,
            "exchange": "NSE",
            "net_quantity": -6,
            "token": "REDACTED",
            "average_price": 0,
            "client_id": "REDACTED",
            "cf_sell_average_price": 0,
            "cf_sell_quantity": 0,
            "pledged_quantity": 0,
            "cf_buy_quantity": 0,
            "cf_sell_amount": 0,
            "instrument_token": 11915,
            "previous_close": 22.93,
            "trading_symbol": "YESBANK-EQ",
            "v_login_id": "S2338362",
            "pro_cli": "CLIENT",
            "display_symbol": "YESBANK",
            "user_name": "REDACTED",
            "rmtm_sell_average_price": 22.76,
            "close_price": 0,
            "prod_type": 1,
            "multiplier": 1,
            "symbol": "YESBANK",
            "sell_quantity": 6,
            "segment": "Capital",
            "buy_quantity": 0,
            "cf_buy_amount": 0,
            "cf_buy_average_price": 0,
            "net_amount": 136.64000000000001,
            "series": "EQ",
            "average_sell_price": 22.773333333333337,
            "xe_uuid": "INE528G01035",
            "product": "CNC",
            "rmtm_buy_average_price": 0,
            "buy_amount": 0,
            "average_buy_price": 0,
            "realized_mtm": 0
          },
          {
            "ltp": 1.6,
            "other_margin": null,
            "sell_amount": 0,
            "exchange": "NSE",
            "net_quantity": 4,
            "token": "REDACTED",
            "average_price": 0,
            "client_id": "REDACTED",
            "cf_sell_average_price": 0,
            "cf_sell_quantity": 0,
            "pledged_quantity": 0,
            "cf_buy_quantity": 0,
            "cf_sell_amount": 0,
            "instrument_token": 25756,
            "previous_close": 1.6,
            "trading_symbol": "VIKASECO-EQ",
            "v_login_id": "S2338362",
            "pro_cli": "CLIENT",
            "display_symbol": "VIKASECO",
            "user_name": "REDACTED",
            "rmtm_sell_average_price": 0,
            "close_price": 0,
            "prod_type": 1,
            "multiplier": 1,
            "symbol": "VIKASECO",
            "sell_quantity": 0,
            "segment": "Capital",
            "buy_quantity": 4,
            "cf_buy_amount": 0,
            "cf_buy_average_price": 0,
            "net_amount": -6.4,
            "series": "EQ",
            "average_sell_price": 0,
            "xe_uuid": "INE806A01020",
            "product": "CNC",
            "rmtm_buy_average_price": 1.6,
            "buy_amount": 6.4,
            "average_buy_price": 1.6,
            "realized_mtm": 0
          },
          {
            "ltp": 101.49,
            "other_margin": null,
            "sell_amount": 101.62,
            "exchange": "NSE",
            "net_quantity": -1,
            "token": "REDACTED",
            "average_price": 0,
            "client_id": "REDACTED",
            "cf_sell_average_price": 0,
            "cf_sell_quantity": 0,
            "pledged_quantity": 0,
            "cf_buy_quantity": 0,
            "cf_sell_amount": 0,
            "instrument_token": 14428,
            "previous_close": 102.23,
            "trading_symbol": "GOLDBEES-EQ",
            "v_login_id": "S2338362",
            "pro_cli": "CLIENT",
            "display_symbol": "GOLDBEES",
            "user_name": "REDACTED",
            "rmtm_sell_average_price": 101.62,
            "close_price": 0,
            "prod_type": 1,
            "multiplier": 1,
            "symbol": "GOLDBEES",
            "sell_quantity": 1,
            "segment": "Capital",
            "buy_quantity": 0,
            "cf_buy_amount": 0,
            "cf_buy_average_price": 0,
            "net_amount": 101.62,
            "series": "EQ",
            "average_sell_price": 101.62,
            "xe_uuid": "INF204KB17I5",
            "product": "CNC",
            "rmtm_buy_average_price": 0,
            "buy_amount": 0,
            "average_buy_price": 0,
            "realized_mtm": 0
          },
          {
            "ltp": 10.39,
            "other_margin": null,
            "sell_amount": 115.17,
            "exchange": "NSE",
            "net_quantity": -10,
            "token": "REDACTED",
            "average_price": 0,
            "client_id": "REDACTED",
            "cf_sell_average_price": 0,
            "cf_sell_quantity": 0,
            "pledged_quantity": 0,
            "cf_buy_quantity": 0,
            "cf_sell_amount": 0,
            "instrument_token": 14366,
            "previous_close": 10.69,
            "trading_symbol": "IDEA-EQ",
            "v_login_id": "S2338362",
            "pro_cli": "CLIENT",
            "display_symbol": "IDEA",
            "user_name": "REDACTED",
            "rmtm_sell_average_price": 10.47,
            "close_price": 0,
            "prod_type": 1,
            "multiplier": 1,
            "symbol": "IDEA",
            "sell_quantity": 11,
            "segment": "Capital",
            "buy_quantity": 1,
            "cf_buy_amount": 0,
            "cf_buy_average_price": 0,
            "net_amount": 104.67,
            "series": "EQ",
            "average_sell_price": 10.47,
            "xe_uuid": "INE669E01016",
            "product": "CNC",
            "rmtm_buy_average_price": 10.5,
            "buy_amount": 10.5,
            "average_buy_price": 10.5,
            "realized_mtm": 0
          },
          {
            "ltp": 1.39,
            "other_margin": null,
            "sell_amount": 9.67,
            "exchange": "NSE",
            "net_quantity": 4,
            "token": "REDACTED",
            "average_price": 0,
            "client_id": "REDACTED",
            "cf_sell_average_price": 0,
            "cf_sell_quantity": 0,
            "pledged_quantity": 0,
            "cf_buy_quantity": 0,
            "cf_sell_amount": 0,
            "instrument_token": 13745,
            "previous_close": 1.38,
            "trading_symbol": "GTLINFRA-EQ",
            "v_login_id": "S2338362",
            "pro_cli": "CLIENT",
            "display_symbol": "GTLINFRA",
            "user_name": "REDACTED",
            "rmtm_sell_average_price": 1.3814,
            "close_price": 0,
            "prod_type": 1,
            "multiplier": 1,
            "symbol": "GTLINFRA",
            "sell_quantity": 7,
            "segment": "Capital",
            "buy_quantity": 11,
            "cf_buy_amount": 0,
            "cf_buy_average_price": 0,
            "net_amount": -5.620000000000001,
            "series": "EQ",
            "average_sell_price": 1.3814285714285715,
            "xe_uuid": "INE221H01019",
            "product": "CNC",
            "rmtm_buy_average_price": 1.39,
            "buy_amount": 15.290000000000001,
            "average_buy_price": 1.3900000000000001,
            "realized_mtm": 0
          },
          {
            "ltp": 19.42,
            "other_margin": null,
            "sell_amount": 38.79,
            "exchange": "NSE",
            "net_quantity": -2,
            "token": "REDACTED",
            "average_price": 0,
            "client_id": "REDACTED",
            "cf_sell_average_price": 0,
            "cf_sell_quantity": 0,
            "pledged_quantity": 0,
            "cf_buy_quantity": 0,
            "cf_sell_amount": 0,
            "instrument_token": 16249,
            "previous_close": 20.12,
            "trading_symbol": "INFIBEAM-EQ",
            "v_login_id": "S2338362",
            "pro_cli": "CLIENT",
            "display_symbol": "INFIBEAM",
            "user_name": "REDACTED",
            "rmtm_sell_average_price": 19.38,
            "close_price": 0,
            "prod_type": 1,
            "multiplier": 1,
            "symbol": "INFIBEAM",
            "sell_quantity": 2,
            "segment": "Capital",
            "buy_quantity": 0,
            "cf_buy_amount": 0,
            "cf_buy_average_price": 0,
            "net_amount": 38.79,
            "series": "EQ",
            "average_sell_price": 19.395,
            "xe_uuid": "INE483S01020",
            "product": "CNC",
            "rmtm_buy_average_price": 0,
            "buy_amount": 0,
            "average_buy_price": 0,
            "realized_mtm": 0
          }
        ],
        "message": "",
        "status": "success"
      }
    },
    "userId": "69045647228214990ee7483a",
    "brokerFunctionLogId": "f6d76fd9-7636-460c-906d-310a35a035c3",
    "functionName": "Portfolio.liveHoldings",
    "brokerName": "hdfcsky"
  },
  "reqId": "4b6ef170-c5e5-11f0-bdec-51047f4f1818",
  "msg": "",
  "time": "2025-11-20T07:48:25.473Z",
  "v": 0
},
{
  "name": "sc.service.sc-integrations-brokers-api",
  "version": "3.8.9",
  "hostname": "ip-10-137-0-189",
  "pid": 2717,
  "type": "SC_BROKER",
  "level": 30,
  "context": {
    "broker": "hdfcsky",
    "msg": "Successful request",
    "details": {
      "request": {
        "url": "https://developer.hdfcsky.com/oapi/v1/holdings?api_key=1bc928ff1ce54970b0a2f2ae4740dc77&client_id=S2338362",
        "method": "GET",
        "headers": {
          "Authorization": "REDACTED",
          "Content-Type": "application/json"
        },
        "timeout": 20000
      },
      "userId": "S2338362",
      "accessToken": "REDACTED",
      "response": {
        "statusCode": 200,
        "body": {
          "data": {
            "holdings": [
              {
                "instrument_details": {
                  "exchange": 1,
                  "instrument_name": "EQ",
                  "instrument_token": 9931,
                  "trading_symbol": "VIKASLIFE-EQ"
                },
                "client_id": "REDACTED",
                "exchange": "NSE",
                "pledge_value": 0,
                "t1_quantity": 0,
                "net_holding_quantity": 20,
                "buy_avg": 2.03,
                "squared_off_pledge_quantity": 0,
                "previous_close": 1.96,
                "t0_price": 0,
                "today_pledge_quantity": 0,
                "symbol": "VIKASLIFE",
                "actual_buy_avg": 2.03,
                "token": "REDACTED",
                "pledge_percentage": 0,
                "buy_avg_mtm": 0,
                "trading_symbol": "VIKASLIFE",
                "used_quantity": 0,
                "pledge_allow": false,
                "t2_quantity": 0,
                "squared_off_free_quantity": 0,
                "today_unpledge_quantity": 0,
                "isin": "INE161L01027",
                "pms_quantity": 20,
                "ltp": 1.96,
                "pending_quantity": 11,
                "t0_quantity": 0,
                "free_quantity": 9,
                "transaction_type": "",
                "branch_code": "",
                "pledge_quantity": 0,
                "quantity": 20,
                "t2_price": 0,
                "t1_price": 0
              },
              {
                "instrument_details": {
                  "exchange": 1,
                  "instrument_name": "EQ",
                  "instrument_token": 757834,
                  "trading_symbol": "RMDRIP-EQ"
                },
                "client_id": "REDACTED",
                "exchange": "NSE",
                "pledge_value": 0,
                "t1_quantity": 0,
                "net_holding_quantity": 1,
                "buy_avg": 81.04,
                "squared_off_pledge_quantity": 0,
                "previous_close": 80.11,
                "t0_price": 0,
                "today_pledge_quantity": 0,
                "symbol": "RMDRIP",
                "actual_buy_avg": 81.04,
                "token": "REDACTED",
                "pledge_percentage": 0,
                "buy_avg_mtm": -0.6500000000000057,
                "trading_symbol": "RMDRIP",
                "used_quantity": 1,
                "pledge_allow": false,
                "t2_quantity": 0,
                "squared_off_free_quantity": 1,
                "today_unpledge_quantity": 0,
                "isin": "INE219Y01026",
                "pms_quantity": 1,
                "ltp": 79.46,
                "pending_quantity": 1,
                "t0_quantity": 0,
                "free_quantity": 0,
                "transaction_type": "",
                "branch_code": "",
                "pledge_quantity": 0,
                "quantity": 1,
                "t2_price": 0,
                "t1_price": 0
              },
              {
                "instrument_details": {
                  "exchange": 1,
                  "instrument_name": "EQ",
                  "instrument_token": 13745,
                  "trading_symbol": "GTLINFRA-EQ"
                },
                "client_id": "REDACTED",
                "exchange": "NSE",
                "pledge_value": 0,
                "t1_quantity": 0,
                "net_holding_quantity": 26,
                "buy_avg": 1.48,
                "squared_off_pledge_quantity": 0,
                "previous_close": 1.38,
                "t0_price": 0,
                "today_pledge_quantity": 0,
                "symbol": "GTLINFRA",
                "actual_buy_avg": 1.48,
                "token": "REDACTED",
                "pledge_percentage": 0,
                "buy_avg_mtm": 0.26000000000000023,
                "trading_symbol": "GTLINFRA",
                "used_quantity": 0,
                "pledge_allow": false,
                "t2_quantity": 0,
                "squared_off_free_quantity": 6,
                "today_unpledge_quantity": 0,
                "isin": "INE221H01019",
                "pms_quantity": 26,
                "ltp": 1.39,
                "pending_quantity": 1,
                "t0_quantity": 0,
                "free_quantity": 25,
                "transaction_type": "",
                "branch_code": "",
                "pledge_quantity": 0,
                "quantity": 26,
                "t2_price": 0,
                "t1_price": 0
              },
              {
                "instrument_details": {
                  "exchange": 1,
                  "instrument_name": "EQ",
                  "instrument_token": 16249,
                  "trading_symbol": "INFIBEAM-EQ"
                },
                "client_id": "REDACTED",
                "exchange": "NSE",
                "pledge_value": 0,
                "t1_quantity": 0,
                "net_holding_quantity": 2,
                "buy_avg": 19.84,
                "squared_off_pledge_quantity": 0,
                "previous_close": 20.12,
                "t0_price": 0,
                "today_pledge_quantity": 0,
                "symbol": "INFIBEAM",
                "actual_buy_avg": 19.84,
                "token": "REDACTED",
                "pledge_percentage": 0,
                "buy_avg_mtm": -1.3999999999999986,
                "trading_symbol": "INFIBEAM",
                "used_quantity": 2,
                "pledge_allow": false,
                "t2_quantity": 0,
                "squared_off_free_quantity": 2,
                "today_unpledge_quantity": 0,
                "isin": "INE483S01020",
                "pms_quantity": 2,
                "ltp": 19.42,
                "pending_quantity": 0,
                "t0_quantity": 0,
                "free_quantity": 2,
                "transaction_type": "",
                "branch_code": "",
                "pledge_quantity": 0,
                "quantity": 2,
                "t2_price": 0,
                "t1_price": 0
              },
              {
                "instrument_details": {
                  "exchange": 1,
                  "instrument_name": "EQ",
                  "instrument_token": 11915,
                  "trading_symbol": "YESBANK-EQ"
                },
                "client_id": "REDACTED",
                "exchange": "NSE",
                "pledge_value": 0,
                "t1_quantity": 0,
                "net_holding_quantity": 6,
                "buy_avg": 23.41,
                "squared_off_pledge_quantity": 0,
                "previous_close": 22.93,
                "t0_price": 0,
                "today_pledge_quantity": 0,
                "symbol": "YESBANK",
                "actual_buy_avg": 23.41,
                "token": "REDACTED",
                "pledge_percentage": 70,
                "buy_avg_mtm": -1.2600000000000051,
                "trading_symbol": "YESBANK",
                "used_quantity": 6,
                "pledge_allow": true,
                "t2_quantity": 0,
                "squared_off_free_quantity": 6,
                "today_unpledge_quantity": 0,
                "isin": "INE528G01035",
                "pms_quantity": 6,
                "ltp": 22.72,
                "pending_quantity": 2,
                "t0_quantity": 0,
                "free_quantity": 4,
                "transaction_type": "",
                "branch_code": "",
                "pledge_quantity": 0,
                "quantity": 6,
                "t2_price": 0,
                "t1_price": 0
              },
              {
                "instrument_details": {
                  "exchange": 1,
                  "instrument_name": "EQ",
                  "instrument_token": 14366,
                  "trading_symbol": "IDEA-EQ"
                },
                "client_id": "REDACTED",
                "exchange": "NSE",
                "pledge_value": 0,
                "t1_quantity": 0,
                "net_holding_quantity": 11,
                "buy_avg": 10.55,
                "squared_off_pledge_quantity": 0,
                "previous_close": 10.69,
                "t0_price": 0,
                "today_pledge_quantity": 0,
                "symbol": "IDEA",
                "actual_buy_avg": 10.55,
                "token": "REDACTED",
                "pledge_percentage": 70,
                "buy_avg_mtm": -3.2999999999999883,
                "trading_symbol": "IDEA",
                "used_quantity": 10,
                "pledge_allow": true,
                "t2_quantity": 0,
                "squared_off_free_quantity": 10,
                "today_unpledge_quantity": 0,
                "isin": "INE669E01016",
                "pms_quantity": 11,
                "ltp": 10.39,
                "pending_quantity": 0,
                "t0_quantity": 0,
                "free_quantity": 11,
                "transaction_type": "",
                "branch_code": "",
                "pledge_quantity": 0,
                "quantity": 11,
                "t2_price": 0,
                "t1_price": 0
              },
              {
                "instrument_details": {
                  "exchange": 1,
                  "instrument_name": "EQ",
                  "instrument_token": 3594,
                  "trading_symbol": "UNITECH-EQ"
                },
                "client_id": "REDACTED",
                "exchange": "NSE",
                "pledge_value": 0,
                "t1_quantity": 0,
                "net_holding_quantity": 4,
                "buy_avg": 7.48,
                "squared_off_pledge_quantity": 0,
                "previous_close": 6.45,
                "t0_price": 0,
                "today_pledge_quantity": 0,
                "symbol": "UNITECH",
                "actual_buy_avg": 7.48,
                "token": "REDACTED",
                "pledge_percentage": 0,
                "buy_avg_mtm": -0.03999999999999915,
                "trading_symbol": "UNITECH",
                "used_quantity": 2,
                "pledge_allow": false,
                "t2_quantity": 0,
                "squared_off_free_quantity": 2,
                "today_unpledge_quantity": 0,
                "isin": "INE694A01020",
                "pms_quantity": 4,
                "ltp": 6.44,
                "pending_quantity": 0,
                "t0_quantity": 0,
                "free_quantity": 4,
                "transaction_type": "",
                "branch_code": "",
                "pledge_quantity": 0,
                "quantity": 4,
                "t2_price": 0,
                "t1_price": 0
              },
              {
                "instrument_details": {
                  "exchange": 1,
                  "instrument_name": "EQ",
                  "instrument_token": 25756,
                  "trading_symbol": "VIKASECO-EQ"
                },
                "client_id": "REDACTED",
                "exchange": "NSE",
                "pledge_value": 0,
                "t1_quantity": 0,
                "net_holding_quantity": 2,
                "buy_avg": 1.71,
                "squared_off_pledge_quantity": 0,
                "previous_close": 1.6,
                "t0_price": 0,
                "today_pledge_quantity": 0,
                "symbol": "VIKASECO",
                "actual_buy_avg": 1.71,
                "token": "REDACTED",
                "pledge_percentage": 0,
                "buy_avg_mtm": 0,
                "trading_symbol": "VIKASECO",
                "used_quantity": 0,
                "pledge_allow": false,
                "t2_quantity": 0,
                "squared_off_free_quantity": 0,
                "today_unpledge_quantity": 0,
                "isin": "INE806A01020",
                "pms_quantity": 2,
                "ltp": 1.6,
                "pending_quantity": 0,
                "t0_quantity": 0,
                "free_quantity": 2,
                "transaction_type": "",
                "branch_code": "",
                "pledge_quantity": 0,
                "quantity": 2,
                "t2_price": 0,
                "t1_price": 0
              },
              {
                "instrument_details": {
                  "exchange": 1,
                  "instrument_name": "EQ",
                  "instrument_token": 10576,
                  "trading_symbol": "NIFTYBEES-EQ"
                },
                "client_id": "REDACTED",
                "exchange": "NSE",
                "pledge_value": 0,
                "t1_quantity": 0,
                "net_holding_quantity": 1,
                "buy_avg": 293.52,
                "squared_off_pledge_quantity": 0,
                "previous_close": 294.37,
                "t0_price": 0,
                "today_pledge_quantity": 0,
                "symbol": "NIFTYBEES",
                "actual_buy_avg": 293.52,
                "token": "REDACTED",
                "pledge_percentage": 80,
                "buy_avg_mtm": 1.2900000000000205,
                "trading_symbol": "NIFTYBEES",
                "used_quantity": 1,
                "pledge_allow": true,
                "t2_quantity": 0,
                "squared_off_free_quantity": 1,
                "today_unpledge_quantity": 0,
                "isin": "INF204KB14I2",
                "pms_quantity": 1,
                "ltp": 295.66,
                "pending_quantity": 0,
                "t0_quantity": 0,
                "free_quantity": 1,
                "transaction_type": "",
                "branch_code": "",
                "pledge_quantity": 0,
                "quantity": 1,
                "t2_price": 0,
                "t1_price": 0
              },
              {
                "instrument_details": {
                  "exchange": 1,
                  "instrument_name": "EQ",
                  "instrument_token": 14428,
                  "trading_symbol": "GOLDBEES-EQ"
                },
                "client_id": "REDACTED",
                "exchange": "NSE",
                "pledge_value": 0,
                "t1_quantity": 0,
                "net_holding_quantity": 1,
                "buy_avg": 100.28,
                "squared_off_pledge_quantity": 0,
                "previous_close": 102.23,
                "t0_price": 0,
                "today_pledge_quantity": 0,
                "symbol": "GOLDBEES",
                "actual_buy_avg": 100.28,
                "token": "REDACTED",
                "pledge_percentage": 65,
                "buy_avg_mtm": -0.7400000000000091,
                "trading_symbol": "GOLDBEES",
                "used_quantity": 1,
                "pledge_allow": true,
                "t2_quantity": 0,
                "squared_off_free_quantity": 1,
                "today_unpledge_quantity": 0,
                "isin": "INF204KB17I5",
                "pms_quantity": 1,
                "ltp": 101.49,
                "pending_quantity": 0,
                "t0_quantity": 0,
                "free_quantity": 1,
                "transaction_type": "",
                "branch_code": "",
                "pledge_quantity": 0,
                "quantity": 1,
                "t2_price": 0,
                "t1_price": 0
              }
            ]
          },
          "message": "",
          "status": "success"
        }
      },
      "responseString": {
        "data": {
          "holdings": [
            {
              "instrument_details": {
                "exchange": 1,
                "instrument_name": "EQ",
                "instrument_token": 9931,
                "trading_symbol": "VIKASLIFE-EQ"
              },
              "client_id": "REDACTED",
              "exchange": "NSE",
              "pledge_value": 0,
              "t1_quantity": 0,
              "net_holding_quantity": 20,
              "buy_avg": 2.03,
              "squared_off_pledge_quantity": 0,
              "previous_close": 1.96,
              "t0_price": 0,
              "today_pledge_quantity": 0,
              "symbol": "VIKASLIFE",
              "actual_buy_avg": 2.03,
              "token": "REDACTED",
              "pledge_percentage": 0,
              "buy_avg_mtm": 0,
              "trading_symbol": "VIKASLIFE",
              "used_quantity": 0,
              "pledge_allow": false,
              "t2_quantity": 0,
              "squared_off_free_quantity": 0,
              "today_unpledge_quantity": 0,
              "isin": "INE161L01027",
              "pms_quantity": 20,
              "ltp": 1.96,
              "pending_quantity": 11,
              "t0_quantity": 0,
              "free_quantity": 9,
              "transaction_type": "",
              "branch_code": "",
              "pledge_quantity": 0,
              "quantity": 20,
              "t2_price": 0,
              "t1_price": 0
            },
            {
              "instrument_details": {
                "exchange": 1,
                "instrument_name": "EQ",
                "instrument_token": 757834,
                "trading_symbol": "RMDRIP-EQ"
              },
              "client_id": "REDACTED",
              "exchange": "NSE",
              "pledge_value": 0,
              "t1_quantity": 0,
              "net_holding_quantity": 1,
              "buy_avg": 81.04,
              "squared_off_pledge_quantity": 0,
              "previous_close": 80.11,
              "t0_price": 0,
              "today_pledge_quantity": 0,
              "symbol": "RMDRIP",
              "actual_buy_avg": 81.04,
              "token": "REDACTED",
              "pledge_percentage": 0,
              "buy_avg_mtm": -0.6500000000000057,
              "trading_symbol": "RMDRIP",
              "used_quantity": 1,
              "pledge_allow": false,
              "t2_quantity": 0,
              "squared_off_free_quantity": 1,
              "today_unpledge_quantity": 0,
              "isin": "INE219Y01026",
              "pms_quantity": 1,
              "ltp": 79.46,
              "pending_quantity": 1,
              "t0_quantity": 0,
              "free_quantity": 0,
              "transaction_type": "",
              "branch_code": "",
              "pledge_quantity": 0,
              "quantity": 1,
              "t2_price": 0,
              "t1_price": 0
            },
            {
              "instrument_details": {
                "exchange": 1,
                "instrument_name": "EQ",
                "instrument_token": 13745,
                "trading_symbol": "GTLINFRA-EQ"
              },
              "client_id": "REDACTED",
              "exchange": "NSE",
              "pledge_value": 0,
              "t1_quantity": 0,
              "net_holding_quantity": 26,
              "buy_avg": 1.48,
              "squared_off_pledge_quantity": 0,
              "previous_close": 1.38,
              "t0_price": 0,
              "today_pledge_quantity": 0,
              "symbol": "GTLINFRA",
              "actual_buy_avg": 1.48,
              "token": "REDACTED",
              "pledge_percentage": 0,
              "buy_avg_mtm": 0.26000000000000023,
              "trading_symbol": "GTLINFRA",
              "used_quantity": 0,
              "pledge_allow": false,
              "t2_quantity": 0,
              "squared_off_free_quantity": 6,
              "today_unpledge_quantity": 0,
              "isin": "INE221H01019",
              "pms_quantity": 26,
              "ltp": 1.39,
              "pending_quantity": 1,
              "t0_quantity": 0,
              "free_quantity": 25,
              "transaction_type": "",
              "branch_code": "",
              "pledge_quantity": 0,
              "quantity": 26,
              "t2_price": 0,
              "t1_price": 0
            },
            {
              "instrument_details": {
                "exchange": 1,
                "instrument_name": "EQ",
                "instrument_token": 16249,
                "trading_symbol": "INFIBEAM-EQ"
              },
              "client_id": "REDACTED",
              "exchange": "NSE",
              "pledge_value": 0,
              "t1_quantity": 0,
              "net_holding_quantity": 2,
              "buy_avg": 19.84,
              "squared_off_pledge_quantity": 0,
              "previous_close": 20.12,
              "t0_price": 0,
              "today_pledge_quantity": 0,
              "symbol": "INFIBEAM",
              "actual_buy_avg": 19.84,
              "token": "REDACTED",
              "pledge_percentage": 0,
              "buy_avg_mtm": -1.3999999999999986,
              "trading_symbol": "INFIBEAM",
              "used_quantity": 2,
              "pledge_allow": false,
              "t2_quantity": 0,
              "squared_off_free_quantity": 2,
              "today_unpledge_quantity": 0,
              "isin": "INE483S01020",
              "pms_quantity": 2,
              "ltp": 19.42,
              "pending_quantity": 0,
              "t0_quantity": 0,
              "free_quantity": 2,
              "transaction_type": "",
              "branch_code": "",
              "pledge_quantity": 0,
              "quantity": 2,
              "t2_price": 0,
              "t1_price": 0
            },
            {
              "instrument_details": {
                "exchange": 1,
                "instrument_name": "EQ",
                "instrument_token": 11915,
                "trading_symbol": "YESBANK-EQ"
              },
              "client_id": "REDACTED",
              "exchange": "NSE",
              "pledge_value": 0,
              "t1_quantity": 0,
              "net_holding_quantity": 6,
              "buy_avg": 23.41,
              "squared_off_pledge_quantity": 0,
              "previous_close": 22.93,
              "t0_price": 0,
              "today_pledge_quantity": 0,
              "symbol": "YESBANK",
              "actual_buy_avg": 23.41,
              "token": "REDACTED",
              "pledge_percentage": 70,
              "buy_avg_mtm": -1.2600000000000051,
              "trading_symbol": "YESBANK",
              "used_quantity": 6,
              "pledge_allow": true,
              "t2_quantity": 0,
              "squared_off_free_quantity": 6,
              "today_unpledge_quantity": 0,
              "isin": "INE528G01035",
              "pms_quantity": 6,
              "ltp": 22.72,
              "pending_quantity": 2,
              "t0_quantity": 0,
              "free_quantity": 4,
              "transaction_type": "",
              "branch_code": "",
              "pledge_quantity": 0,
              "quantity": 6,
              "t2_price": 0,
              "t1_price": 0
            },
            {
              "instrument_details": {
                "exchange": 1,
                "instrument_name": "EQ",
                "instrument_token": 14366,
                "trading_symbol": "IDEA-EQ"
              },
              "client_id": "REDACTED",
              "exchange": "NSE",
              "pledge_value": 0,
              "t1_quantity": 0,
              "net_holding_quantity": 11,
              "buy_avg": 10.55,
              "squared_off_pledge_quantity": 0,
              "previous_close": 10.69,
              "t0_price": 0,
              "today_pledge_quantity": 0,
              "symbol": "IDEA",
              "actual_buy_avg": 10.55,
              "token": "REDACTED",
              "pledge_percentage": 70,
              "buy_avg_mtm": -3.2999999999999883,
              "trading_symbol": "IDEA",
              "used_quantity": 10,
              "pledge_allow": true,
              "t2_quantity": 0,
              "squared_off_free_quantity": 10,
              "today_unpledge_quantity": 0,
              "isin": "INE669E01016",
              "pms_quantity": 11,
              "ltp": 10.39,
              "pending_quantity": 0,
              "t0_quantity": 0,
              "free_quantity": 11,
              "transaction_type": "",
              "branch_code": "",
              "pledge_quantity": 0,
              "quantity": 11,
              "t2_price": 0,
              "t1_price": 0
            },
            {
              "instrument_details": {
                "exchange": 1,
                "instrument_name": "EQ",
                "instrument_token": 3594,
                "trading_symbol": "UNITECH-EQ"
              },
              "client_id": "REDACTED",
              "exchange": "NSE",
              "pledge_value": 0,
              "t1_quantity": 0,
              "net_holding_quantity": 4,
              "buy_avg": 7.48,
              "squared_off_pledge_quantity": 0,
              "previous_close": 6.45,
              "t0_price": 0,
              "today_pledge_quantity": 0,
              "symbol": "UNITECH",
              "actual_buy_avg": 7.48,
              "token": "REDACTED",
              "pledge_percentage": 0,
              "buy_avg_mtm": -0.03999999999999915,
              "trading_symbol": "UNITECH",
              "used_quantity": 2,
              "pledge_allow": false,
              "t2_quantity": 0,
              "squared_off_free_quantity": 2,
              "today_unpledge_quantity": 0,
              "isin": "INE694A01020",
              "pms_quantity": 4,
              "ltp": 6.44,
              "pending_quantity": 0,
              "t0_quantity": 0,
              "free_quantity": 4,
              "transaction_type": "",
              "branch_code": "",
              "pledge_quantity": 0,
              "quantity": 4,
              "t2_price": 0,
              "t1_price": 0
            },
            {
              "instrument_details": {
                "exchange": 1,
                "instrument_name": "EQ",
                "instrument_token": 25756,
                "trading_symbol": "VIKASECO-EQ"
              },
              "client_id": "REDACTED",
              "exchange": "NSE",
              "pledge_value": 0,
              "t1_quantity": 0,
              "net_holding_quantity": 2,
              "buy_avg": 1.71,
              "squared_off_pledge_quantity": 0,
              "previous_close": 1.6,
              "t0_price": 0,
              "today_pledge_quantity": 0,
              "symbol": "VIKASECO",
              "actual_buy_avg": 1.71,
              "token": "REDACTED",
              "pledge_percentage": 0,
              "buy_avg_mtm": 0,
              "trading_symbol": "VIKASECO",
              "used_quantity": 0,
              "pledge_allow": false,
              "t2_quantity": 0,
              "squared_off_free_quantity": 0,
              "today_unpledge_quantity": 0,
              "isin": "INE806A01020",
              "pms_quantity": 2,
              "ltp": 1.6,
              "pending_quantity": 0,
              "t0_quantity": 0,
              "free_quantity": 2,
              "transaction_type": "",
              "branch_code": "",
              "pledge_quantity": 0,
              "quantity": 2,
              "t2_price": 0,
              "t1_price": 0
            },
            {
              "instrument_details": {
                "exchange": 1,
                "instrument_name": "EQ",
                "instrument_token": 10576,
                "trading_symbol": "NIFTYBEES-EQ"
              },
              "client_id": "REDACTED",
              "exchange": "NSE",
              "pledge_value": 0,
              "t1_quantity": 0,
              "net_holding_quantity": 1,
              "buy_avg": 293.52,
              "squared_off_pledge_quantity": 0,
              "previous_close": 294.37,
              "t0_price": 0,
              "today_pledge_quantity": 0,
              "symbol": "NIFTYBEES",
              "actual_buy_avg": 293.52,
              "token": "REDACTED",
              "pledge_percentage": 80,
              "buy_avg_mtm": 1.2900000000000205,
              "trading_symbol": "NIFTYBEES",
              "used_quantity": 1,
              "pledge_allow": true,
              "t2_quantity": 0,
              "squared_off_free_quantity": 1,
              "today_unpledge_quantity": 0,
              "isin": "INF204KB14I2",
              "pms_quantity": 1,
              "ltp": 295.66,
              "pending_quantity": 0,
              "t0_quantity": 0,
              "free_quantity": 1,
              "transaction_type": "",
              "branch_code": "",
              "pledge_quantity": 0,
              "quantity": 1,
              "t2_price": 0,
              "t1_price": 0
            },
            {
              "instrument_details": {
                "exchange": 1,
                "instrument_name": "EQ",
                "instrument_token": 14428,
                "trading_symbol": "GOLDBEES-EQ"
              },
              "client_id": "REDACTED",
              "exchange": "NSE",
              "pledge_value": 0,
              "t1_quantity": 0,
              "net_holding_quantity": 1,
              "buy_avg": 100.28,
              "squared_off_pledge_quantity": 0,
              "previous_close": 102.23,
              "t0_price": 0,
              "today_pledge_quantity": 0,
              "symbol": "GOLDBEES",
              "actual_buy_avg": 100.28,
              "token": "REDACTED",
              "pledge_percentage": 65,
              "buy_avg_mtm": -0.7400000000000091,
              "trading_symbol": "GOLDBEES",
              "used_quantity": 1,
              "pledge_allow": true,
              "t2_quantity": 0,
              "squared_off_free_quantity": 1,
              "today_unpledge_quantity": 0,
              "isin": "INF204KB17I5",
              "pms_quantity": 1,
              "ltp": 101.49,
              "pending_quantity": 0,
              "t0_quantity": 0,
              "free_quantity": 1,
              "transaction_type": "",
              "branch_code": "",
              "pledge_quantity": 0,
              "quantity": 1,
              "t2_price": 0,
              "t1_price": 0
            }
          ]
        },
        "message": "",
        "status": "success"
      }
    },
    "userId": "69045647228214990ee7483a",
    "brokerFunctionLogId": "f6d76fd9-7636-460c-906d-310a35a035c3",
    "functionName": "Portfolio.liveHoldings",
    "brokerName": "hdfcsky"
  },
  "reqId": "4b6ef170-c5e5-11f0-bdec-51047f4f1818",
  "msg": "",
  "time": "2025-11-20T07:48:25.353Z",
  "v": 0
},
{
  "name": "sc.service.sc-integrations-brokers-api",
  "version": "3.8.9",
  "hostname": "ip-10-137-0-189",
  "pid": 2710,
  "type": "SC_BROKER",
  "level": 30,
  "context": {
    "options": {
      "accessToken": "REDACTED",
      "apiKey": "REDACTED",
      "apiSecret": "REDACTED",
      "buyAmount": 0,
      "sellAmount": 0,
      "stocksCount": 0
    },
    "response": {
      "error": null,
      "response": {
        "code": true,
        "reason": "success",
        "sufficientFunds": true,
        "requiredFunds": 0,
        "allowedSellValues": {
          "T0": 0,
          "T1": 1
        }
      }
    },
    "user": {
      "id": "69045647228214990ee7483a"
    },
    "brokerFunctionLogId": "621c394e-cfdc-4f51-ae91-85680e5a1801",
    "brokerApi": {
      "functionName": "Funds.check",
      "brokerName": "hdfcsky"
    }
  },
  "reqId": "4b6d6ad0-c5e5-11f0-93c3-09a9fea7c49a",
  "msg": "broker lib function response recieved",
  "time": "2025-11-20T07:48:25.216Z",
  "v": 0
},
{
  "name": "sc.service.sc-integrations-brokers-api",
  "version": "3.8.9",
  "hostname": "ip-10-137-0-189",
  "pid": 2717,
  "type": "SC_BROKER",
  "level": 30,
  "context": {
    "options": {
      "accessToken": "REDACTED",
      "segment": "equity",
      "apiKey": "REDACTED",
      "apiSecret": "REDACTED"
    },
    "response": {
      "error": null,
      "response": {
        "code": false,
        "reason": "failure",
        "statusCode": 501
      }
    },
    "userId": "69045647228214990ee7483a",
    "brokerFunctionLogId": "bc2446c7-0048-41aa-9718-ee38f722febb",
    "brokerApi": {
      "functionName": "Funds.get",
      "brokerName": "hdfcsky"
    }
  },
  "reqId": "4b2eb420-c5e5-11f0-bdec-51047f4f1818",
  "msg": "broker lib function response recieved",
  "time": "2025-11-20T07:48:24.804Z",
  "v": 0
},
{
  "name": "sc.service.sc-integrations-brokers-api",
  "version": "3.8.9",
  "hostname": "ip-10-137-0-189",
  "pid": 2717,
  "type": "SC_BROKER",
  "level": 30,
  "context": {
    "options": {
      "accessToken": "REDACTED",
      "apiKey": "REDACTED",
      "apiSecret": "REDACTED",
      "buyAmount": 0,
      "sellAmount": 0,
      "stocksCount": 0
    },
    "response": {
      "error": null,
      "response": {
        "code": true,
        "reason": "success",
        "sufficientFunds": true,
        "requiredFunds": 0,
        "allowedSellValues": {
          "T0": 0,
          "T1": 1
        }
      }
    },
    "user": {
      "id": "69045647228214990ee7483a"
    },
    "brokerFunctionLogId": "b70959d4-ab07-4480-920d-258096c813bc",
    "brokerApi": {
      "functionName": "Funds.check",
      "brokerName": "hdfcsky"
    }
  },
  "reqId": "47f9d9d0-c5e3-11f0-bdec-51047f4f1818",
  "msg": "broker lib function response recieved",
  "time": "2025-11-20T07:34:00.431Z",
  "v": 0
},
{
  "name": "sc.service.sc-integrations-brokers-api",
  "version": "3.8.9",
  "hostname": "ip-10-137-0-189",
  "pid": 2717,
  "type": "SC_BROKER",
  "level": 30,
  "context": {
    "options": {
      "accessToken": "REDACTED",
      "segment": "equity",
      "apiKey": "REDACTED",
      "apiSecret": "REDACTED"
    },
    "response": {
      "error": null,
      "response": {
        "code": false,
        "reason": "failure",
        "statusCode": 501
      }
    },
    "userId": "69045647228214990ee7483a",
    "brokerFunctionLogId": "d3109369-c049-4733-a0ff-ec48ef8fe990",
    "brokerApi": {
      "functionName": "Funds.get",
      "brokerName": "hdfcsky"
    }
  },
  "reqId": "47f67e70-c5e3-11f0-bdec-51047f4f1818",
  "msg": "broker lib function response recieved",
  "time": "2025-11-20T07:34:00.409Z",
  "v": 0
},
