{
  "name": "sc.service.sc-integrations-brokers-api",
  "version": "3.8.9",
  "hostname": "ip-10-137-0-149",
  "pid": 2788,
  "type": "SC_BROKER",
  "level": 30,
  "context": {
    "options": {
      "accessToken": "REDACTED",
      "brokeruserId": "S10272",
      "apiKey": "REDACTED",
      "apiSecret": "REDACTED"
    },
    "response": {
      "error": {
        "code": false,
        "reason": "error",
        "message": "Failed to fetch holdings",
        "stack": "Error: HTTP 401: {\"error\":\"invalid credentials\"}\n    at requestBroker (/deployments/sc-integrations-broker-api/node_modules/@smallcase/sc-integrations-broker-lib/src/brokers/hdfcsky/services/request.js:82:32)\n    at processTicksAndRejections (node:internal/process/task_queues:95:5)\n    at holdings (/deployments/sc-integrations-broker-api/node_modules/@smallcase/sc-integrations-broker-lib/src/brokers/hdfcsky/services/portfolio.js:38:52)\n    at Object.liveHoldings (/deployments/sc-integrations-broker-api/node_modules/@smallcase/sc-integrations-broker-lib/src/brokers/hdfcsky/services/portfolio.js:133:72)\n    at Object.liveHoldings (/deployments/sc-integrations-broker-api/node_modules/@smallcase/sc-integrations-broker-lib/src/brokers/hdfcsky/api.js:125:60)",
        "statusCode": 401,
        "body": {
          "error": "invalid credentials"
        }
      },
      "response": {
        "code": false,
        "reason": "error",
        "message": "Failed to fetch holdings",
        "stack": "Error: HTTP 401: {\"error\":\"invalid credentials\"}\n    at requestBroker (/deployments/sc-integrations-broker-api/node_modules/@smallcase/sc-integrations-broker-lib/src/brokers/hdfcsky/services/request.js:82:32)\n    at processTicksAndRejections (node:internal/process/task_queues:95:5)\n    at holdings (/deployments/sc-integrations-broker-api/node_modules/@smallcase/sc-integrations-broker-lib/src/brokers/hdfcsky/services/portfolio.js:38:52)\n    at Object.liveHoldings (/deployments/sc-integrations-broker-api/node_modules/@smallcase/sc-integrations-broker-lib/src/brokers/hdfcsky/services/portfolio.js:133:72)\n    at Object.liveHoldings (/deployments/sc-integrations-broker-api/node_modules/@smallcase/sc-integrations-broker-lib/src/brokers/hdfcsky/api.js:125:60)",
        "statusCode": 401,
        "body": {
          "error": "invalid credentials"
        }
      }
    },
    "userId": "69044940460b987a8555aba0",
    "brokerFunctionLogId": "03f1d05e-6a16-4703-bc1d-d1bf6f8fddd7",
    "brokerApi": {
      "functionName": "Portfolio.liveHoldings",
      "brokerName": "hdfcsky"
    }
  },
  "reqId": "6a158620-c5ea-11f0-91ef-b7bae078c130",
  "msg": "broker lib function response recieved",
  "time": "2025-11-20T08:25:04.159Z",
  "v": 0
},
{
  "name": "sc.service.sc-integrations-brokers-api",
  "version": "3.8.9",
  "hostname": "ip-10-137-0-149",
  "pid": 2788,
  "type": "SC_BROKER",
  "level": 40,
  "err": {
    "message": "Failed to fetch holdings",
    "stack": "Error: HTTP 401: {\"error\":\"invalid credentials\"}\n    at requestBroker (/deployments/sc-integrations-broker-api/node_modules/@smallcase/sc-integrations-broker-lib/src/brokers/hdfcsky/services/request.js:82:32)\n    at processTicksAndRejections (node:internal/process/task_queues:95:5)\n    at holdings (/deployments/sc-integrations-broker-api/node_modules/@smallcase/sc-integrations-broker-lib/src/brokers/hdfcsky/services/portfolio.js:38:52)\n    at Object.liveHoldings (/deployments/sc-integrations-broker-api/node_modules/@smallcase/sc-integrations-broker-lib/src/brokers/hdfcsky/services/portfolio.js:133:72)\n    at Object.liveHoldings (/deployments/sc-integrations-broker-api/node_modules/@smallcase/sc-integrations-broker-lib/src/brokers/hdfcsky/api.js:125:60)"
  },
  "context": {
    "broker": "hdfcsky",
    "msg": "Error in fetching live holdings",
    "details": {
      "options": {
        "accessToken": "REDACTED",
        "brokeruserId": "S10272",
        "apiKey": "REDACTED",
        "apiSecret": "REDACTED"
      }
    },
    "userId": "69044940460b987a8555aba0",
    "brokerFunctionLogId": "03f1d05e-6a16-4703-bc1d-d1bf6f8fddd7",
    "functionName": "Portfolio.liveHoldings",
    "brokerName": "hdfcsky"
  },
  "reqId": "6a158620-c5ea-11f0-91ef-b7bae078c130",
  "msg": "",
  "time": "2025-11-20T08:25:04.157Z",
  "v": 0
},
{
  "name": "sc.service.sc-integrations-brokers-api",
  "version": "3.8.9",
  "hostname": "ip-10-137-0-149",
  "pid": 2788,
  "type": "SC_BROKER",
  "level": 50,
  "err": {
    "message": "Request failed with status code 401",
    "name": "AxiosError",
    "stack": "AxiosError: Request failed with status code 401\n    at settle (/deployments/sc-integrations-broker-api/node_modules/axios/lib/core/settle.js:17:12)\n    at IncomingMessage.handleStreamEnd (/deployments/sc-integrations-broker-api/node_modules/axios/lib/adapters/http.js:382:11)\n    at IncomingMessage.emit (node:events:525:35)\n    at endReadableNT (node:internal/streams/readable:1359:12)\n    at processTicksAndRejections (node:internal/process/task_queues:82:21)"
  },
  "context": {
    "broker": "hdfcsky",
    "msg": "Error in request - Request failed with status code 401",
    "details": {
      "request": {
        "url": "https://developer.hdfcsky.com/oapi/v1/holdings?api_key=1bc928ff1ce54970b0a2f2ae4740dc77&client_id=S10272",
        "method": "GET",
        "headers": {
          "Authorization": "REDACTED",
          "Content-Type": "application/json"
        },
        "timeout": 20000
      },
      "userId": "S10272",
      "accessToken": "REDACTED",
      "response": {
        "error": "invalid credentials"
      }
    },
    "userId": "69044940460b987a8555aba0",
    "brokerFunctionLogId": "03f1d05e-6a16-4703-bc1d-d1bf6f8fddd7",
    "functionName": "Portfolio.liveHoldings",
    "brokerName": "hdfcsky"
  },
  "reqId": "6a158620-c5ea-11f0-91ef-b7bae078c130",
  "msg": "",
  "time": "2025-11-20T08:25:04.156Z",
  "v": 0
},
{
  "name": "sc.service.sc-integrations-brokers-api",
  "version": "3.8.9",
  "hostname": "ip-10-137-0-149",
  "pid": 2788,
  "type": "SC_BROKER",
  "level": 30,
  "context": {
    "options": {
      "accessToken": "REDACTED",
      "apiKey": "REDACTED",
      "apiSecret": "REDACTED",
      "buyAmount": 0,
      "sellAmount": 0,
      "stocksCount": 0
    },
    "response": {
      "error": null,
      "response": {
        "code": true,
        "reason": "success",
        "sufficientFunds": true,
        "requiredFunds": 0,
        "allowedSellValues": {
          "T0": 0,
          "T1": 1
        }
      }
    },
    "user": {
      "id": "69044940460b987a8555aba0"
    },
    "brokerFunctionLogId": "98f1385a-61ac-41d3-8c6c-f82951ef5c98",
    "brokerApi": {
      "functionName": "Funds.check",
      "brokerName": "hdfcsky"
    }
  },
  "reqId": "6a122ac0-c5ea-11f0-91ef-b7bae078c130",
  "msg": "broker lib function response recieved",
  "time": "2025-11-20T08:25:04.118Z",
  "v": 0
},
{
  "name": "sc.service.sc-integrations-brokers-api",
  "version": "3.8.9",
  "hostname": "ip-10-137-0-149",
  "pid": 2795,
  "type": "SC_BROKER",
  "level": 30,
  "context": {
    "options": {
      "accessToken": "REDACTED",
      "apiKey": "REDACTED",
      "apiSecret": "REDACTED",
      "buyAmount": 0,
      "sellAmount": 0,
      "stocksCount": 0
    },
    "response": {
      "error": null,
      "response": {
        "code": true,
        "reason": "success",
        "sufficientFunds": true,
        "requiredFunds": 0,
        "allowedSellValues": {
          "T0": 0,
          "T1": 1
        }
      }
    },
    "user": {
      "id": "69044940460b987a8555aba0"
    },
    "brokerFunctionLogId": "ba671a85-e213-4fc8-a8bd-87773aebf3c0",
    "brokerApi": {
      "functionName": "Funds.check",
      "brokerName": "hdfcsky"
    }
  },
  "reqId": "69f37f30-c5ea-11f0-b207-ab18fd81b8ce",
  "msg": "broker lib function response recieved",
  "time": "2025-11-20T08:25:03.910Z",
  "v": 0
},
{
  "name": "sc.service.sc-integrations-brokers-api",
  "version": "3.8.9",
  "hostname": "ip-10-137-0-149",
  "pid": 2788,
  "type": "SC_BROKER",
  "level": 30,
  "context": {
    "options": {
      "accessToken": "REDACTED",
      "brokeruserId": "S10272",
      "apiKey": "REDACTED",
      "apiSecret": "REDACTED"
    },
    "response": {
      "error": {
        "code": false,
        "reason": "error",
        "message": "Failed to fetch holdings",
        "stack": "Error: HTTP 401: {\"error\":\"invalid credentials\"}\n    at requestBroker (/deployments/sc-integrations-broker-api/node_modules/@smallcase/sc-integrations-broker-lib/src/brokers/hdfcsky/services/request.js:82:32)\n    at processTicksAndRejections (node:internal/process/task_queues:95:5)\n    at holdings (/deployments/sc-integrations-broker-api/node_modules/@smallcase/sc-integrations-broker-lib/src/brokers/hdfcsky/services/portfolio.js:38:52)\n    at Object.liveHoldings (/deployments/sc-integrations-broker-api/node_modules/@smallcase/sc-integrations-broker-lib/src/brokers/hdfcsky/services/portfolio.js:133:72)\n    at Object.liveHoldings (/deployments/sc-integrations-broker-api/node_modules/@smallcase/sc-integrations-broker-lib/src/brokers/hdfcsky/api.js:125:60)",
        "statusCode": 401,
        "body": {
          "error": "invalid credentials"
        }
      },
      "response": {
        "code": false,
        "reason": "error",
        "message": "Failed to fetch holdings",
        "stack": "Error: HTTP 401: {\"error\":\"invalid credentials\"}\n    at requestBroker (/deployments/sc-integrations-broker-api/node_modules/@smallcase/sc-integrations-broker-lib/src/brokers/hdfcsky/services/request.js:82:32)\n    at processTicksAndRejections (node:internal/process/task_queues:95:5)\n    at holdings (/deployments/sc-integrations-broker-api/node_modules/@smallcase/sc-integrations-broker-lib/src/brokers/hdfcsky/services/portfolio.js:38:52)\n    at Object.liveHoldings (/deployments/sc-integrations-broker-api/node_modules/@smallcase/sc-integrations-broker-lib/src/brokers/hdfcsky/services/portfolio.js:133:72)\n    at Object.liveHoldings (/deployments/sc-integrations-broker-api/node_modules/@smallcase/sc-integrations-broker-lib/src/brokers/hdfcsky/api.js:125:60)",
        "statusCode": 401,
        "body": {
          "error": "invalid credentials"
        }
      }
    },
    "userId": "69044940460b987a8555aba0",
    "brokerFunctionLogId": "07e42fd0-d529-4f9f-8050-e836516f622a",
    "brokerApi": {
      "functionName": "Portfolio.liveHoldings",
      "brokerName": "hdfcsky"
    }
  },
  "reqId": "4a2197a0-c5ea-11f0-91ef-b7bae078c130",
  "msg": "broker lib function response recieved",
  "time": "2025-11-20T08:24:10.539Z",
  "v": 0
},
{
  "name": "sc.service.sc-integrations-brokers-api",
  "version": "3.8.9",
  "hostname": "ip-10-137-0-149",
  "pid": 2788,
  "type": "SC_BROKER",
  "level": 40,
  "err": {
    "message": "Failed to fetch holdings",
    "stack": "Error: HTTP 401: {\"error\":\"invalid credentials\"}\n    at requestBroker (/deployments/sc-integrations-broker-api/node_modules/@smallcase/sc-integrations-broker-lib/src/brokers/hdfcsky/services/request.js:82:32)\n    at processTicksAndRejections (node:internal/process/task_queues:95:5)\n    at holdings (/deployments/sc-integrations-broker-api/node_modules/@smallcase/sc-integrations-broker-lib/src/brokers/hdfcsky/services/portfolio.js:38:52)\n    at Object.liveHoldings (/deployments/sc-integrations-broker-api/node_modules/@smallcase/sc-integrations-broker-lib/src/brokers/hdfcsky/services/portfolio.js:133:72)\n    at Object.liveHoldings (/deployments/sc-integrations-broker-api/node_modules/@smallcase/sc-integrations-broker-lib/src/brokers/hdfcsky/api.js:125:60)"
  },
  "context": {
    "broker": "hdfcsky",
    "msg": "Error in fetching live holdings",
    "details": {
      "options": {
        "accessToken": "REDACTED",
        "brokeruserId": "S10272",
        "apiKey": "REDACTED",
        "apiSecret": "REDACTED"
      }
    },
    "userId": "69044940460b987a8555aba0",
    "brokerFunctionLogId": "07e42fd0-d529-4f9f-8050-e836516f622a",
    "functionName": "Portfolio.liveHoldings",
    "brokerName": "hdfcsky"
  },
  "reqId": "4a2197a0-c5ea-11f0-91ef-b7bae078c130",
  "msg": "",
  "time": "2025-11-20T08:24:10.538Z",
  "v": 0
},
{
  "name": "sc.service.sc-integrations-brokers-api",
  "version": "3.8.9",
  "hostname": "ip-10-137-0-149",
  "pid": 2788,
  "type": "SC_BROKER",
  "level": 50,
  "err": {
    "message": "Request failed with status code 401",
    "name": "AxiosError",
    "stack": "AxiosError: Request failed with status code 401\n    at settle (/deployments/sc-integrations-broker-api/node_modules/axios/lib/core/settle.js:17:12)\n    at IncomingMessage.handleStreamEnd (/deployments/sc-integrations-broker-api/node_modules/axios/lib/adapters/http.js:382:11)\n    at IncomingMessage.emit (node:events:525:35)\n    at endReadableNT (node:internal/streams/readable:1359:12)\n    at processTicksAndRejections (node:internal/process/task_queues:82:21)"
  },
  "context": {
    "broker": "hdfcsky",
    "msg": "Error in request - Request failed with status code 401",
    "details": {
      "request": {
        "url": "https://developer.hdfcsky.com/oapi/v1/holdings?api_key=1bc928ff1ce54970b0a2f2ae4740dc77&client_id=S10272",
        "method": "GET",
        "headers": {
          "Authorization": "REDACTED",
          "Content-Type": "application/json"
        },
        "timeout": 20000
      },
      "userId": "S10272",
      "accessToken": "REDACTED",
      "response": {
        "error": "invalid credentials"
      }
    },
    "userId": "69044940460b987a8555aba0",
    "brokerFunctionLogId": "07e42fd0-d529-4f9f-8050-e836516f622a",
    "functionName": "Portfolio.liveHoldings",
    "brokerName": "hdfcsky"
  },
  "reqId": "4a2197a0-c5ea-11f0-91ef-b7bae078c130",
  "msg": "",
  "time": "2025-11-20T08:24:10.537Z",
  "v": 0
},
{
  "name": "sc.service.sc-integrations-brokers-api",
  "version": "3.8.9",
  "hostname": "ip-10-137-0-149",
  "pid": 2788,
  "type": "SC_BROKER",
  "level": 30,
  "context": {
    "options": {
      "accessToken": "REDACTED",
      "apiKey": "REDACTED",
      "apiSecret": "REDACTED",
      "buyAmount": 0,
      "sellAmount": 0,
      "stocksCount": 0
    },
    "response": {
      "error": null,
      "response": {
        "code": true,
        "reason": "success",
        "sufficientFunds": true,
        "requiredFunds": 0,
        "allowedSellValues": {
          "T0": 0,
          "T1": 1
        }
      }
    },
    "user": {
      "id": "69044940460b987a8555aba0"
    },
    "brokerFunctionLogId": "36bbe059-bb83-476a-9cca-5ae89a2d213f",
    "brokerApi": {
      "functionName": "Funds.check",
      "brokerName": "hdfcsky"
    }
  },
  "reqId": "4a119210-c5ea-11f0-91ef-b7bae078c130",
  "msg": "broker lib function response recieved",
  "time": "2025-11-20T08:24:10.420Z",
  "v": 0
},
{
  "name": "sc.service.sc-integrations-brokers-api",
  "version": "3.8.9",
  "hostname": "ip-10-137-0-149",
  "pid": 2795,
  "type": "SC_BROKER",
  "level": 30,
  "context": {
    "options": {
      "accessToken": "REDACTED",
      "brokeruserId": "S10272",
      "apiKey": "REDACTED",
      "apiSecret": "REDACTED"
    },
    "response": {
      "error": {
        "code": false,
        "reason": "error",
        "message": "Failed to fetch holdings",
        "stack": "Error: HTTP 401: {\"error\":\"invalid credentials\"}\n    at requestBroker (/deployments/sc-integrations-broker-api/node_modules/@smallcase/sc-integrations-broker-lib/src/brokers/hdfcsky/services/request.js:82:32)\n    at processTicksAndRejections (node:internal/process/task_queues:95:5)\n    at holdings (/deployments/sc-integrations-broker-api/node_modules/@smallcase/sc-integrations-broker-lib/src/brokers/hdfcsky/services/portfolio.js:38:52)\n    at Object.liveHoldings (/deployments/sc-integrations-broker-api/node_modules/@smallcase/sc-integrations-broker-lib/src/brokers/hdfcsky/services/portfolio.js:133:72)\n    at Object.liveHoldings (/deployments/sc-integrations-broker-api/node_modules/@smallcase/sc-integrations-broker-lib/src/brokers/hdfcsky/api.js:125:60)",
        "statusCode": 401,
        "body": {
          "error": "invalid credentials"
        }
      },
      "response": {
        "code": false,
        "reason": "error",
        "message": "Failed to fetch holdings",
        "stack": "Error: HTTP 401: {\"error\":\"invalid credentials\"}\n    at requestBroker (/deployments/sc-integrations-broker-api/node_modules/@smallcase/sc-integrations-broker-lib/src/brokers/hdfcsky/services/request.js:82:32)\n    at processTicksAndRejections (node:internal/process/task_queues:95:5)\n    at holdings (/deployments/sc-integrations-broker-api/node_modules/@smallcase/sc-integrations-broker-lib/src/brokers/hdfcsky/services/portfolio.js:38:52)\n    at Object.liveHoldings (/deployments/sc-integrations-broker-api/node_modules/@smallcase/sc-integrations-broker-lib/src/brokers/hdfcsky/services/portfolio.js:133:72)\n    at Object.liveHoldings (/deployments/sc-integrations-broker-api/node_modules/@smallcase/sc-integrations-broker-lib/src/brokers/hdfcsky/api.js:125:60)",
        "statusCode": 401,
        "body": {
          "error": "invalid credentials"
        }
      }
    },
    "userId": "69044940460b987a8555aba0",
    "brokerFunctionLogId": "b41b40dc-b792-4895-9371-9d8e77783590",
    "brokerApi": {
      "functionName": "Portfolio.liveHoldings",
      "brokerName": "hdfcsky"
    }
  },
  "reqId": "4a077ff0-c5ea-11f0-b207-ab18fd81b8ce",
  "msg": "broker lib function response recieved",
  "time": "2025-11-20T08:24:10.378Z",
  "v": 0
},
{
  "name": "sc.service.sc-integrations-brokers-api",
  "version": "3.8.9",
  "hostname": "ip-10-137-0-149",
  "pid": 2795,
  "type": "SC_BROKER",
  "level": 40,
  "err": {
    "message": "Failed to fetch holdings",
    "stack": "Error: HTTP 401: {\"error\":\"invalid credentials\"}\n    at requestBroker (/deployments/sc-integrations-broker-api/node_modules/@smallcase/sc-integrations-broker-lib/src/brokers/hdfcsky/services/request.js:82:32)\n    at processTicksAndRejections (node:internal/process/task_queues:95:5)\n    at holdings (/deployments/sc-integrations-broker-api/node_modules/@smallcase/sc-integrations-broker-lib/src/brokers/hdfcsky/services/portfolio.js:38:52)\n    at Object.liveHoldings (/deployments/sc-integrations-broker-api/node_modules/@smallcase/sc-integrations-broker-lib/src/brokers/hdfcsky/services/portfolio.js:133:72)\n    at Object.liveHoldings (/deployments/sc-integrations-broker-api/node_modules/@smallcase/sc-integrations-broker-lib/src/brokers/hdfcsky/api.js:125:60)"
  },
  "context": {
    "broker": "hdfcsky",
    "msg": "Error in fetching live holdings",
    "details": {
      "options": {
        "accessToken": "REDACTED",
        "brokeruserId": "S10272",
        "apiKey": "REDACTED",
        "apiSecret": "REDACTED"
      }
    },
    "userId": "69044940460b987a8555aba0",
    "brokerFunctionLogId": "b41b40dc-b792-4895-9371-9d8e77783590",
    "functionName": "Portfolio.liveHoldings",
    "brokerName": "hdfcsky"
  },
  "reqId": "4a077ff0-c5ea-11f0-b207-ab18fd81b8ce",
  "msg": "",
  "time": "2025-11-20T08:24:10.377Z",
  "v": 0
},
{
  "name": "sc.service.sc-integrations-brokers-api",
  "version": "3.8.9",
  "hostname": "ip-10-137-0-149",
  "pid": 2795,
  "type": "SC_BROKER",
  "level": 50,
  "err": {
    "message": "Request failed with status code 401",
    "name": "AxiosError",
    "stack": "AxiosError: Request failed with status code 401\n    at settle (/deployments/sc-integrations-broker-api/node_modules/axios/lib/core/settle.js:17:12)\n    at IncomingMessage.handleStreamEnd (/deployments/sc-integrations-broker-api/node_modules/axios/lib/adapters/http.js:382:11)\n    at IncomingMessage.emit (node:events:525:35)\n    at endReadableNT (node:internal/streams/readable:1359:12)\n    at processTicksAndRejections (node:internal/process/task_queues:82:21)"
  },
  "context": {
    "broker": "hdfcsky",
    "msg": "Error in request - Request failed with status code 401",
    "details": {
      "request": {
        "url": "https://developer.hdfcsky.com/oapi/v1/holdings?api_key=1bc928ff1ce54970b0a2f2ae4740dc77&client_id=S10272",
        "method": "GET",
        "headers": {
          "Authorization": "REDACTED",
          "Content-Type": "application/json"
        },
        "timeout": 20000
      },
      "userId": "S10272",
      "accessToken": "REDACTED",
      "response": {
        "error": "invalid credentials"
      }
    },
    "userId": "69044940460b987a8555aba0",
    "brokerFunctionLogId": "b41b40dc-b792-4895-9371-9d8e77783590",
    "functionName": "Portfolio.liveHoldings",
    "brokerName": "hdfcsky"
  },
  "reqId": "4a077ff0-c5ea-11f0-b207-ab18fd81b8ce",
  "msg": "",
  "time": "2025-11-20T08:24:10.376Z",
  "v": 0
},
{
  "name": "sc.service.sc-integrations-brokers-api",
  "version": "3.8.9",
  "hostname": "ip-10-137-0-149",
  "pid": 2788,
  "type": "SC_BROKER",
  "level": 30,
  "context": {
    "options": {
      "segment": "equity",
      "accessToken": "REDACTED",
      "ipAddress": "REDACTED",
      "clientDetails": {
        "channel": "web",
        "channelIp": "2409:40c0:101f:93f6:5816:8748:2dc:c872",
        "appInstallId": "9941e26b-b33b-596d-af3c-03e53b504cc7",
        "appVersion": "1.0.0",
        "userAgent": "Mozilla/5.0 (Linux; Android 10; K) AppleWebKit/537.36 (KHTML, like Gecko) Chrome/135.0.0.0 Mobile Safari/537.36"
      },
      "apiKey": "REDACTED",
      "apiSecret": "REDACTED"
    },
    "response": {
      "error": null,
      "response": {
        "code": true,
        "reason": "success",
        "message": "Session check successful"
      }
    },
    "userId": "69044940460b987a8555aba0",
    "brokerFunctionLogId": "085c6b0b-8e66-4744-8a19-96ebcafb7bba",
    "brokerApi": {
      "functionName": "User.checkSession",
      "brokerName": "hdfcsky"
    }
  },
  "reqId": "47d5f9f0-c5ea-11f0-91ef-b7bae078c130",
  "msg": "broker lib function response recieved",
  "time": "2025-11-20T08:24:06.730Z",
  "v": 0
},
{
  "name": "sc.service.sc-integrations-brokers-api",
  "version": "3.8.9",
  "hostname": "ip-10-137-0-149",
  "pid": 2788,
  "type": "SC_BROKER",
  "level": 30,
  "context": {
    "broker": "hdfcsky",
    "msg": "Successful request",
    "details": {
      "request": {
        "url": "https://developer.hdfcsky.com/oapi/v1/user/trading_info?client_id=S10272&api_key=1bc928ff1ce54970b0a2f2ae4740dc77",
        "method": "GET",
        "headers": {
          "Authorization": "REDACTED",
          "Content-Type": "application/json"
        },
        "timeout": 20000
      },
      "userId": "S10272",
      "accessToken": "REDACTED",
      "response": {
        "statusCode": 200,
        "body": {
          "data": {
            "client_id": "REDACTED",
            "ddpi": true,
            "exchanges_subscribed": [
              ""
            ],
            "name": "REDACTED",
            "poa_enabled": false,
            "products_enabled": [
              "CNC",
              "MIS",
              "NRML",
              "MTF"
            ],
            "status": "active"
          },
          "message": "",
          "status": "success"
        }
      },
      "responseString": {
        "data": {
          "client_id": "REDACTED",
          "ddpi": true,
          "exchanges_subscribed": [
            ""
          ],
          "name": "REDACTED",
          "poa_enabled": false,
          "products_enabled": [
            "CNC",
            "MIS",
            "NRML",
            "MTF"
          ],
          "status": "active"
        },
        "message": "",
        "status": "success"
      }
    },
    "userId": "69044940460b987a8555aba0",
    "brokerFunctionLogId": "085c6b0b-8e66-4744-8a19-96ebcafb7bba",
    "functionName": "User.checkSession",
    "brokerName": "hdfcsky"
  },
  "reqId": "47d5f9f0-c5ea-11f0-91ef-b7bae078c130",
  "msg": "",
  "time": "2025-11-20T08:24:06.729Z",
  "v": 0
},
{
  "name": "sc.service.sc-integrations-brokers-api",
  "version": "3.8.9",
  "hostname": "ip-10-137-0-149",
  "pid": 2788,
  "type": "SC_BROKER",
  "level": 30,
  "context": {
    "options": {
      "segment": "equity",
      "accessToken": "REDACTED",
      "buyAmount": 1937.44,
      "sellAmount": 0,
      "stocksCount": 3,
      "variety": "regular",
      "ipAddress": "REDACTED",
      "noErrorType": false,
      "rebalanceBasketFlag": false,
      "clientDetails": {
        "channel": "web",
        "channelIp": "2409:40c0:101f:93f6:5816:8748:2dc:c872",
        "appInstallId": "9941e26b-b33b-596d-af3c-03e53b504cc7",
        "appVersion": "1.0.0",
        "userAgent": "Mozilla/5.0 (Linux; Android 10; K) AppleWebKit/537.36 (KHTML, like Gecko) Chrome/135.0.0.0 Mobile Safari/537.36"
      },
      "apiKey": "REDACTED",
      "apiSecret": "REDACTED",
      "requiredFunds": 1937.44
    },
    "response": {
      "error": null,
      "response": {
        "code": true,
        "reason": "success",
        "availableFunds": 2573.24,
        "sufficientFunds": true,
        "requiredFunds": 1937.44,
        "allowedSellValues": {
          "T0": 0,
          "T1": 1
        },
        "buyValue": 1937.44,
        "sellValue": 0,
        "bufferAdded": false
      }
    },
    "userId": "69044940460b987a8555aba0",
    "brokerFunctionLogId": "cbfb4375-9304-4840-b6e0-7c4a9bebe591",
    "brokerApi": {
      "functionName": "Funds.check",
      "brokerName": "hdfcsky"
    }
  },
  "reqId": "477dc7d0-c5ea-11f0-91ef-b7bae078c130",
  "msg": "broker lib function response recieved",
  "time": "2025-11-20T08:24:06.185Z",
  "v": 0
},
{
  "name": "sc.service.sc-integrations-brokers-api",
  "version": "3.8.9",
  "hostname": "ip-10-137-0-149",
  "pid": 2788,
  "type": "SC_BROKER",
  "level": 30,
  "context": {
    "broker": "hdfcsky",
    "msg": "Successful request",
    "details": {
      "request": {
        "url": "https://developer.hdfcsky.com/oapi/v1/funds/view?api_key=1bc928ff1ce54970b0a2f2ae4740dc77&client_id=S10272&type=all",
        "method": "GET",
        "headers": {
          "Authorization": "REDACTED",
          "Content-Type": "application/json"
        },
        "timeout": 20000
      },
      "userId": "S10272",
      "accessToken": "REDACTED",
      "response": {
        "statusCode": 200,
        "body": {
          "data": {
            "client_id": "REDACTED",
            "headers": [
              "Description",
              "all"
            ],
            "realized_mtm": "-69.86",
            "unrealized_mtm": "0.00",
            "values": [
              [
                "Available Margin",
                "2573.24"
              ],
              [
                "Opening Balance",
                "3085.29"
              ],
              [
                "Margin Used",
                "442.19"
              ],
              [
                "Pay In",
                "0.00"
              ],
              [
                "Pay Out",
                "0.00"
              ],
              [
                "Withdrawable Funds",
                "3015.43"
              ],
              [
                "Pledge Benefit",
                "0.00"
              ],
              [
                "Equity Credit Sell",
                "0.00"
              ],
              [
                "Option Credit For Sell",
                "0.00"
              ],
              [
                "Realized MTM",
                "-69.86"
              ],
              [
                "Unrealized MTM",
                "0.00"
              ],
              [
                "MTM",
                "-69.86"
              ],
              [
                "MTF Available Limit",
                "8441.90"
              ],
              [
                "MTF Opening Balance",
                "12893.30"
              ],
              [
                "MTF Withdrawal Limit",
                "8441.90"
              ],
              [
                "MTF Margin Blocked",
                "2919.69"
              ],
              [
                "CTD MTF Margin Blocked",
                "0.00"
              ],
              [
                "MTF Used Pledge Benefit",
                "0.00"
              ],
              [
                "MTF PNL",
                "-7.50"
              ],
              [
                "MTF Equity Credit For Sell",
                "0.00"
              ],
              [
                "MTF Day Margin",
                "1524.21"
              ],
              [
                "MTF Payout",
                "0.00"
              ],
              [
                "Day txn charges",
                "1526.01"
              ]
            ]
          },
          "message": "",
          "status": "success"
        }
      },
      "responseString": {
        "data": {
          "client_id": "REDACTED",
          "headers": [
            "Description",
            "all"
          ],
          "realized_mtm": "-69.86",
          "unrealized_mtm": "0.00",
          "values": [
            [
              "Available Margin",
              "2573.24"
            ],
            [
              "Opening Balance",
              "3085.29"
            ],
            [
              "Margin Used",
              "442.19"
            ],
            [
              "Pay In",
              "0.00"
            ],
            [
              "Pay Out",
              "0.00"
            ],
            [
              "Withdrawable Funds",
              "3015.43"
            ],
            [
              "Pledge Benefit",
              "0.00"
            ],
            [
              "Equity Credit Sell",
              "0.00"
            ],
            [
              "Option Credit For Sell",
              "0.00"
            ],
            [
              "Realized MTM",
              "-69.86"
            ],
            [
              "Unrealized MTM",
              "0.00"
            ],
            [
              "MTM",
              "-69.86"
            ],
            [
              "MTF Available Limit",
              "8441.90"
            ],
            [
              "MTF Opening Balance",
              "12893.30"
            ],
            [
              "MTF Withdrawal Limit",
              "8441.90"
            ],
            [
              "MTF Margin Blocked",
              "2919.69"
            ],
            [
              "CTD MTF Margin Blocked",
              "0.00"
            ],
            [
              "MTF Used Pledge Benefit",
              "0.00"
            ],
            [
              "MTF PNL",
              "-7.50"
            ],
            [
              "MTF Equity Credit For Sell",
              "0.00"
            ],
            [
              "MTF Day Margin",
              "1524.21"
            ],
            [
              "MTF Payout",
              "0.00"
            ],
            [
              "Day txn charges",
              "1526.01"
            ]
          ]
        },
        "message": "",
        "status": "success"
      }
    },
    "userId": "69044940460b987a8555aba0",
    "brokerFunctionLogId": "cbfb4375-9304-4840-b6e0-7c4a9bebe591",
    "functionName": "Funds.check",
    "brokerName": "hdfcsky"
  },
  "reqId": "477dc7d0-c5ea-11f0-91ef-b7bae078c130",
  "msg": "",
  "time": "2025-11-20T08:24:06.183Z",
  "v": 0
},
{
  "name": "sc.service.sc-integrations-brokers-api",
  "version": "3.8.9",
  "hostname": "ip-10-137-0-149",
  "pid": 2795,
  "type": "SC_BROKER",
  "level": 30,
  "context": {
    "options": {
      "accessToken": "REDACTED",
      "brokeruserId": "S10272",
      "apiKey": "REDACTED",
      "apiSecret": "REDACTED"
    },
    "response": {
      "error": {
        "code": false,
        "reason": "error",
        "message": "Failed to fetch holdings",
        "stack": "Error: HTTP 401: {\"error\":\"invalid credentials\"}\n    at requestBroker (/deployments/sc-integrations-broker-api/node_modules/@smallcase/sc-integrations-broker-lib/src/brokers/hdfcsky/services/request.js:82:32)\n    at processTicksAndRejections (node:internal/process/task_queues:95:5)\n    at holdings (/deployments/sc-integrations-broker-api/node_modules/@smallcase/sc-integrations-broker-lib/src/brokers/hdfcsky/services/portfolio.js:38:52)\n    at Object.liveHoldings (/deployments/sc-integrations-broker-api/node_modules/@smallcase/sc-integrations-broker-lib/src/brokers/hdfcsky/services/portfolio.js:133:72)\n    at Object.liveHoldings (/deployments/sc-integrations-broker-api/node_modules/@smallcase/sc-integrations-broker-lib/src/brokers/hdfcsky/api.js:125:60)",
        "statusCode": 401,
        "body": {
          "error": "invalid credentials"
        }
      },
      "response": {
        "code": false,
        "reason": "error",
        "message": "Failed to fetch holdings",
        "stack": "Error: HTTP 401: {\"error\":\"invalid credentials\"}\n    at requestBroker (/deployments/sc-integrations-broker-api/node_modules/@smallcase/sc-integrations-broker-lib/src/brokers/hdfcsky/services/request.js:82:32)\n    at processTicksAndRejections (node:internal/process/task_queues:95:5)\n    at holdings (/deployments/sc-integrations-broker-api/node_modules/@smallcase/sc-integrations-broker-lib/src/brokers/hdfcsky/services/portfolio.js:38:52)\n    at Object.liveHoldings (/deployments/sc-integrations-broker-api/node_modules/@smallcase/sc-integrations-broker-lib/src/brokers/hdfcsky/services/portfolio.js:133:72)\n    at Object.liveHoldings (/deployments/sc-integrations-broker-api/node_modules/@smallcase/sc-integrations-broker-lib/src/brokers/hdfcsky/api.js:125:60)",
        "statusCode": 401,
        "body": {
          "error": "invalid credentials"
        }
      }
    },
    "userId": "69044940460b987a8555aba0",
    "brokerFunctionLogId": "b573d2d8-3a7e-4435-adb3-2e2175e572fe",
    "brokerApi": {
      "functionName": "Portfolio.liveHoldings",
      "brokerName": "hdfcsky"
    }
  },
  "reqId": "3b643f10-c5ea-11f0-b207-ab18fd81b8ce",
  "msg": "broker lib function response recieved",
  "time": "2025-11-20T08:23:45.813Z",
  "v": 0
},
{
  "name": "sc.service.sc-integrations-brokers-api",
  "version": "3.8.9",
  "hostname": "ip-10-137-0-149",
  "pid": 2795,
  "type": "SC_BROKER",
  "level": 50,
  "err": {
    "message": "Request failed with status code 401",
    "name": "AxiosError",
    "stack": "AxiosError: Request failed with status code 401\n    at settle (/deployments/sc-integrations-broker-api/node_modules/axios/lib/core/settle.js:17:12)\n    at IncomingMessage.handleStreamEnd (/deployments/sc-integrations-broker-api/node_modules/axios/lib/adapters/http.js:382:11)\n    at IncomingMessage.emit (node:events:525:35)\n    at endReadableNT (node:internal/streams/readable:1359:12)\n    at processTicksAndRejections (node:internal/process/task_queues:82:21)"
  },
  "context": {
    "broker": "hdfcsky",
    "msg": "Error in request - Request failed with status code 401",
    "details": {
      "request": {
        "url": "https://developer.hdfcsky.com/oapi/v1/holdings?api_key=1bc928ff1ce54970b0a2f2ae4740dc77&client_id=S10272",
        "method": "GET",
        "headers": {
          "Authorization": "REDACTED",
          "Content-Type": "application/json"
        },
        "timeout": 20000
      },
      "userId": "S10272",
      "accessToken": "REDACTED",
      "response": {
        "error": "invalid credentials"
      }
    },
    "userId": "69044940460b987a8555aba0",
    "brokerFunctionLogId": "b573d2d8-3a7e-4435-adb3-2e2175e572fe",
    "functionName": "Portfolio.liveHoldings",
    "brokerName": "hdfcsky"
  },
  "reqId": "3b643f10-c5ea-11f0-b207-ab18fd81b8ce",
  "msg": "",
  "time": "2025-11-20T08:23:45.812Z",
  "v": 0
},
{
  "name": "sc.service.sc-integrations-brokers-api",
  "version": "3.8.9",
  "hostname": "ip-10-137-0-149",
  "pid": 2795,
  "type": "SC_BROKER",
  "level": 40,
  "err": {
    "message": "Failed to fetch holdings",
    "stack": "Error: HTTP 401: {\"error\":\"invalid credentials\"}\n    at requestBroker (/deployments/sc-integrations-broker-api/node_modules/@smallcase/sc-integrations-broker-lib/src/brokers/hdfcsky/services/request.js:82:32)\n    at processTicksAndRejections (node:internal/process/task_queues:95:5)\n    at holdings (/deployments/sc-integrations-broker-api/node_modules/@smallcase/sc-integrations-broker-lib/src/brokers/hdfcsky/services/portfolio.js:38:52)\n    at Object.liveHoldings (/deployments/sc-integrations-broker-api/node_modules/@smallcase/sc-integrations-broker-lib/src/brokers/hdfcsky/services/portfolio.js:133:72)\n    at Object.liveHoldings (/deployments/sc-integrations-broker-api/node_modules/@smallcase/sc-integrations-broker-lib/src/brokers/hdfcsky/api.js:125:60)"
  },
  "context": {
    "broker": "hdfcsky",
    "msg": "Error in fetching live holdings",
    "details": {
      "options": {
        "accessToken": "REDACTED",
        "brokeruserId": "S10272",
        "apiKey": "REDACTED",
        "apiSecret": "REDACTED"
      }
    },
    "userId": "69044940460b987a8555aba0",
    "brokerFunctionLogId": "b573d2d8-3a7e-4435-adb3-2e2175e572fe",
    "functionName": "Portfolio.liveHoldings",
    "brokerName": "hdfcsky"
  },
  "reqId": "3b643f10-c5ea-11f0-b207-ab18fd81b8ce",
  "msg": "",
  "time": "2025-11-20T08:23:45.812Z",
  "v": 0
},
{
  "name": "sc.service.sc-integrations-brokers-api",
  "version": "3.8.9",
  "hostname": "ip-10-137-0-149",
  "pid": 2788,
  "type": "SC_BROKER",
  "level": 30,
  "context": {
    "options": {
      "accessToken": "REDACTED",
      "brokeruserId": "S10272",
      "clientDetails": {
        "channel": "web",
        "channelIp": "2409:40c0:101f:93f6:5816:8748:2dc:c872",
        "appInstallId": "9941e26b-b33b-596d-af3c-03e53b504cc7",
        "appVersion": "1.0.0",
        "userAgent": "Mozilla/5.0 (Linux; Android 10; K) AppleWebKit/537.36 (KHTML, like Gecko) Chrome/135.0.0.0 Mobile Safari/537.36"
      },
      "apiKey": "REDACTED",
      "apiSecret": "REDACTED"
    },
    "response": {
      "error": {
        "code": false,
        "reason": "error",
        "message": "Failed to fetch holdings",
        "stack": "Error: HTTP 401: {\"error\":\"invalid credentials\"}\n    at requestBroker (/deployments/sc-integrations-broker-api/node_modules/@smallcase/sc-integrations-broker-lib/src/brokers/hdfcsky/services/request.js:82:32)\n    at processTicksAndRejections (node:internal/process/task_queues:95:5)\n    at holdings (/deployments/sc-integrations-broker-api/node_modules/@smallcase/sc-integrations-broker-lib/src/brokers/hdfcsky/services/portfolio.js:38:52)\n    at Object.liveHoldings (/deployments/sc-integrations-broker-api/node_modules/@smallcase/sc-integrations-broker-lib/src/brokers/hdfcsky/services/portfolio.js:133:72)\n    at Object.liveHoldings (/deployments/sc-integrations-broker-api/node_modules/@smallcase/sc-integrations-broker-lib/src/brokers/hdfcsky/api.js:125:60)",
        "statusCode": 401,
        "body": {
          "error": "invalid credentials"
        }
      },
      "response": {
        "code": false,
        "reason": "error",
        "message": "Failed to fetch holdings",
        "stack": "Error: HTTP 401: {\"error\":\"invalid credentials\"}\n    at requestBroker (/deployments/sc-integrations-broker-api/node_modules/@smallcase/sc-integrations-broker-lib/src/brokers/hdfcsky/services/request.js:82:32)\n    at processTicksAndRejections (node:internal/process/task_queues:95:5)\n    at holdings (/deployments/sc-integrations-broker-api/node_modules/@smallcase/sc-integrations-broker-lib/src/brokers/hdfcsky/services/portfolio.js:38:52)\n    at Object.liveHoldings (/deployments/sc-integrations-broker-api/node_modules/@smallcase/sc-integrations-broker-lib/src/brokers/hdfcsky/services/portfolio.js:133:72)\n    at Object.liveHoldings (/deployments/sc-integrations-broker-api/node_modules/@smallcase/sc-integrations-broker-lib/src/brokers/hdfcsky/api.js:125:60)",
        "statusCode": 401,
        "body": {
          "error": "invalid credentials"
        }
      }
    },
    "userId": "69044940460b987a8555aba0",
    "brokerFunctionLogId": "21ae404f-74e9-4b80-9257-b5774d817091",
    "brokerApi": {
      "functionName": "Portfolio.liveHoldings",
      "brokerName": "hdfcsky"
    }
  },
  "reqId": "3b4bfc20-c5ea-11f0-91ef-b7bae078c130",
  "msg": "broker lib function response recieved",
  "time": "2025-11-20T08:23:45.659Z",
  "v": 0
},
{
  "name": "sc.service.sc-integrations-brokers-api",
  "version": "3.8.9",
  "hostname": "ip-10-137-0-149",
  "pid": 2788,
  "type": "SC_BROKER",
  "level": 40,
  "err": {
    "message": "Failed to fetch holdings",
    "stack": "Error: HTTP 401: {\"error\":\"invalid credentials\"}\n    at requestBroker (/deployments/sc-integrations-broker-api/node_modules/@smallcase/sc-integrations-broker-lib/src/brokers/hdfcsky/services/request.js:82:32)\n    at processTicksAndRejections (node:internal/process/task_queues:95:5)\n    at holdings (/deployments/sc-integrations-broker-api/node_modules/@smallcase/sc-integrations-broker-lib/src/brokers/hdfcsky/services/portfolio.js:38:52)\n    at Object.liveHoldings (/deployments/sc-integrations-broker-api/node_modules/@smallcase/sc-integrations-broker-lib/src/brokers/hdfcsky/services/portfolio.js:133:72)\n    at Object.liveHoldings (/deployments/sc-integrations-broker-api/node_modules/@smallcase/sc-integrations-broker-lib/src/brokers/hdfcsky/api.js:125:60)"
  },
  "context": {
    "broker": "hdfcsky",
    "msg": "Error in fetching live holdings",
    "details": {
      "options": {
        "accessToken": "REDACTED",
        "brokeruserId": "S10272",
        "clientDetails": {
          "channel": "web",
          "channelIp": "2409:40c0:101f:93f6:5816:8748:2dc:c872",
          "appInstallId": "9941e26b-b33b-596d-af3c-03e53b504cc7",
          "appVersion": "1.0.0",
          "userAgent": "Mozilla/5.0 (Linux; Android 10; K) AppleWebKit/537.36 (KHTML, like Gecko) Chrome/135.0.0.0 Mobile Safari/537.36"
        },
        "apiKey": "REDACTED",
        "apiSecret": "REDACTED"
      }
    },
    "userId": "69044940460b987a8555aba0",
    "brokerFunctionLogId": "21ae404f-74e9-4b80-9257-b5774d817091",
    "functionName": "Portfolio.liveHoldings",
    "brokerName": "hdfcsky"
  },
  "reqId": "3b4bfc20-c5ea-11f0-91ef-b7bae078c130",
  "msg": "",
  "time": "2025-11-20T08:23:45.658Z",
  "v": 0
},
{
  "name": "sc.service.sc-integrations-brokers-api",
  "version": "3.8.9",
  "hostname": "ip-10-137-0-149",
  "pid": 2788,
  "type": "SC_BROKER",
  "level": 50,
  "err": {
    "message": "Request failed with status code 401",
    "name": "AxiosError",
    "stack": "AxiosError: Request failed with status code 401\n    at settle (/deployments/sc-integrations-broker-api/node_modules/axios/lib/core/settle.js:17:12)\n    at IncomingMessage.handleStreamEnd (/deployments/sc-integrations-broker-api/node_modules/axios/lib/adapters/http.js:382:11)\n    at IncomingMessage.emit (node:events:525:35)\n    at endReadableNT (node:internal/streams/readable:1359:12)\n    at processTicksAndRejections (node:internal/process/task_queues:82:21)"
  },
  "context": {
    "broker": "hdfcsky",
    "msg": "Error in request - Request failed with status code 401",
    "details": {
      "request": {
        "url": "https://developer.hdfcsky.com/oapi/v1/holdings?api_key=1bc928ff1ce54970b0a2f2ae4740dc77&client_id=S10272",
        "method": "GET",
        "headers": {
          "Authorization": "REDACTED",
          "Content-Type": "application/json"
        },
        "timeout": 20000
      },
      "userId": "S10272",
      "accessToken": "REDACTED",
      "response": {
        "error": "invalid credentials"
      }
    },
    "userId": "69044940460b987a8555aba0",
    "brokerFunctionLogId": "21ae404f-74e9-4b80-9257-b5774d817091",
    "functionName": "Portfolio.liveHoldings",
    "brokerName": "hdfcsky"
  },
  "reqId": "3b4bfc20-c5ea-11f0-91ef-b7bae078c130",
  "msg": "",
  "time": "2025-11-20T08:23:45.657Z",
  "v": 0
},
{
  "name": "sc.service.sc-integrations-brokers-api",
  "version": "3.8.9",
  "hostname": "ip-10-137-0-149",
  "pid": 2795,
  "type": "SC_BROKER",
  "level": 30,
  "context": {
    "options": {
      "accessToken": "REDACTED",
      "apiKey": "REDACTED",
      "apiSecret": "REDACTED",
      "buyAmount": 0,
      "sellAmount": 0,
      "stocksCount": 0
    },
    "response": {
      "error": null,
      "response": {
        "code": true,
        "reason": "success",
        "sufficientFunds": true,
        "requiredFunds": 0,
        "allowedSellValues": {
          "T0": 0,
          "T1": 1
        }
      }
    },
    "user": {
      "id": "69044940460b987a8555aba0"
    },
    "brokerFunctionLogId": "948adb65-094f-4746-ab89-00368b2fe3bf",
    "brokerApi": {
      "functionName": "Funds.check",
      "brokerName": "hdfcsky"
    }
  },
  "reqId": "3b4a9c90-c5ea-11f0-b207-ab18fd81b8ce",
  "msg": "broker lib function response recieved",
  "time": "2025-11-20T08:23:45.627Z",
  "v": 0
},
{
  "name": "sc.service.sc-integrations-brokers-api",
  "version": "3.8.9",
  "hostname": "ip-10-137-0-149",
  "pid": 2788,
  "type": "SC_BROKER",
  "level": 30,
  "context": {
    "options": {
      "accessToken": "REDACTED",
      "brokeruserId": "S10272",
      "apiKey": "REDACTED",
      "apiSecret": "REDACTED"
    },
    "response": {
      "error": {
        "code": false,
        "reason": "error",
        "message": "Failed to fetch holdings",
        "stack": "Error: HTTP 401: {\"error\":\"invalid credentials\"}\n    at requestBroker (/deployments/sc-integrations-broker-api/node_modules/@smallcase/sc-integrations-broker-lib/src/brokers/hdfcsky/services/request.js:82:32)\n    at processTicksAndRejections (node:internal/process/task_queues:95:5)\n    at holdings (/deployments/sc-integrations-broker-api/node_modules/@smallcase/sc-integrations-broker-lib/src/brokers/hdfcsky/services/portfolio.js:38:52)\n    at Object.liveHoldings (/deployments/sc-integrations-broker-api/node_modules/@smallcase/sc-integrations-broker-lib/src/brokers/hdfcsky/services/portfolio.js:133:72)\n    at Object.liveHoldings (/deployments/sc-integrations-broker-api/node_modules/@smallcase/sc-integrations-broker-lib/src/brokers/hdfcsky/api.js:125:60)",
        "statusCode": 401,
        "body": {
          "error": "invalid credentials"
        }
      },
      "response": {
        "code": false,
        "reason": "error",
        "message": "Failed to fetch holdings",
        "stack": "Error: HTTP 401: {\"error\":\"invalid credentials\"}\n    at requestBroker (/deployments/sc-integrations-broker-api/node_modules/@smallcase/sc-integrations-broker-lib/src/brokers/hdfcsky/services/request.js:82:32)\n    at processTicksAndRejections (node:internal/process/task_queues:95:5)\n    at holdings (/deployments/sc-integrations-broker-api/node_modules/@smallcase/sc-integrations-broker-lib/src/brokers/hdfcsky/services/portfolio.js:38:52)\n    at Object.liveHoldings (/deployments/sc-integrations-broker-api/node_modules/@smallcase/sc-integrations-broker-lib/src/brokers/hdfcsky/services/portfolio.js:133:72)\n    at Object.liveHoldings (/deployments/sc-integrations-broker-api/node_modules/@smallcase/sc-integrations-broker-lib/src/brokers/hdfcsky/api.js:125:60)",
        "statusCode": 401,
        "body": {
          "error": "invalid credentials"
        }
      }
    },
    "userId": "69044940460b987a8555aba0",
    "brokerFunctionLogId": "5934a4fe-98fe-493c-9eed-779571266e87",
    "brokerApi": {
      "functionName": "Portfolio.liveHoldings",
      "brokerName": "hdfcsky"
    }
  },
  "reqId": "3b41c2f0-c5ea-11f0-91ef-b7bae078c130",
  "msg": "broker lib function response recieved",
  "time": "2025-11-20T08:23:45.589Z",
  "v": 0
},
{
  "name": "sc.service.sc-integrations-brokers-api",
  "version": "3.8.9",
  "hostname": "ip-10-137-0-149",
  "pid": 2788,
  "type": "SC_BROKER",
  "level": 40,
  "err": {
    "message": "Failed to fetch holdings",
    "stack": "Error: HTTP 401: {\"error\":\"invalid credentials\"}\n    at requestBroker (/deployments/sc-integrations-broker-api/node_modules/@smallcase/sc-integrations-broker-lib/src/brokers/hdfcsky/services/request.js:82:32)\n    at processTicksAndRejections (node:internal/process/task_queues:95:5)\n    at holdings (/deployments/sc-integrations-broker-api/node_modules/@smallcase/sc-integrations-broker-lib/src/brokers/hdfcsky/services/portfolio.js:38:52)\n    at Object.liveHoldings (/deployments/sc-integrations-broker-api/node_modules/@smallcase/sc-integrations-broker-lib/src/brokers/hdfcsky/services/portfolio.js:133:72)\n    at Object.liveHoldings (/deployments/sc-integrations-broker-api/node_modules/@smallcase/sc-integrations-broker-lib/src/brokers/hdfcsky/api.js:125:60)"
  },
  "context": {
    "broker": "hdfcsky",
    "msg": "Error in fetching live holdings",
    "details": {
      "options": {
        "accessToken": "REDACTED",
        "brokeruserId": "S10272",
        "apiKey": "REDACTED",
        "apiSecret": "REDACTED"
      }
    },
    "userId": "69044940460b987a8555aba0",
    "brokerFunctionLogId": "5934a4fe-98fe-493c-9eed-779571266e87",
    "functionName": "Portfolio.liveHoldings",
    "brokerName": "hdfcsky"
  },
  "reqId": "3b41c2f0-c5ea-11f0-91ef-b7bae078c130",
  "msg": "",
  "time": "2025-11-20T08:23:45.588Z",
  "v": 0
},
{
  "name": "sc.service.sc-integrations-brokers-api",
  "version": "3.8.9",
  "hostname": "ip-10-137-0-149",
  "pid": 2788,
  "type": "SC_BROKER",
  "level": 50,
  "err": {
    "message": "Request failed with status code 401",
    "name": "AxiosError",
    "stack": "AxiosError: Request failed with status code 401\n    at settle (/deployments/sc-integrations-broker-api/node_modules/axios/lib/core/settle.js:17:12)\n    at IncomingMessage.handleStreamEnd (/deployments/sc-integrations-broker-api/node_modules/axios/lib/adapters/http.js:382:11)\n    at IncomingMessage.emit (node:events:525:35)\n    at endReadableNT (node:internal/streams/readable:1359:12)\n    at processTicksAndRejections (node:internal/process/task_queues:82:21)"
  },
  "context": {
    "broker": "hdfcsky",
    "msg": "Error in request - Request failed with status code 401",
    "details": {
      "request": {
        "url": "https://developer.hdfcsky.com/oapi/v1/holdings?api_key=1bc928ff1ce54970b0a2f2ae4740dc77&client_id=S10272",
        "method": "GET",
        "headers": {
          "Authorization": "REDACTED",
          "Content-Type": "application/json"
        },
        "timeout": 20000
      },
      "userId": "S10272",
      "accessToken": "REDACTED",
      "response": {
        "error": "invalid credentials"
      }
    },
    "userId": "69044940460b987a8555aba0",
    "brokerFunctionLogId": "5934a4fe-98fe-493c-9eed-779571266e87",
    "functionName": "Portfolio.liveHoldings",
    "brokerName": "hdfcsky"
  },
  "reqId": "3b41c2f0-c5ea-11f0-91ef-b7bae078c130",
  "msg": "",
  "time": "2025-11-20T08:23:45.587Z",
  "v": 0
},
{
  "name": "sc.service.sc-integrations-brokers-api",
  "version": "3.8.9",
  "hostname": "ip-10-137-0-149",
  "pid": 2788,
  "type": "SC_BROKER",
  "level": 30,
  "context": {
    "options": {
      "accessToken": "REDACTED",
      "brokeruserId": "S10272",
      "clientDetails": {
        "channel": "web",
        "channelIp": "2409:40c0:101f:93f6:5816:8748:2dc:c872",
        "appInstallId": "9941e26b-b33b-596d-af3c-03e53b504cc7",
        "appVersion": "1.0.0",
        "userAgent": "Mozilla/5.0 (Linux; Android 10; K) AppleWebKit/537.36 (KHTML, like Gecko) Chrome/135.0.0.0 Mobile Safari/537.36"
      },
      "apiKey": "REDACTED",
      "apiSecret": "REDACTED"
    },
    "response": {
      "error": null,
      "response": {
        "code": true,
        "reason": "success",
        "payload": [
          {
            "isin": "INE528G01035",
            "tradingsymbol": "YESBANK",
            "brokersymbol": "11915",
            "quantity": 7,
            "averagePrice": 22.93,
            "exchange": "NSE",
            "authorisedQuantity": 7
          },
          {
            "isin": "INE092T01019",
            "tradingsymbol": "IDFCFIRSTB-EQ",
            "brokersymbol": "11184",
            "quantity": 0,
            "averagePrice": null,
            "exchange": "NSE"
          },
          {
            "isin": "INE330T01021",
            "tradingsymbol": "HAPPYFORGE-EQ",
            "brokersymbol": "20854",
            "quantity": 0,
            "averagePrice": null,
            "exchange": "NSE"
          },
          {
            "isin": "INE018A01030",
            "tradingsymbol": "LT-EQ",
            "brokersymbol": "11483",
            "quantity": 0,
            "averagePrice": null,
            "exchange": "NSE"
          },
          {
            "isin": "INE255X01014",
            "tradingsymbol": "MSTCLTD-EQ",
            "brokersymbol": "9356",
            "quantity": 0,
            "averagePrice": null,
            "exchange": "NSE"
          },
          {
            "isin": "INE318A01026",
            "tradingsymbol": "PIDILITIND-EQ",
            "brokersymbol": "2664",
            "quantity": 0,
            "averagePrice": null,
            "exchange": "NSE"
          },
          {
            "isin": "INE916U01025",
            "tradingsymbol": "SFL-EQ",
            "brokersymbol": "19184",
            "quantity": 0,
            "averagePrice": null,
            "exchange": "NSE"
          },
          {
            "isin": "INE397D01024",
            "tradingsymbol": "BHARTIARTL-EQ",
            "brokersymbol": "10604",
            "quantity": 0,
            "averagePrice": null,
            "exchange": "NSE"
          },
          {
            "isin": "INE850M01015",
            "tradingsymbol": "NORTHARC-EQ",
            "brokersymbol": "25426",
            "quantity": 0,
            "averagePrice": null,
            "exchange": "NSE"
          },
          {
            "isin": "INE121E01018",
            "tradingsymbol": "JSWENERGY-EQ",
            "brokersymbol": "17869",
            "quantity": 0,
            "averagePrice": null,
            "exchange": "NSE"
          },
          {
            "isin": "INE528G01035",
            "tradingsymbol": "YESBANK-EQ",
            "brokersymbol": "11915",
            "quantity": 1,
            "averagePrice": 22.69,
            "exchange": "NSE"
          },
          {
            "isin": "INE964H01014",
            "tradingsymbol": "SEPC-EQ",
            "brokersymbol": "15308",
            "quantity": 2,
            "averagePrice": 10.26,
            "exchange": "NSE"
          },
          {
            "isin": "INF204KB14I2",
            "tradingsymbol": "NIFTYBEES-EQ",
            "brokersymbol": "10576",
            "quantity": 1,
            "averagePrice": 296.08,
            "exchange": "NSE"
          },
          {
            "isin": "INF204KB17I5",
            "tradingsymbol": "GOLDBEES-EQ",
            "brokersymbol": "14428",
            "quantity": 1,
            "averagePrice": 101.1,
            "exchange": "NSE"
          }
        ]
      }
    },
    "userId": "69044940460b987a8555aba0",
    "brokerFunctionLogId": "7c97f94a-9ba1-47a6-86e5-1b26d19e3e58",
    "brokerApi": {
      "functionName": "Portfolio.liveHoldings",
      "brokerName": "hdfcsky"
    }
  },
  "reqId": "305ee570-c5ea-11f0-91ef-b7bae078c130",
  "msg": "broker lib function response recieved",
  "time": "2025-11-20T08:23:27.506Z",
  "v": 0
},
{
  "name": "sc.service.sc-integrations-brokers-api",
  "version": "3.8.9",
  "hostname": "ip-10-137-0-149",
  "pid": 2788,
  "type": "SC_BROKER",
  "level": 30,
  "context": {
    "broker": "hdfcsky",
    "msg": "Successful request",
    "details": {
      "request": {
        "url": "https://developer.hdfcsky.com/oapi/v1/positions?api_key=1bc928ff1ce54970b0a2f2ae4740dc77&client_id=S10272&type=historical",
        "method": "GET",
        "headers": {
          "Authorization": "REDACTED",
          "Content-Type": "application/json"
        },
        "timeout": 20000
      },
      "userId": "S10272",
      "accessToken": "REDACTED",
      "response": {
        "statusCode": 200,
        "body": {
          "data": [
            {
              "ltp": 79.02,
              "other_margin": null,
              "sell_amount": 12824.1,
              "exchange": "NSE",
              "net_quantity": 0,
              "token": "REDACTED",
              "average_price": 0,
              "client_id": "REDACTED",
              "cf_sell_average_price": 0,
              "cf_sell_quantity": 0,
              "pledged_quantity": 0,
              "cf_buy_quantity": 0,
              "cf_sell_amount": 0,
              "instrument_token": 11184,
              "previous_close": 79.61,
              "trading_symbol": "IDFCFIRSTB-EQ",
              "v_login_id": "S10272",
              "pro_cli": "CLIENT",
              "display_symbol": "IDFCFIRSTB",
              "user_name": "REDACTED",
              "rmtm_sell_average_price": 79.6528,
              "close_price": 0,
              "prod_type": 16,
              "multiplier": 1,
              "symbol": "IDFCFIRSTB",
              "sell_quantity": 161,
              "segment": "Capital",
              "buy_quantity": 161,
              "cf_buy_amount": 0,
              "cf_buy_average_price": 0,
              "net_amount": -10.510000000000218,
              "series": "EQ",
              "average_sell_price": 79.6527950310559,
              "xe_uuid": "INE092T01019",
              "product": "MTF",
              "rmtm_buy_average_price": 79.7181,
              "buy_amount": 12834.61,
              "average_buy_price": 79.71807453416149,
              "realized_mtm": -1
            },
            {
              "ltp": 1038.5,
              "other_margin": null,
              "sell_amount": 11381.7,
              "exchange": "NSE",
              "net_quantity": 0,
              "token": "REDACTED",
              "average_price": 0,
              "client_id": "REDACTED",
              "cf_sell_average_price": 0,
              "cf_sell_quantity": 0,
              "pledged_quantity": 0,
              "cf_buy_quantity": 0,
              "cf_sell_amount": 0,
              "instrument_token": 20854,
              "previous_close": 1033.5,
              "trading_symbol": "HAPPYFORGE-EQ",
              "v_login_id": "S10272",
              "pro_cli": "CLIENT",
              "display_symbol": "HAPPYFORGE",
              "user_name": "REDACTED",
              "rmtm_sell_average_price": 1034.7,
              "close_price": 0,
              "prod_type": 16,
              "multiplier": 1,
              "symbol": "HAPPYFORGE",
              "sell_quantity": 11,
              "segment": "Capital",
              "buy_quantity": 11,
              "cf_buy_amount": 0,
              "cf_buy_average_price": 0,
              "net_amount": -16.099999999998545,
              "series": "EQ",
              "average_sell_price": 1034.7,
              "xe_uuid": "INE330T01021",
              "product": "MTF",
              "rmtm_buy_average_price": 1036.1636,
              "buy_amount": 11397.8,
              "average_buy_price": 1036.1636363636362,
              "realized_mtm": -1
            },
            {
              "ltp": 4033.6,
              "other_margin": null,
              "sell_amount": 12070.9,
              "exchange": "NSE",
              "net_quantity": 0,
              "token": "REDACTED",
              "average_price": 0,
              "client_id": "REDACTED",
              "cf_sell_average_price": 0,
              "cf_sell_quantity": 0,
              "pledged_quantity": 0,
              "cf_buy_quantity": 0,
              "cf_sell_amount": 0,
              "instrument_token": 11483,
              "previous_close": 4019.6,
              "trading_symbol": "LT-EQ",
              "v_login_id": "S10272",
              "pro_cli": "CLIENT",
              "display_symbol": "LT",
              "user_name": "REDACTED",
              "rmtm_sell_average_price": 4023.6333,
              "close_price": 0,
              "prod_type": 16,
              "multiplier": 1,
              "symbol": "LT",
              "sell_quantity": 3,
              "segment": "Capital",
              "buy_quantity": 3,
              "cf_buy_amount": 0,
              "cf_buy_average_price": 0,
              "net_amount": -7.5,
              "series": "EQ",
              "average_sell_price": 4023.633333333333,
              "xe_uuid": "INE018A01030",
              "product": "MTF",
              "rmtm_buy_average_price": 4026.1333,
              "buy_amount": 12078.4,
              "average_buy_price": 4026.133333333333,
              "realized_mtm": -1
            },
            {
              "ltp": 504.4,
              "other_margin": null,
              "sell_amount": 12092.849999999999,
              "exchange": "NSE",
              "net_quantity": 0,
              "token": "REDACTED",
              "average_price": 0,
              "client_id": "REDACTED",
              "cf_sell_average_price": 0,
              "cf_sell_quantity": 0,
              "pledged_quantity": 0,
              "cf_buy_quantity": 0,
              "cf_sell_amount": 0,
              "instrument_token": 9356,
              "previous_close": 500.95,
              "trading_symbol": "MSTCLTD-EQ",
              "v_login_id": "S10272",
              "pro_cli": "CLIENT",
              "display_symbol": "MSTCLTD",
              "user_name": "REDACTED",
              "rmtm_sell_average_price": 503.8687,
              "close_price": 0,
              "prod_type": 16,
              "multiplier": 1,
              "symbol": "MSTCLTD",
              "sell_quantity": 24,
              "segment": "Capital",
              "buy_quantity": 24,
              "cf_buy_amount": 0,
              "cf_buy_average_price": 0,
              "net_amount": -10.350000000002183,
              "series": "EQ",
              "average_sell_price": 503.8687499999999,
              "xe_uuid": "INE255X01014",
              "product": "MTF",
              "rmtm_buy_average_price": 504.3,
              "buy_amount": 12103.2,
              "average_buy_price": 504.3,
              "realized_mtm": -1
            },
            {
              "ltp": 1492.3,
              "other_margin": null,
              "sell_amount": 8925.800000000001,
              "exchange": "NSE",
              "net_quantity": 0,
              "token": "REDACTED",
              "average_price": 0,
              "client_id": "REDACTED",
              "cf_sell_average_price": 0,
              "cf_sell_quantity": 0,
              "pledged_quantity": 0,
              "cf_buy_quantity": 0,
              "cf_sell_amount": 0,
              "instrument_token": 2664,
              "previous_close": 1476.7,
              "trading_symbol": "PIDILITIND-EQ",
              "v_login_id": "S10272",
              "pro_cli": "CLIENT",
              "display_symbol": "PIDILITIND",
              "user_name": "REDACTED",
              "rmtm_sell_average_price": 1487.6333,
              "close_price": 0,
              "prod_type": 16,
              "multiplier": 1,
              "symbol": "PIDILITIND",
              "sell_quantity": 6,
              "segment": "Capital",
              "buy_quantity": 6,
              "cf_buy_amount": 0,
              "cf_buy_average_price": 0,
              "net_amount": 1.4000000000014552,
              "series": "EQ",
              "average_sell_price": 1487.6333333333334,
              "xe_uuid": "INE318A01026",
              "product": "MTF",
              "rmtm_buy_average_price": 1487.4,
              "buy_amount": 8924.4,
              "average_buy_price": 1487.3999999999999,
              "realized_mtm": 0
            },
            {
              "ltp": 614.2,
              "other_margin": null,
              "sell_amount": 12379.1,
              "exchange": "NSE",
              "net_quantity": 0,
              "token": "REDACTED",
              "average_price": 0,
              "client_id": "REDACTED",
              "cf_sell_average_price": 0,
              "cf_sell_quantity": 0,
              "pledged_quantity": 0,
              "cf_buy_quantity": 0,
              "cf_sell_amount": 0,
              "instrument_token": 19184,
              "previous_close": 616.35,
              "trading_symbol": "SFL-EQ",
              "v_login_id": "S10272",
              "pro_cli": "CLIENT",
              "display_symbol": "SFL",
              "user_name": "REDACTED",
              "rmtm_sell_average_price": 618.955,
              "close_price": 0,
              "prod_type": 16,
              "multiplier": 1,
              "symbol": "SFL",
              "sell_quantity": 20,
              "segment": "Capital",
              "buy_quantity": 20,
              "cf_buy_amount": 0,
              "cf_buy_average_price": 0,
              "net_amount": -12.099999999998545,
              "series": "EQ",
              "average_sell_price": 618.955,
              "xe_uuid": "INE916U01025",
              "product": "MTF",
              "rmtm_buy_average_price": 619.56,
              "buy_amount": 12391.199999999999,
              "average_buy_price": 619.56,
              "realized_mtm": -1
            },
            {
              "ltp": 2160.9,
              "other_margin": null,
              "sell_amount": 10772.8,
              "exchange": "NSE",
              "net_quantity": 0,
              "token": "REDACTED",
              "average_price": 0,
              "client_id": "REDACTED",
              "cf_sell_average_price": 0,
              "cf_sell_quantity": 0,
              "pledged_quantity": 0,
              "cf_buy_quantity": 0,
              "cf_sell_amount": 0,
              "instrument_token": 10604,
              "previous_close": 2159.8,
              "trading_symbol": "BHARTIARTL-EQ",
              "v_login_id": "S10272",
              "pro_cli": "CLIENT",
              "display_symbol": "BHARTIARTL",
              "user_name": "REDACTED",
              "rmtm_sell_average_price": 2154.56,
              "close_price": 0,
              "prod_type": 16,
              "multiplier": 1,
              "symbol": "BHARTIARTL",
              "sell_quantity": 5,
              "segment": "Capital",
              "buy_quantity": 5,
              "cf_buy_amount": 0,
              "cf_buy_average_price": 0,
              "net_amount": -0.4000000000014552,
              "series": "EQ",
              "average_sell_price": 2154.56,
              "xe_uuid": "INE397D01024",
              "product": "MTF",
              "rmtm_buy_average_price": 2154.64,
              "buy_amount": 10773.2,
              "average_buy_price": 2154.6400000000003,
              "realized_mtm": 0
            },
            {
              "ltp": 256,
              "other_margin": null,
              "sell_amount": 12558.95,
              "exchange": "NSE",
              "net_quantity": 0,
              "token": "REDACTED",
              "average_price": 0,
              "client_id": "REDACTED",
              "cf_sell_average_price": 0,
              "cf_sell_quantity": 0,
              "pledged_quantity": 0,
              "cf_buy_quantity": 0,
              "cf_sell_amount": 0,
              "instrument_token": 25426,
              "previous_close": 256.4,
              "trading_symbol": "NORTHARC-EQ",
              "v_login_id": "S10272",
              "pro_cli": "CLIENT",
              "display_symbol": "NORTHARC",
              "user_name": "REDACTED",
              "rmtm_sell_average_price": 256.3051,
              "close_price": 0,
              "prod_type": 16,
              "multiplier": 1,
              "symbol": "NORTHARC",
              "sell_quantity": 49,
              "segment": "Capital",
              "buy_quantity": 49,
              "cf_buy_amount": 0,
              "cf_buy_average_price": 0,
              "net_amount": -7.099999999998545,
              "series": "EQ",
              "average_sell_price": 256.30510204081634,
              "xe_uuid": "INE850M01015",
              "product": "MTF",
              "rmtm_buy_average_price": 256.45,
              "buy_amount": 12566.05,
              "average_buy_price": 256.45,
              "realized_mtm": 0
            },
            {
              "ltp": 507.75,
              "other_margin": null,
              "sell_amount": 12255.6,
              "exchange": "NSE",
              "net_quantity": 0,
              "token": "REDACTED",
              "average_price": 0,
              "client_id": "REDACTED",
              "cf_sell_average_price": 0,
              "cf_sell_quantity": 0,
              "pledged_quantity": 0,
              "cf_buy_quantity": 0,
              "cf_sell_amount": 0,
              "instrument_token": 17869,
              "previous_close": 513.65,
              "trading_symbol": "JSWENERGY-EQ",
              "v_login_id": "S10272",
              "pro_cli": "CLIENT",
              "display_symbol": "JSWENERGY",
              "user_name": "REDACTED",
              "rmtm_sell_average_price": 510.65,
              "close_price": 0,
              "prod_type": 16,
              "multiplier": 1,
              "symbol": "JSWENERGY",
              "sell_quantity": 24,
              "segment": "Capital",
              "buy_quantity": 24,
              "cf_buy_amount": 0,
              "cf_buy_average_price": 0,
              "net_amount": -7.199999999998909,
              "series": "EQ",
              "average_sell_price": 510.65000000000003,
              "xe_uuid": "INE121E01018",
              "product": "MTF",
              "rmtm_buy_average_price": 510.95,
              "buy_amount": 12262.8,
              "average_buy_price": 510.95,
              "realized_mtm": 0
            },
            {
              "ltp": 22.71,
              "other_margin": null,
              "sell_amount": 0,
              "exchange": "NSE",
              "net_quantity": 1,
              "token": "REDACTED",
              "average_price": 0,
              "client_id": "REDACTED",
              "cf_sell_average_price": 0,
              "cf_sell_quantity": 0,
              "pledged_quantity": 0,
              "cf_buy_quantity": 0,
              "cf_sell_amount": 0,
              "instrument_token": 11915,
              "previous_close": 22.93,
              "trading_symbol": "YESBANK-EQ",
              "v_login_id": "S10272",
              "pro_cli": "CLIENT",
              "display_symbol": "YESBANK",
              "user_name": "REDACTED",
              "rmtm_sell_average_price": 0,
              "close_price": 0,
              "prod_type": 1,
              "multiplier": 1,
              "symbol": "YESBANK",
              "sell_quantity": 0,
              "segment": "Capital",
              "buy_quantity": 1,
              "cf_buy_amount": 0,
              "cf_buy_average_price": 0,
              "net_amount": -22.69,
              "series": "EQ",
              "average_sell_price": 0,
              "xe_uuid": "INE528G01035",
              "product": "CNC",
              "rmtm_buy_average_price": 22.69,
              "buy_amount": 22.69,
              "average_buy_price": 22.69,
              "realized_mtm": 0
            },
            {
              "ltp": 10.32,
              "other_margin": null,
              "sell_amount": 0,
              "exchange": "NSE",
              "net_quantity": 2,
              "token": "REDACTED",
              "average_price": 0,
              "client_id": "REDACTED",
              "cf_sell_average_price": 0,
              "cf_sell_quantity": 0,
              "pledged_quantity": 0,
              "cf_buy_quantity": 0,
              "cf_sell_amount": 0,
              "instrument_token": 15308,
              "previous_close": 10.51,
              "trading_symbol": "SEPC-EQ",
              "v_login_id": "S10272",
              "pro_cli": "CLIENT",
              "display_symbol": "SEPC",
              "user_name": "REDACTED",
              "rmtm_sell_average_price": 0,
              "close_price": 0,
              "prod_type": 1,
              "multiplier": 1,
              "symbol": "SEPC",
              "sell_quantity": 0,
              "segment": "Capital",
              "buy_quantity": 2,
              "cf_buy_amount": 0,
              "cf_buy_average_price": 0,
              "net_amount": -20.52,
              "series": "EQ",
              "average_sell_price": 0,
              "xe_uuid": "INE964H01014",
              "product": "CNC",
              "rmtm_buy_average_price": 10.26,
              "buy_amount": 20.52,
              "average_buy_price": 10.26,
              "realized_mtm": 0
            },
            {
              "ltp": 296.21,
              "other_margin": null,
              "sell_amount": 0,
              "exchange": "NSE",
              "net_quantity": 1,
              "token": "REDACTED",
              "average_price": 0,
              "client_id": "REDACTED",
              "cf_sell_average_price": 0,
              "cf_sell_quantity": 0,
              "pledged_quantity": 0,
              "cf_buy_quantity": 0,
              "cf_sell_amount": 0,
              "instrument_token": 10576,
              "previous_close": 294.37,
              "trading_symbol": "NIFTYBEES-EQ",
              "v_login_id": "S10272",
              "pro_cli": "CLIENT",
              "display_symbol": "NIFTYBEES",
              "user_name": "REDACTED",
              "rmtm_sell_average_price": 0,
              "close_price": 0,
              "prod_type": 1,
              "multiplier": 1,
              "symbol": "NIFTYBEES",
              "sell_quantity": 0,
              "segment": "Capital",
              "buy_quantity": 1,
              "cf_buy_amount": 0,
              "cf_buy_average_price": 0,
              "net_amount": -296.08,
              "series": "EQ",
              "average_sell_price": 0,
              "xe_uuid": "INF204KB14I2",
              "product": "CNC",
              "rmtm_buy_average_price": 296.08,
              "buy_amount": 296.08,
              "average_buy_price": 296.08,
              "realized_mtm": 0
            },
            {
              "ltp": 101.04,
              "other_margin": null,
              "sell_amount": 0,
              "exchange": "NSE",
              "net_quantity": 1,
              "token": "REDACTED",
              "average_price": 0,
              "client_id": "REDACTED",
              "cf_sell_average_price": 0,
              "cf_sell_quantity": 0,
              "pledged_quantity": 0,
              "cf_buy_quantity": 0,
              "cf_sell_amount": 0,
              "instrument_token": 14428,
              "previous_close": 102.23,
              "trading_symbol": "GOLDBEES-EQ",
              "v_login_id": "S10272",
              "pro_cli": "CLIENT",
              "display_symbol": "GOLDBEES",
              "user_name": "REDACTED",
              "rmtm_sell_average_price": 0,
              "close_price": 0,
              "prod_type": 1,
              "multiplier": 1,
              "symbol": "GOLDBEES",
              "sell_quantity": 0,
              "segment": "Capital",
              "buy_quantity": 1,
              "cf_buy_amount": 0,
              "cf_buy_average_price": 0,
              "net_amount": -101.1,
              "series": "EQ",
              "average_sell_price": 0,
              "xe_uuid": "INF204KB17I5",
              "product": "CNC",
              "rmtm_buy_average_price": 101.1,
              "buy_amount": 101.1,
              "average_buy_price": 101.1,
              "realized_mtm": 0
            }
          ],
          "message": "",
          "status": "success"
        }
      },
      "responseString": {
        "data": [
          {
            "ltp": 79.02,
            "other_margin": null,
            "sell_amount": 12824.1,
            "exchange": "NSE",
            "net_quantity": 0,
            "token": "REDACTED",
            "average_price": 0,
            "client_id": "REDACTED",
            "cf_sell_average_price": 0,
            "cf_sell_quantity": 0,
            "pledged_quantity": 0,
            "cf_buy_quantity": 0,
            "cf_sell_amount": 0,
            "instrument_token": 11184,
            "previous_close": 79.61,
            "trading_symbol": "IDFCFIRSTB-EQ",
            "v_login_id": "S10272",
            "pro_cli": "CLIENT",
            "display_symbol": "IDFCFIRSTB",
            "user_name": "REDACTED",
            "rmtm_sell_average_price": 79.6528,
            "close_price": 0,
            "prod_type": 16,
            "multiplier": 1,
            "symbol": "IDFCFIRSTB",
            "sell_quantity": 161,
            "segment": "Capital",
            "buy_quantity": 161,
            "cf_buy_amount": 0,
            "cf_buy_average_price": 0,
            "net_amount": -10.510000000000218,
            "series": "EQ",
            "average_sell_price": 79.6527950310559,
            "xe_uuid": "INE092T01019",
            "product": "MTF",
            "rmtm_buy_average_price": 79.7181,
            "buy_amount": 12834.61,
            "average_buy_price": 79.71807453416149,
            "realized_mtm": -1
          },
          {
            "ltp": 1038.5,
            "other_margin": null,
            "sell_amount": 11381.7,
            "exchange": "NSE",
            "net_quantity": 0,
            "token": "REDACTED",
            "average_price": 0,
            "client_id": "REDACTED",
            "cf_sell_average_price": 0,
            "cf_sell_quantity": 0,
            "pledged_quantity": 0,
            "cf_buy_quantity": 0,
            "cf_sell_amount": 0,
            "instrument_token": 20854,
            "previous_close": 1033.5,
            "trading_symbol": "HAPPYFORGE-EQ",
            "v_login_id": "S10272",
            "pro_cli": "CLIENT",
            "display_symbol": "HAPPYFORGE",
            "user_name": "REDACTED",
            "rmtm_sell_average_price": 1034.7,
            "close_price": 0,
            "prod_type": 16,
            "multiplier": 1,
            "symbol": "HAPPYFORGE",
            "sell_quantity": 11,
            "segment": "Capital",
            "buy_quantity": 11,
            "cf_buy_amount": 0,
            "cf_buy_average_price": 0,
            "net_amount": -16.099999999998545,
            "series": "EQ",
            "average_sell_price": 1034.7,
            "xe_uuid": "INE330T01021",
            "product": "MTF",
            "rmtm_buy_average_price": 1036.1636,
            "buy_amount": 11397.8,
            "average_buy_price": 1036.1636363636362,
            "realized_mtm": -1
          },
          {
            "ltp": 4033.6,
            "other_margin": null,
            "sell_amount": 12070.9,
            "exchange": "NSE",
            "net_quantity": 0,
            "token": "REDACTED",
            "average_price": 0,
            "client_id": "REDACTED",
            "cf_sell_average_price": 0,
            "cf_sell_quantity": 0,
            "pledged_quantity": 0,
            "cf_buy_quantity": 0,
            "cf_sell_amount": 0,
            "instrument_token": 11483,
            "previous_close": 4019.6,
            "trading_symbol": "LT-EQ",
            "v_login_id": "S10272",
            "pro_cli": "CLIENT",
            "display_symbol": "LT",
            "user_name": "REDACTED",
            "rmtm_sell_average_price": 4023.6333,
            "close_price": 0,
            "prod_type": 16,
            "multiplier": 1,
            "symbol": "LT",
            "sell_quantity": 3,
            "segment": "Capital",
            "buy_quantity": 3,
            "cf_buy_amount": 0,
            "cf_buy_average_price": 0,
            "net_amount": -7.5,
            "series": "EQ",
            "average_sell_price": 4023.633333333333,
            "xe_uuid": "INE018A01030",
            "product": "MTF",
            "rmtm_buy_average_price": 4026.1333,
            "buy_amount": 12078.4,
            "average_buy_price": 4026.133333333333,
            "realized_mtm": -1
          },
          {
            "ltp": 504.4,
            "other_margin": null,
            "sell_amount": 12092.849999999999,
            "exchange": "NSE",
            "net_quantity": 0,
            "token": "REDACTED",
            "average_price": 0,
            "client_id": "REDACTED",
            "cf_sell_average_price": 0,
            "cf_sell_quantity": 0,
            "pledged_quantity": 0,
            "cf_buy_quantity": 0,
            "cf_sell_amount": 0,
            "instrument_token": 9356,
            "previous_close": 500.95,
            "trading_symbol": "MSTCLTD-EQ",
            "v_login_id": "S10272",
            "pro_cli": "CLIENT",
            "display_symbol": "MSTCLTD",
            "user_name": "REDACTED",
            "rmtm_sell_average_price": 503.8687,
            "close_price": 0,
            "prod_type": 16,
            "multiplier": 1,
            "symbol": "MSTCLTD",
            "sell_quantity": 24,
            "segment": "Capital",
            "buy_quantity": 24,
            "cf_buy_amount": 0,
            "cf_buy_average_price": 0,
            "net_amount": -10.350000000002183,
            "series": "EQ",
            "average_sell_price": 503.8687499999999,
            "xe_uuid": "INE255X01014",
            "product": "MTF",
            "rmtm_buy_average_price": 504.3,
            "buy_amount": 12103.2,
            "average_buy_price": 504.3,
            "realized_mtm": -1
          },
          {
            "ltp": 1492.3,
            "other_margin": null,
            "sell_amount": 8925.800000000001,
            "exchange": "NSE",
            "net_quantity": 0,
            "token": "REDACTED",
            "average_price": 0,
            "client_id": "REDACTED",
            "cf_sell_average_price": 0,
            "cf_sell_quantity": 0,
            "pledged_quantity": 0,
            "cf_buy_quantity": 0,
            "cf_sell_amount": 0,
            "instrument_token": 2664,
            "previous_close": 1476.7,
            "trading_symbol": "PIDILITIND-EQ",
            "v_login_id": "S10272",
            "pro_cli": "CLIENT",
            "display_symbol": "PIDILITIND",
            "user_name": "REDACTED",
            "rmtm_sell_average_price": 1487.6333,
            "close_price": 0,
            "prod_type": 16,
            "multiplier": 1,
            "symbol": "PIDILITIND",
            "sell_quantity": 6,
            "segment": "Capital",
            "buy_quantity": 6,
            "cf_buy_amount": 0,
            "cf_buy_average_price": 0,
            "net_amount": 1.4000000000014552,
            "series": "EQ",
            "average_sell_price": 1487.6333333333334,
            "xe_uuid": "INE318A01026",
            "product": "MTF",
            "rmtm_buy_average_price": 1487.4,
            "buy_amount": 8924.4,
            "average_buy_price": 1487.3999999999999,
            "realized_mtm": 0
          },
          {
            "ltp": 614.2,
            "other_margin": null,
            "sell_amount": 12379.1,
            "exchange": "NSE",
            "net_quantity": 0,
            "token": "REDACTED",
            "average_price": 0,
            "client_id": "REDACTED",
            "cf_sell_average_price": 0,
            "cf_sell_quantity": 0,
            "pledged_quantity": 0,
            "cf_buy_quantity": 0,
            "cf_sell_amount": 0,
            "instrument_token": 19184,
            "previous_close": 616.35,
            "trading_symbol": "SFL-EQ",
            "v_login_id": "S10272",
            "pro_cli": "CLIENT",
            "display_symbol": "SFL",
            "user_name": "REDACTED",
            "rmtm_sell_average_price": 618.955,
            "close_price": 0,
            "prod_type": 16,
            "multiplier": 1,
            "symbol": "SFL",
            "sell_quantity": 20,
            "segment": "Capital",
            "buy_quantity": 20,
            "cf_buy_amount": 0,
            "cf_buy_average_price": 0,
            "net_amount": -12.099999999998545,
            "series": "EQ",
            "average_sell_price": 618.955,
            "xe_uuid": "INE916U01025",
            "product": "MTF",
            "rmtm_buy_average_price": 619.56,
            "buy_amount": 12391.199999999999,
            "average_buy_price": 619.56,
            "realized_mtm": -1
          },
          {
            "ltp": 2160.9,
            "other_margin": null,
            "sell_amount": 10772.8,
            "exchange": "NSE",
            "net_quantity": 0,
            "token": "REDACTED",
            "average_price": 0,
            "client_id": "REDACTED",
            "cf_sell_average_price": 0,
            "cf_sell_quantity": 0,
            "pledged_quantity": 0,
            "cf_buy_quantity": 0,
            "cf_sell_amount": 0,
            "instrument_token": 10604,
            "previous_close": 2159.8,
            "trading_symbol": "BHARTIARTL-EQ",
            "v_login_id": "S10272",
            "pro_cli": "CLIENT",
            "display_symbol": "BHARTIARTL",
            "user_name": "REDACTED",
            "rmtm_sell_average_price": 2154.56,
            "close_price": 0,
            "prod_type": 16,
            "multiplier": 1,
            "symbol": "BHARTIARTL",
            "sell_quantity": 5,
            "segment": "Capital",
            "buy_quantity": 5,
            "cf_buy_amount": 0,
            "cf_buy_average_price": 0,
            "net_amount": -0.4000000000014552,
            "series": "EQ",
            "average_sell_price": 2154.56,
            "xe_uuid": "INE397D01024",
            "product": "MTF",
            "rmtm_buy_average_price": 2154.64,
            "buy_amount": 10773.2,
            "average_buy_price": 2154.6400000000003,
            "realized_mtm": 0
          },
          {
            "ltp": 256,
            "other_margin": null,
            "sell_amount": 12558.95,
            "exchange": "NSE",
            "net_quantity": 0,
            "token": "REDACTED",
            "average_price": 0,
            "client_id": "REDACTED",
            "cf_sell_average_price": 0,
            "cf_sell_quantity": 0,
            "pledged_quantity": 0,
            "cf_buy_quantity": 0,
            "cf_sell_amount": 0,
            "instrument_token": 25426,
            "previous_close": 256.4,
            "trading_symbol": "NORTHARC-EQ",
            "v_login_id": "S10272",
            "pro_cli": "CLIENT",
            "display_symbol": "NORTHARC",
            "user_name": "REDACTED",
            "rmtm_sell_average_price": 256.3051,
            "close_price": 0,
            "prod_type": 16,
            "multiplier": 1,
            "symbol": "NORTHARC",
            "sell_quantity": 49,
            "segment": "Capital",
            "buy_quantity": 49,
            "cf_buy_amount": 0,
            "cf_buy_average_price": 0,
            "net_amount": -7.099999999998545,
            "series": "EQ",
            "average_sell_price": 256.30510204081634,
            "xe_uuid": "INE850M01015",
            "product": "MTF",
            "rmtm_buy_average_price": 256.45,
            "buy_amount": 12566.05,
            "average_buy_price": 256.45,
            "realized_mtm": 0
          },
          {
            "ltp": 507.75,
            "other_margin": null,
            "sell_amount": 12255.6,
            "exchange": "NSE",
            "net_quantity": 0,
            "token": "REDACTED",
            "average_price": 0,
            "client_id": "REDACTED",
            "cf_sell_average_price": 0,
            "cf_sell_quantity": 0,
            "pledged_quantity": 0,
            "cf_buy_quantity": 0,
            "cf_sell_amount": 0,
            "instrument_token": 17869,
            "previous_close": 513.65,
            "trading_symbol": "JSWENERGY-EQ",
            "v_login_id": "S10272",
            "pro_cli": "CLIENT",
            "display_symbol": "JSWENERGY",
            "user_name": "REDACTED",
            "rmtm_sell_average_price": 510.65,
            "close_price": 0,
            "prod_type": 16,
            "multiplier": 1,
            "symbol": "JSWENERGY",
            "sell_quantity": 24,
            "segment": "Capital",
            "buy_quantity": 24,
            "cf_buy_amount": 0,
            "cf_buy_average_price": 0,
            "net_amount": -7.199999999998909,
            "series": "EQ",
            "average_sell_price": 510.65000000000003,
            "xe_uuid": "INE121E01018",
            "product": "MTF",
            "rmtm_buy_average_price": 510.95,
            "buy_amount": 12262.8,
            "average_buy_price": 510.95,
            "realized_mtm": 0
          },
          {
            "ltp": 22.71,
            "other_margin": null,
            "sell_amount": 0,
            "exchange": "NSE",
            "net_quantity": 1,
            "token": "REDACTED",
            "average_price": 0,
            "client_id": "REDACTED",
            "cf_sell_average_price": 0,
            "cf_sell_quantity": 0,
            "pledged_quantity": 0,
            "cf_buy_quantity": 0,
            "cf_sell_amount": 0,
            "instrument_token": 11915,
            "previous_close": 22.93,
            "trading_symbol": "YESBANK-EQ",
            "v_login_id": "S10272",
            "pro_cli": "CLIENT",
            "display_symbol": "YESBANK",
            "user_name": "REDACTED",
            "rmtm_sell_average_price": 0,
            "close_price": 0,
            "prod_type": 1,
            "multiplier": 1,
            "symbol": "YESBANK",
            "sell_quantity": 0,
            "segment": "Capital",
            "buy_quantity": 1,
            "cf_buy_amount": 0,
            "cf_buy_average_price": 0,
            "net_amount": -22.69,
            "series": "EQ",
            "average_sell_price": 0,
            "xe_uuid": "INE528G01035",
            "product": "CNC",
            "rmtm_buy_average_price": 22.69,
            "buy_amount": 22.69,
            "average_buy_price": 22.69,
            "realized_mtm": 0
          },
          {
            "ltp": 10.32,
            "other_margin": null,
            "sell_amount": 0,
            "exchange": "NSE",
            "net_quantity": 2,
            "token": "REDACTED",
            "average_price": 0,
            "client_id": "REDACTED",
            "cf_sell_average_price": 0,
            "cf_sell_quantity": 0,
            "pledged_quantity": 0,
            "cf_buy_quantity": 0,
            "cf_sell_amount": 0,
            "instrument_token": 15308,
            "previous_close": 10.51,
            "trading_symbol": "SEPC-EQ",
            "v_login_id": "S10272",
            "pro_cli": "CLIENT",
            "display_symbol": "SEPC",
            "user_name": "REDACTED",
            "rmtm_sell_average_price": 0,
            "close_price": 0,
            "prod_type": 1,
            "multiplier": 1,
            "symbol": "SEPC",
            "sell_quantity": 0,
            "segment": "Capital",
            "buy_quantity": 2,
            "cf_buy_amount": 0,
            "cf_buy_average_price": 0,
            "net_amount": -20.52,
            "series": "EQ",
            "average_sell_price": 0,
            "xe_uuid": "INE964H01014",
            "product": "CNC",
            "rmtm_buy_average_price": 10.26,
            "buy_amount": 20.52,
            "average_buy_price": 10.26,
            "realized_mtm": 0
          },
          {
            "ltp": 296.21,
            "other_margin": null,
            "sell_amount": 0,
            "exchange": "NSE",
            "net_quantity": 1,
            "token": "REDACTED",
            "average_price": 0,
            "client_id": "REDACTED",
            "cf_sell_average_price": 0,
            "cf_sell_quantity": 0,
            "pledged_quantity": 0,
            "cf_buy_quantity": 0,
            "cf_sell_amount": 0,
            "instrument_token": 10576,
            "previous_close": 294.37,
            "trading_symbol": "NIFTYBEES-EQ",
            "v_login_id": "S10272",
            "pro_cli": "CLIENT",
            "display_symbol": "NIFTYBEES",
            "user_name": "REDACTED",
            "rmtm_sell_average_price": 0,
            "close_price": 0,
            "prod_type": 1,
            "multiplier": 1,
            "symbol": "NIFTYBEES",
            "sell_quantity": 0,
            "segment": "Capital",
            "buy_quantity": 1,
            "cf_buy_amount": 0,
            "cf_buy_average_price": 0,
            "net_amount": -296.08,
            "series": "EQ",
            "average_sell_price": 0,
            "xe_uuid": "INF204KB14I2",
            "product": "CNC",
            "rmtm_buy_average_price": 296.08,
            "buy_amount": 296.08,
            "average_buy_price": 296.08,
            "realized_mtm": 0
          },
          {
            "ltp": 101.04,
            "other_margin": null,
            "sell_amount": 0,
            "exchange": "NSE",
            "net_quantity": 1,
            "token": "REDACTED",
            "average_price": 0,
            "client_id": "REDACTED",
            "cf_sell_average_price": 0,
            "cf_sell_quantity": 0,
            "pledged_quantity": 0,
            "cf_buy_quantity": 0,
            "cf_sell_amount": 0,
            "instrument_token": 14428,
            "previous_close": 102.23,
            "trading_symbol": "GOLDBEES-EQ",
            "v_login_id": "S10272",
            "pro_cli": "CLIENT",
            "display_symbol": "GOLDBEES",
            "user_name": "REDACTED",
            "rmtm_sell_average_price": 0,
            "close_price": 0,
            "prod_type": 1,
            "multiplier": 1,
            "symbol": "GOLDBEES",
            "sell_quantity": 0,
            "segment": "Capital",
            "buy_quantity": 1,
            "cf_buy_amount": 0,
            "cf_buy_average_price": 0,
            "net_amount": -101.1,
            "series": "EQ",
            "average_sell_price": 0,
            "xe_uuid": "INF204KB17I5",
            "product": "CNC",
            "rmtm_buy_average_price": 101.1,
            "buy_amount": 101.1,
            "average_buy_price": 101.1,
            "realized_mtm": 0
          }
        ],
        "message": "",
        "status": "success"
      }
    },
    "userId": "69044940460b987a8555aba0",
    "brokerFunctionLogId": "7c97f94a-9ba1-47a6-86e5-1b26d19e3e58",
    "functionName": "Portfolio.liveHoldings",
    "brokerName": "hdfcsky"
  },
  "reqId": "305ee570-c5ea-11f0-91ef-b7bae078c130",
  "msg": "",
  "time": "2025-11-20T08:23:27.500Z",
  "v": 0
},
{
  "name": "sc.service.sc-integrations-brokers-api",
  "version": "3.8.9",
  "hostname": "ip-10-137-0-149",
  "pid": 2788,
  "type": "SC_BROKER",
  "level": 30,
  "context": {
    "broker": "hdfcsky",
    "msg": "Successful request",
    "details": {
      "request": {
        "url": "https://developer.hdfcsky.com/oapi/v1/holdings?api_key=1bc928ff1ce54970b0a2f2ae4740dc77&client_id=S10272",
        "method": "GET",
        "headers": {
          "Authorization": "REDACTED",
          "Content-Type": "application/json"
        },
        "timeout": 20000
      },
      "userId": "S10272",
      "accessToken": "REDACTED",
      "response": {
        "statusCode": 200,
        "body": {
          "data": {
            "holdings": [
              {
                "symbol": "YESBANK",
                "quantity": 7,
                "isin": "INE528G01035",
                "exchange": "NSE",
                "previous_close": 22.93,
                "today_unpledge_quantity": 0,
                "t0_price": 0,
                "pledge_percentage": 70,
                "ltp": 22.71,
                "t1_price": 0,
                "pledge_allow": true,
                "branch_code": "",
                "token": "REDACTED",
                "pending_quantity": 4,
                "today_pledge_quantity": 0,
                "buy_avg_mtm": -1.539999999999992,
                "trading_symbol": "YESBANK",
                "net_holding_quantity": 7,
                "client_id": "REDACTED",
                "buy_avg": 22.93,
                "t2_quantity": 0,
                "actual_buy_avg": 22.93,
                "transaction_type": "",
                "t1_quantity": 0,
                "squared_off_free_quantity": 0,
                "pledge_value": 0,
                "pledge_quantity": 0,
                "used_quantity": 0,
                "pms_quantity": 7,
                "free_quantity": 3,
                "t2_price": 0,
                "instrument_details": {
                  "exchange": 1,
                  "instrument_name": "EQ",
                  "instrument_token": 11915,
                  "trading_symbol": "YESBANK-EQ"
                },
                "squared_off_pledge_quantity": 0,
                "t0_quantity": 0
              }
            ]
          },
          "message": "",
          "status": "success"
        }
      },
      "responseString": {
        "data": {
          "holdings": [
            {
              "symbol": "YESBANK",
              "quantity": 7,
              "isin": "INE528G01035",
              "exchange": "NSE",
              "previous_close": 22.93,
              "today_unpledge_quantity": 0,
              "t0_price": 0,
              "pledge_percentage": 70,
              "ltp": 22.71,
              "t1_price": 0,
              "pledge_allow": true,
              "branch_code": "",
              "token": "REDACTED",
              "pending_quantity": 4,
              "today_pledge_quantity": 0,
              "buy_avg_mtm": -1.539999999999992,
              "trading_symbol": "YESBANK",
              "net_holding_quantity": 7,
              "client_id": "REDACTED",
              "buy_avg": 22.93,
              "t2_quantity": 0,
              "actual_buy_avg": 22.93,
              "transaction_type": "",
              "t1_quantity": 0,
              "squared_off_free_quantity": 0,
              "pledge_value": 0,
              "pledge_quantity": 0,
              "used_quantity": 0,
              "pms_quantity": 7,
              "free_quantity": 3,
              "t2_price": 0,
              "instrument_details": {
                "exchange": 1,
                "instrument_name": "EQ",
                "instrument_token": 11915,
                "trading_symbol": "YESBANK-EQ"
              },
              "squared_off_pledge_quantity": 0,
              "t0_quantity": 0
            }
          ]
        },
        "message": "",
        "status": "success"
      }
    },
    "userId": "69044940460b987a8555aba0",
    "brokerFunctionLogId": "7c97f94a-9ba1-47a6-86e5-1b26d19e3e58",
    "functionName": "Portfolio.liveHoldings",
    "brokerName": "hdfcsky"
  },
  "reqId": "305ee570-c5ea-11f0-91ef-b7bae078c130",
  "msg": "",
  "time": "2025-11-20T08:23:27.358Z",
  "v": 0
},
{
  "name": "sc.service.sc-integrations-brokers-api",
  "version": "3.8.9",
  "hostname": "ip-10-137-0-149",
  "pid": 2788,
  "type": "SC_BROKER",
  "level": 30,
  "context": {
    "broker": "hdfcsky",
    "msg": "Successful request",
    "details": {
      "request": {
        "url": "https://developer.hdfcsky.com/oapi/v1/user/trading_info?client_id=S10272&api_key=1bc928ff1ce54970b0a2f2ae4740dc77",
        "method": "GET",
        "headers": {
          "Authorization": "REDACTED",
          "Content-Type": "application/json"
        },
        "timeout": 20000
      },
      "userId": "S10272",
      "accessToken": "REDACTED",
      "response": {
        "statusCode": 200,
        "body": {
          "data": {
            "client_id": "REDACTED",
            "ddpi": true,
            "exchanges_subscribed": [
              ""
            ],
            "name": "REDACTED",
            "poa_enabled": false,
            "products_enabled": [
              "CNC",
              "MIS",
              "NRML",
              "MTF"
            ],
            "status": "active"
          },
          "message": "",
          "status": "success"
        }
      },
      "responseString": {
        "data": {
          "client_id": "REDACTED",
          "ddpi": true,
          "exchanges_subscribed": [
            ""
          ],
          "name": "REDACTED",
          "poa_enabled": false,
          "products_enabled": [
            "CNC",
            "MIS",
            "NRML",
            "MTF"
          ],
          "status": "active"
        },
        "message": "",
        "status": "success"
      }
    },
    "userId": "69044940460b987a8555aba0",
    "brokerFunctionLogId": "be26f4ff-3d44-4b05-aba4-0e5568fb2fe5",
    "functionName": "User.checkSession",
    "brokerName": "hdfcsky"
  },
  "reqId": "30519f00-c5ea-11f0-91ef-b7bae078c130",
  "msg": "",
  "time": "2025-11-20T08:23:27.270Z",
  "v": 0
},
{
  "name": "sc.service.sc-integrations-brokers-api",
  "version": "3.8.9",
  "hostname": "ip-10-137-0-149",
  "pid": 2788,
  "type": "SC_BROKER",
  "level": 30,
  "context": {
    "options": {
      "segment": "equity",
      "accessToken": "REDACTED",
      "ipAddress": "REDACTED",
      "clientDetails": {
        "channel": "web",
        "channelIp": "2409:40c0:101f:93f6:5816:8748:2dc:c872",
        "appInstallId": "9941e26b-b33b-596d-af3c-03e53b504cc7",
        "appVersion": "1.0.0",
        "userAgent": "Mozilla/5.0 (Linux; Android 10; K) AppleWebKit/537.36 (KHTML, like Gecko) Chrome/135.0.0.0 Mobile Safari/537.36"
      },
      "apiKey": "REDACTED",
      "apiSecret": "REDACTED"
    },
    "response": {
      "error": null,
      "response": {
        "code": true,
        "reason": "success",
        "message": "Session check successful"
      }
    },
    "userId": "69044940460b987a8555aba0",
    "brokerFunctionLogId": "be26f4ff-3d44-4b05-aba4-0e5568fb2fe5",
    "brokerApi": {
      "functionName": "User.checkSession",
      "brokerName": "hdfcsky"
    }
  },
  "reqId": "30519f00-c5ea-11f0-91ef-b7bae078c130",
  "msg": "broker lib function response recieved",
  "time": "2025-11-20T08:23:27.270Z",
  "v": 0
},
{
  "name": "sc.service.sc-integrations-brokers-api",
  "version": "3.8.9",
  "hostname": "ip-10-137-0-149",
  "pid": 2795,
  "type": "SC_BROKER",
  "level": 30,
  "context": {
    "options": {
      "accessToken": "REDACTED",
      "brokeruserId": "S10272",
      "apiKey": "REDACTED",
      "apiSecret": "REDACTED"
    },
    "response": {
      "error": {
        "code": false,
        "reason": "error",
        "message": "Failed to fetch holdings",
        "stack": "Error: HTTP 401: {\"error\":\"invalid credentials\"}\n    at requestBroker (/deployments/sc-integrations-broker-api/node_modules/@smallcase/sc-integrations-broker-lib/src/brokers/hdfcsky/services/request.js:82:32)\n    at processTicksAndRejections (node:internal/process/task_queues:95:5)\n    at holdings (/deployments/sc-integrations-broker-api/node_modules/@smallcase/sc-integrations-broker-lib/src/brokers/hdfcsky/services/portfolio.js:38:52)\n    at Object.liveHoldings (/deployments/sc-integrations-broker-api/node_modules/@smallcase/sc-integrations-broker-lib/src/brokers/hdfcsky/services/portfolio.js:133:72)\n    at Object.liveHoldings (/deployments/sc-integrations-broker-api/node_modules/@smallcase/sc-integrations-broker-lib/src/brokers/hdfcsky/api.js:125:60)",
        "statusCode": 401,
        "body": {
          "error": "invalid credentials"
        }
      },
      "response": {
        "code": false,
        "reason": "error",
        "message": "Failed to fetch holdings",
        "stack": "Error: HTTP 401: {\"error\":\"invalid credentials\"}\n    at requestBroker (/deployments/sc-integrations-broker-api/node_modules/@smallcase/sc-integrations-broker-lib/src/brokers/hdfcsky/services/request.js:82:32)\n    at processTicksAndRejections (node:internal/process/task_queues:95:5)\n    at holdings (/deployments/sc-integrations-broker-api/node_modules/@smallcase/sc-integrations-broker-lib/src/brokers/hdfcsky/services/portfolio.js:38:52)\n    at Object.liveHoldings (/deployments/sc-integrations-broker-api/node_modules/@smallcase/sc-integrations-broker-lib/src/brokers/hdfcsky/services/portfolio.js:133:72)\n    at Object.liveHoldings (/deployments/sc-integrations-broker-api/node_modules/@smallcase/sc-integrations-broker-lib/src/brokers/hdfcsky/api.js:125:60)",
        "statusCode": 401,
        "body": {
          "error": "invalid credentials"
        }
      }
    },
    "userId": "69044940460b987a8555aba0",
    "brokerFunctionLogId": "86420ebf-5aae-4f18-b49f-65bcdb5fe381",
    "brokerApi": {
      "functionName": "Portfolio.liveHoldings",
      "brokerName": "hdfcsky"
    }
  },
  "reqId": "288cca60-c5ea-11f0-b207-ab18fd81b8ce",
  "msg": "broker lib function response recieved",
  "time": "2025-11-20T08:23:14.202Z",
  "v": 0
},
{
  "name": "sc.service.sc-integrations-brokers-api",
  "version": "3.8.9",
  "hostname": "ip-10-137-0-149",
  "pid": 2795,
  "type": "SC_BROKER",
  "level": 40,
  "err": {
    "message": "Failed to fetch holdings",
    "stack": "Error: HTTP 401: {\"error\":\"invalid credentials\"}\n    at requestBroker (/deployments/sc-integrations-broker-api/node_modules/@smallcase/sc-integrations-broker-lib/src/brokers/hdfcsky/services/request.js:82:32)\n    at processTicksAndRejections (node:internal/process/task_queues:95:5)\n    at holdings (/deployments/sc-integrations-broker-api/node_modules/@smallcase/sc-integrations-broker-lib/src/brokers/hdfcsky/services/portfolio.js:38:52)\n    at Object.liveHoldings (/deployments/sc-integrations-broker-api/node_modules/@smallcase/sc-integrations-broker-lib/src/brokers/hdfcsky/services/portfolio.js:133:72)\n    at Object.liveHoldings (/deployments/sc-integrations-broker-api/node_modules/@smallcase/sc-integrations-broker-lib/src/brokers/hdfcsky/api.js:125:60)"
  },
  "context": {
    "broker": "hdfcsky",
    "msg": "Error in fetching live holdings",
    "details": {
      "options": {
        "accessToken": "REDACTED",
        "brokeruserId": "S10272",
        "apiKey": "REDACTED",
        "apiSecret": "REDACTED"
      }
    },
    "userId": "69044940460b987a8555aba0",
    "brokerFunctionLogId": "86420ebf-5aae-4f18-b49f-65bcdb5fe381",
    "functionName": "Portfolio.liveHoldings",
    "brokerName": "hdfcsky"
  },
  "reqId": "288cca60-c5ea-11f0-b207-ab18fd81b8ce",
  "msg": "",
  "time": "2025-11-20T08:23:14.201Z",
  "v": 0
},
{
  "name": "sc.service.sc-integrations-brokers-api",
  "version": "3.8.9",
  "hostname": "ip-10-137-0-149",
  "pid": 2795,
  "type": "SC_BROKER",
  "level": 50,
  "err": {
    "message": "Request failed with status code 401",
    "name": "AxiosError",
    "stack": "AxiosError: Request failed with status code 401\n    at settle (/deployments/sc-integrations-broker-api/node_modules/axios/lib/core/settle.js:17:12)\n    at IncomingMessage.handleStreamEnd (/deployments/sc-integrations-broker-api/node_modules/axios/lib/adapters/http.js:382:11)\n    at IncomingMessage.emit (node:events:525:35)\n    at endReadableNT (node:internal/streams/readable:1359:12)\n    at processTicksAndRejections (node:internal/process/task_queues:82:21)"
  },
  "context": {
    "broker": "hdfcsky",
    "msg": "Error in request - Request failed with status code 401",
    "details": {
      "request": {
        "url": "https://developer.hdfcsky.com/oapi/v1/holdings?api_key=1bc928ff1ce54970b0a2f2ae4740dc77&client_id=S10272",
        "method": "GET",
        "headers": {
          "Authorization": "REDACTED",
          "Content-Type": "application/json"
        },
        "timeout": 20000
      },
      "userId": "S10272",
      "accessToken": "REDACTED",
      "response": {
        "error": "invalid credentials"
      }
    },
    "userId": "69044940460b987a8555aba0",
    "brokerFunctionLogId": "86420ebf-5aae-4f18-b49f-65bcdb5fe381",
    "functionName": "Portfolio.liveHoldings",
    "brokerName": "hdfcsky"
  },
  "reqId": "288cca60-c5ea-11f0-b207-ab18fd81b8ce",
  "msg": "",
  "time": "2025-11-20T08:23:14.200Z",
  "v": 0
},
{
  "name": "sc.service.sc-integrations-brokers-api",
  "version": "3.8.9",
  "hostname": "ip-10-137-0-149",
  "pid": 2795,
  "type": "SC_BROKER",
  "level": 30,
  "context": {
    "options": {
      "accessToken": "REDACTED",
      "brokeruserId": "S10272",
      "apiKey": "REDACTED",
      "apiSecret": "REDACTED"
    },
    "response": {
      "error": {
        "code": false,
        "reason": "error",
        "message": "Failed to fetch holdings",
        "stack": "Error: HTTP 401: {\"error\":\"invalid credentials\"}\n    at requestBroker (/deployments/sc-integrations-broker-api/node_modules/@smallcase/sc-integrations-broker-lib/src/brokers/hdfcsky/services/request.js:82:32)\n    at processTicksAndRejections (node:internal/process/task_queues:95:5)\n    at holdings (/deployments/sc-integrations-broker-api/node_modules/@smallcase/sc-integrations-broker-lib/src/brokers/hdfcsky/services/portfolio.js:38:52)\n    at Object.liveHoldings (/deployments/sc-integrations-broker-api/node_modules/@smallcase/sc-integrations-broker-lib/src/brokers/hdfcsky/services/portfolio.js:133:72)\n    at Object.liveHoldings (/deployments/sc-integrations-broker-api/node_modules/@smallcase/sc-integrations-broker-lib/src/brokers/hdfcsky/api.js:125:60)",
        "statusCode": 401,
        "body": {
          "error": "invalid credentials"
        }
      },
      "response": {
        "code": false,
        "reason": "error",
        "message": "Failed to fetch holdings",
        "stack": "Error: HTTP 401: {\"error\":\"invalid credentials\"}\n    at requestBroker (/deployments/sc-integrations-broker-api/node_modules/@smallcase/sc-integrations-broker-lib/src/brokers/hdfcsky/services/request.js:82:32)\n    at processTicksAndRejections (node:internal/process/task_queues:95:5)\n    at holdings (/deployments/sc-integrations-broker-api/node_modules/@smallcase/sc-integrations-broker-lib/src/brokers/hdfcsky/services/portfolio.js:38:52)\n    at Object.liveHoldings (/deployments/sc-integrations-broker-api/node_modules/@smallcase/sc-integrations-broker-lib/src/brokers/hdfcsky/services/portfolio.js:133:72)\n    at Object.liveHoldings (/deployments/sc-integrations-broker-api/node_modules/@smallcase/sc-integrations-broker-lib/src/brokers/hdfcsky/api.js:125:60)",
        "statusCode": 401,
        "body": {
          "error": "invalid credentials"
        }
      }
    },
    "userId": "69044940460b987a8555aba0",
    "brokerFunctionLogId": "69a4a03b-e865-4451-9cae-6d1bc2628624",
    "brokerApi": {
      "functionName": "Portfolio.liveHoldings",
      "brokerName": "hdfcsky"
    }
  },
  "reqId": "28830660-c5ea-11f0-b207-ab18fd81b8ce",
  "msg": "broker lib function response recieved",
  "time": "2025-11-20T08:23:14.137Z",
  "v": 0
},
{
  "name": "sc.service.sc-integrations-brokers-api",
  "version": "3.8.9",
  "hostname": "ip-10-137-0-149",
  "pid": 2795,
  "type": "SC_BROKER",
  "level": 50,
  "err": {
    "message": "Request failed with status code 401",
    "name": "AxiosError",
    "stack": "AxiosError: Request failed with status code 401\n    at settle (/deployments/sc-integrations-broker-api/node_modules/axios/lib/core/settle.js:17:12)\n    at IncomingMessage.handleStreamEnd (/deployments/sc-integrations-broker-api/node_modules/axios/lib/adapters/http.js:382:11)\n    at IncomingMessage.emit (node:events:525:35)\n    at endReadableNT (node:internal/streams/readable:1359:12)\n    at processTicksAndRejections (node:internal/process/task_queues:82:21)"
  },
  "context": {
    "broker": "hdfcsky",
    "msg": "Error in request - Request failed with status code 401",
    "details": {
      "request": {
        "url": "https://developer.hdfcsky.com/oapi/v1/holdings?api_key=1bc928ff1ce54970b0a2f2ae4740dc77&client_id=S10272",
        "method": "GET",
        "headers": {
          "Authorization": "REDACTED",
          "Content-Type": "application/json"
        },
        "timeout": 20000
      },
      "userId": "S10272",
      "accessToken": "REDACTED",
      "response": {
        "error": "invalid credentials"
      }
    },
    "userId": "69044940460b987a8555aba0",
    "brokerFunctionLogId": "69a4a03b-e865-4451-9cae-6d1bc2628624",
    "functionName": "Portfolio.liveHoldings",
    "brokerName": "hdfcsky"
  },
  "reqId": "28830660-c5ea-11f0-b207-ab18fd81b8ce",
  "msg": "",
  "time": "2025-11-20T08:23:14.136Z",
  "v": 0
},
{
  "name": "sc.service.sc-integrations-brokers-api",
  "version": "3.8.9",
  "hostname": "ip-10-137-0-149",
  "pid": 2795,
  "type": "SC_BROKER",
  "level": 40,
  "err": {
    "message": "Failed to fetch holdings",
    "stack": "Error: HTTP 401: {\"error\":\"invalid credentials\"}\n    at requestBroker (/deployments/sc-integrations-broker-api/node_modules/@smallcase/sc-integrations-broker-lib/src/brokers/hdfcsky/services/request.js:82:32)\n    at processTicksAndRejections (node:internal/process/task_queues:95:5)\n    at holdings (/deployments/sc-integrations-broker-api/node_modules/@smallcase/sc-integrations-broker-lib/src/brokers/hdfcsky/services/portfolio.js:38:52)\n    at Object.liveHoldings (/deployments/sc-integrations-broker-api/node_modules/@smallcase/sc-integrations-broker-lib/src/brokers/hdfcsky/services/portfolio.js:133:72)\n    at Object.liveHoldings (/deployments/sc-integrations-broker-api/node_modules/@smallcase/sc-integrations-broker-lib/src/brokers/hdfcsky/api.js:125:60)"
  },
  "context": {
    "broker": "hdfcsky",
    "msg": "Error in fetching live holdings",
    "details": {
      "options": {
        "accessToken": "REDACTED",
        "brokeruserId": "S10272",
        "apiKey": "REDACTED",
        "apiSecret": "REDACTED"
      }
    },
    "userId": "69044940460b987a8555aba0",
    "brokerFunctionLogId": "69a4a03b-e865-4451-9cae-6d1bc2628624",
    "functionName": "Portfolio.liveHoldings",
    "brokerName": "hdfcsky"
  },
  "reqId": "28830660-c5ea-11f0-b207-ab18fd81b8ce",
  "msg": "",
  "time": "2025-11-20T08:23:14.136Z",
  "v": 0
},
{
  "name": "sc.service.sc-integrations-brokers-api",
  "version": "3.8.9",
  "hostname": "ip-10-137-0-149",
  "pid": 2788,
  "type": "SC_BROKER",
  "level": 30,
  "context": {
    "options": {
      "accessToken": "REDACTED",
      "brokeruserId": "S10272",
      "apiKey": "REDACTED",
      "apiSecret": "REDACTED"
    },
    "response": {
      "error": {
        "code": false,
        "reason": "error",
        "message": "Failed to fetch holdings",
        "stack": "Error: HTTP 401: {\"error\":\"invalid credentials\"}\n    at requestBroker (/deployments/sc-integrations-broker-api/node_modules/@smallcase/sc-integrations-broker-lib/src/brokers/hdfcsky/services/request.js:82:32)\n    at processTicksAndRejections (node:internal/process/task_queues:95:5)\n    at holdings (/deployments/sc-integrations-broker-api/node_modules/@smallcase/sc-integrations-broker-lib/src/brokers/hdfcsky/services/portfolio.js:38:52)\n    at Object.liveHoldings (/deployments/sc-integrations-broker-api/node_modules/@smallcase/sc-integrations-broker-lib/src/brokers/hdfcsky/services/portfolio.js:133:72)\n    at Object.liveHoldings (/deployments/sc-integrations-broker-api/node_modules/@smallcase/sc-integrations-broker-lib/src/brokers/hdfcsky/api.js:125:60)",
        "statusCode": 401,
        "body": {
          "error": "invalid credentials"
        }
      },
      "response": {
        "code": false,
        "reason": "error",
        "message": "Failed to fetch holdings",
        "stack": "Error: HTTP 401: {\"error\":\"invalid credentials\"}\n    at requestBroker (/deployments/sc-integrations-broker-api/node_modules/@smallcase/sc-integrations-broker-lib/src/brokers/hdfcsky/services/request.js:82:32)\n    at processTicksAndRejections (node:internal/process/task_queues:95:5)\n    at holdings (/deployments/sc-integrations-broker-api/node_modules/@smallcase/sc-integrations-broker-lib/src/brokers/hdfcsky/services/portfolio.js:38:52)\n    at Object.liveHoldings (/deployments/sc-integrations-broker-api/node_modules/@smallcase/sc-integrations-broker-lib/src/brokers/hdfcsky/services/portfolio.js:133:72)\n    at Object.liveHoldings (/deployments/sc-integrations-broker-api/node_modules/@smallcase/sc-integrations-broker-lib/src/brokers/hdfcsky/api.js:125:60)",
        "statusCode": 401,
        "body": {
          "error": "invalid credentials"
        }
      }
    },
    "userId": "69044940460b987a8555aba0",
    "brokerFunctionLogId": "faab4b62-073e-4828-a9a3-a9d49c271e31",
    "brokerApi": {
      "functionName": "Portfolio.liveHoldings",
      "brokerName": "hdfcsky"
    }
  },
  "reqId": "2877e2d0-c5ea-11f0-91ef-b7bae078c130",
  "msg": "broker lib function response recieved",
  "time": "2025-11-20T08:23:14.069Z",
  "v": 0
},
{
  "name": "sc.service.sc-integrations-brokers-api",
  "version": "3.8.9",
  "hostname": "ip-10-137-0-149",
  "pid": 2788,
  "type": "SC_BROKER",
  "level": 40,
  "err": {
    "message": "Failed to fetch holdings",
    "stack": "Error: HTTP 401: {\"error\":\"invalid credentials\"}\n    at requestBroker (/deployments/sc-integrations-broker-api/node_modules/@smallcase/sc-integrations-broker-lib/src/brokers/hdfcsky/services/request.js:82:32)\n    at processTicksAndRejections (node:internal/process/task_queues:95:5)\n    at holdings (/deployments/sc-integrations-broker-api/node_modules/@smallcase/sc-integrations-broker-lib/src/brokers/hdfcsky/services/portfolio.js:38:52)\n    at Object.liveHoldings (/deployments/sc-integrations-broker-api/node_modules/@smallcase/sc-integrations-broker-lib/src/brokers/hdfcsky/services/portfolio.js:133:72)\n    at Object.liveHoldings (/deployments/sc-integrations-broker-api/node_modules/@smallcase/sc-integrations-broker-lib/src/brokers/hdfcsky/api.js:125:60)"
  },
  "context": {
    "broker": "hdfcsky",
    "msg": "Error in fetching live holdings",
    "details": {
      "options": {
        "accessToken": "REDACTED",
        "brokeruserId": "S10272",
        "apiKey": "REDACTED",
        "apiSecret": "REDACTED"
      }
    },
    "userId": "69044940460b987a8555aba0",
    "brokerFunctionLogId": "faab4b62-073e-4828-a9a3-a9d49c271e31",
    "functionName": "Portfolio.liveHoldings",
    "brokerName": "hdfcsky"
  },
  "reqId": "2877e2d0-c5ea-11f0-91ef-b7bae078c130",
  "msg": "",
  "time": "2025-11-20T08:23:14.068Z",
  "v": 0
},
{
  "name": "sc.service.sc-integrations-brokers-api",
  "version": "3.8.9",
  "hostname": "ip-10-137-0-149",
  "pid": 2788,
  "type": "SC_BROKER",
  "level": 50,
  "err": {
    "message": "Request failed with status code 401",
    "name": "AxiosError",
    "stack": "AxiosError: Request failed with status code 401\n    at settle (/deployments/sc-integrations-broker-api/node_modules/axios/lib/core/settle.js:17:12)\n    at IncomingMessage.handleStreamEnd (/deployments/sc-integrations-broker-api/node_modules/axios/lib/adapters/http.js:382:11)\n    at IncomingMessage.emit (node:events:525:35)\n    at endReadableNT (node:internal/streams/readable:1359:12)\n    at processTicksAndRejections (node:internal/process/task_queues:82:21)"
  },
  "context": {
    "broker": "hdfcsky",
    "msg": "Error in request - Request failed with status code 401",
    "details": {
      "request": {
        "url": "https://developer.hdfcsky.com/oapi/v1/holdings?api_key=1bc928ff1ce54970b0a2f2ae4740dc77&client_id=S10272",
        "method": "GET",
        "headers": {
          "Authorization": "REDACTED",
          "Content-Type": "application/json"
        },
        "timeout": 20000
      },
      "userId": "S10272",
      "accessToken": "REDACTED",
      "response": {
        "error": "invalid credentials"
      }
    },
    "userId": "69044940460b987a8555aba0",
    "brokerFunctionLogId": "faab4b62-073e-4828-a9a3-a9d49c271e31",
    "functionName": "Portfolio.liveHoldings",
    "brokerName": "hdfcsky"
  },
  "reqId": "2877e2d0-c5ea-11f0-91ef-b7bae078c130",
  "msg": "",
  "time": "2025-11-20T08:23:14.067Z",
  "v": 0
},
{
  "name": "sc.service.sc-integrations-brokers-api",
  "version": "3.8.9",
  "hostname": "ip-10-137-0-149",
  "pid": 2788,
  "type": "SC_BROKER",
  "level": 30,
  "context": {
    "options": {
      "accessToken": "REDACTED",
      "brokeruserId": "S10272",
      "apiKey": "REDACTED",
      "apiSecret": "REDACTED"
    },
    "response": {
      "error": null,
      "response": {
        "code": true,
        "reason": "success",
        "payload": [
          {
            "isin": "INE528G01035",
            "tradingsymbol": "YESBANK",
            "brokersymbol": "11915",
            "quantity": 7,
            "averagePrice": 22.93,
            "exchange": "NSE",
            "authorisedQuantity": 7
          },
          {
            "isin": "INE092T01019",
            "tradingsymbol": "IDFCFIRSTB-EQ",
            "brokersymbol": "11184",
            "quantity": 0,
            "averagePrice": null,
            "exchange": "NSE"
          },
          {
            "isin": "INE330T01021",
            "tradingsymbol": "HAPPYFORGE-EQ",
            "brokersymbol": "20854",
            "quantity": 0,
            "averagePrice": null,
            "exchange": "NSE"
          },
          {
            "isin": "INE018A01030",
            "tradingsymbol": "LT-EQ",
            "brokersymbol": "11483",
            "quantity": 0,
            "averagePrice": null,
            "exchange": "NSE"
          },
          {
            "isin": "INE255X01014",
            "tradingsymbol": "MSTCLTD-EQ",
            "brokersymbol": "9356",
            "quantity": 0,
            "averagePrice": null,
            "exchange": "NSE"
          },
          {
            "isin": "INE318A01026",
            "tradingsymbol": "PIDILITIND-EQ",
            "brokersymbol": "2664",
            "quantity": 0,
            "averagePrice": null,
            "exchange": "NSE"
          },
          {
            "isin": "INE916U01025",
            "tradingsymbol": "SFL-EQ",
            "brokersymbol": "19184",
            "quantity": 0,
            "averagePrice": null,
            "exchange": "NSE"
          },
          {
            "isin": "INE397D01024",
            "tradingsymbol": "BHARTIARTL-EQ",
            "brokersymbol": "10604",
            "quantity": 0,
            "averagePrice": null,
            "exchange": "NSE"
          },
          {
            "isin": "INE850M01015",
            "tradingsymbol": "NORTHARC-EQ",
            "brokersymbol": "25426",
            "quantity": 0,
            "averagePrice": null,
            "exchange": "NSE"
          },
          {
            "isin": "INE121E01018",
            "tradingsymbol": "JSWENERGY-EQ",
            "brokersymbol": "17869",
            "quantity": 0,
            "averagePrice": null,
            "exchange": "NSE"
          },
          {
            "isin": "INE528G01035",
            "tradingsymbol": "YESBANK-EQ",
            "brokersymbol": "11915",
            "quantity": 1,
            "averagePrice": 22.69,
            "exchange": "NSE"
          },
          {
            "isin": "INE964H01014",
            "tradingsymbol": "SEPC-EQ",
            "brokersymbol": "15308",
            "quantity": 2,
            "averagePrice": 10.26,
            "exchange": "NSE"
          },
          {
            "isin": "INF204KB14I2",
            "tradingsymbol": "NIFTYBEES-EQ",
            "brokersymbol": "10576",
            "quantity": 1,
            "averagePrice": 296.08,
            "exchange": "NSE"
          },
          {
            "isin": "INF204KB17I5",
            "tradingsymbol": "GOLDBEES-EQ",
            "brokersymbol": "14428",
            "quantity": 1,
            "averagePrice": 101.1,
            "exchange": "NSE"
          }
        ]
      }
    },
    "userId": "69044940460b987a8555aba0",
    "brokerFunctionLogId": "5012a296-7b63-45d1-b695-0886a48795e0",
    "brokerApi": {
      "functionName": "Portfolio.liveHoldings",
      "brokerName": "hdfcsky"
    }
  },
  "reqId": "28470ed0-c5ea-11f0-91ef-b7bae078c130",
  "msg": "broker lib function response recieved",
  "time": "2025-11-20T08:23:13.932Z",
  "v": 0
},
{
  "name": "sc.service.sc-integrations-brokers-api",
  "version": "3.8.9",
  "hostname": "ip-10-137-0-149",
  "pid": 2788,
  "type": "SC_BROKER",
  "level": 30,
  "context": {
    "broker": "hdfcsky",
    "msg": "Successful request",
    "details": {
      "request": {
        "url": "https://developer.hdfcsky.com/oapi/v1/positions?api_key=1bc928ff1ce54970b0a2f2ae4740dc77&client_id=S10272&type=historical",
        "method": "GET",
        "headers": {
          "Authorization": "REDACTED",
          "Content-Type": "application/json"
        },
        "timeout": 20000
      },
      "userId": "S10272",
      "accessToken": "REDACTED",
      "response": {
        "statusCode": 200,
        "body": {
          "data": [
            {
              "ltp": 79,
              "other_margin": null,
              "sell_amount": 12824.1,
              "exchange": "NSE",
              "net_quantity": 0,
              "token": "REDACTED",
              "average_price": 0,
              "client_id": "REDACTED",
              "cf_sell_average_price": 0,
              "cf_sell_quantity": 0,
              "pledged_quantity": 0,
              "cf_buy_quantity": 0,
              "cf_sell_amount": 0,
              "instrument_token": 11184,
              "previous_close": 79.61,
              "trading_symbol": "IDFCFIRSTB-EQ",
              "v_login_id": "S10272",
              "pro_cli": "CLIENT",
              "display_symbol": "IDFCFIRSTB",
              "user_name": "REDACTED",
              "rmtm_sell_average_price": 79.6528,
              "close_price": 0,
              "prod_type": 16,
              "multiplier": 1,
              "symbol": "IDFCFIRSTB",
              "sell_quantity": 161,
              "segment": "Capital",
              "buy_quantity": 161,
              "cf_buy_amount": 0,
              "cf_buy_average_price": 0,
              "net_amount": -10.510000000000218,
              "series": "EQ",
              "average_sell_price": 79.6527950310559,
              "xe_uuid": "INE092T01019",
              "product": "MTF",
              "rmtm_buy_average_price": 79.7181,
              "buy_amount": 12834.61,
              "average_buy_price": 79.71807453416149,
              "realized_mtm": -1
            },
            {
              "ltp": 1038.5,
              "other_margin": null,
              "sell_amount": 11381.7,
              "exchange": "NSE",
              "net_quantity": 0,
              "token": "REDACTED",
              "average_price": 0,
              "client_id": "REDACTED",
              "cf_sell_average_price": 0,
              "cf_sell_quantity": 0,
              "pledged_quantity": 0,
              "cf_buy_quantity": 0,
              "cf_sell_amount": 0,
              "instrument_token": 20854,
              "previous_close": 1033.5,
              "trading_symbol": "HAPPYFORGE-EQ",
              "v_login_id": "S10272",
              "pro_cli": "CLIENT",
              "display_symbol": "HAPPYFORGE",
              "user_name": "REDACTED",
              "rmtm_sell_average_price": 1034.7,
              "close_price": 0,
              "prod_type": 16,
              "multiplier": 1,
              "symbol": "HAPPYFORGE",
              "sell_quantity": 11,
              "segment": "Capital",
              "buy_quantity": 11,
              "cf_buy_amount": 0,
              "cf_buy_average_price": 0,
              "net_amount": -16.099999999998545,
              "series": "EQ",
              "average_sell_price": 1034.7,
              "xe_uuid": "INE330T01021",
              "product": "MTF",
              "rmtm_buy_average_price": 1036.1636,
              "buy_amount": 11397.8,
              "average_buy_price": 1036.1636363636362,
              "realized_mtm": -1
            },
            {
              "ltp": 4033,
              "other_margin": null,
              "sell_amount": 12070.9,
              "exchange": "NSE",
              "net_quantity": 0,
              "token": "REDACTED",
              "average_price": 0,
              "client_id": "REDACTED",
              "cf_sell_average_price": 0,
              "cf_sell_quantity": 0,
              "pledged_quantity": 0,
              "cf_buy_quantity": 0,
              "cf_sell_amount": 0,
              "instrument_token": 11483,
              "previous_close": 4019.6,
              "trading_symbol": "LT-EQ",
              "v_login_id": "S10272",
              "pro_cli": "CLIENT",
              "display_symbol": "LT",
              "user_name": "REDACTED",
              "rmtm_sell_average_price": 4023.6333,
              "close_price": 0,
              "prod_type": 16,
              "multiplier": 1,
              "symbol": "LT",
              "sell_quantity": 3,
              "segment": "Capital",
              "buy_quantity": 3,
              "cf_buy_amount": 0,
              "cf_buy_average_price": 0,
              "net_amount": -7.5,
              "series": "EQ",
              "average_sell_price": 4023.633333333333,
              "xe_uuid": "INE018A01030",
              "product": "MTF",
              "rmtm_buy_average_price": 4026.1333,
              "buy_amount": 12078.4,
              "average_buy_price": 4026.133333333333,
              "realized_mtm": -1
            },
            {
              "ltp": 503.95,
              "other_margin": null,
              "sell_amount": 12092.849999999999,
              "exchange": "NSE",
              "net_quantity": 0,
              "token": "REDACTED",
              "average_price": 0,
              "client_id": "REDACTED",
              "cf_sell_average_price": 0,
              "cf_sell_quantity": 0,
              "pledged_quantity": 0,
              "cf_buy_quantity": 0,
              "cf_sell_amount": 0,
              "instrument_token": 9356,
              "previous_close": 500.95,
              "trading_symbol": "MSTCLTD-EQ",
              "v_login_id": "S10272",
              "pro_cli": "CLIENT",
              "display_symbol": "MSTCLTD",
              "user_name": "REDACTED",
              "rmtm_sell_average_price": 503.8687,
              "close_price": 0,
              "prod_type": 16,
              "multiplier": 1,
              "symbol": "MSTCLTD",
              "sell_quantity": 24,
              "segment": "Capital",
              "buy_quantity": 24,
              "cf_buy_amount": 0,
              "cf_buy_average_price": 0,
              "net_amount": -10.350000000002183,
              "series": "EQ",
              "average_sell_price": 503.8687499999999,
              "xe_uuid": "INE255X01014",
              "product": "MTF",
              "rmtm_buy_average_price": 504.3,
              "buy_amount": 12103.2,
              "average_buy_price": 504.3,
              "realized_mtm": -1
            },
            {
              "ltp": 1492.4,
              "other_margin": null,
              "sell_amount": 8925.800000000001,
              "exchange": "NSE",
              "net_quantity": 0,
              "token": "REDACTED",
              "average_price": 0,
              "client_id": "REDACTED",
              "cf_sell_average_price": 0,
              "cf_sell_quantity": 0,
              "pledged_quantity": 0,
              "cf_buy_quantity": 0,
              "cf_sell_amount": 0,
              "instrument_token": 2664,
              "previous_close": 1476.7,
              "trading_symbol": "PIDILITIND-EQ",
              "v_login_id": "S10272",
              "pro_cli": "CLIENT",
              "display_symbol": "PIDILITIND",
              "user_name": "REDACTED",
              "rmtm_sell_average_price": 1487.6333,
              "close_price": 0,
              "prod_type": 16,
              "multiplier": 1,
              "symbol": "PIDILITIND",
              "sell_quantity": 6,
              "segment": "Capital",
              "buy_quantity": 6,
              "cf_buy_amount": 0,
              "cf_buy_average_price": 0,
              "net_amount": 1.4000000000014552,
              "series": "EQ",
              "average_sell_price": 1487.6333333333334,
              "xe_uuid": "INE318A01026",
              "product": "MTF",
              "rmtm_buy_average_price": 1487.4,
              "buy_amount": 8924.4,
              "average_buy_price": 1487.3999999999999,
              "realized_mtm": 0
            },
            {
              "ltp": 614.2,
              "other_margin": null,
              "sell_amount": 12379.1,
              "exchange": "NSE",
              "net_quantity": 0,
              "token": "REDACTED",
              "average_price": 0,
              "client_id": "REDACTED",
              "cf_sell_average_price": 0,
              "cf_sell_quantity": 0,
              "pledged_quantity": 0,
              "cf_buy_quantity": 0,
              "cf_sell_amount": 0,
              "instrument_token": 19184,
              "previous_close": 616.35,
              "trading_symbol": "SFL-EQ",
              "v_login_id": "S10272",
              "pro_cli": "CLIENT",
              "display_symbol": "SFL",
              "user_name": "REDACTED",
              "rmtm_sell_average_price": 618.955,
              "close_price": 0,
              "prod_type": 16,
              "multiplier": 1,
              "symbol": "SFL",
              "sell_quantity": 20,
              "segment": "Capital",
              "buy_quantity": 20,
              "cf_buy_amount": 0,
              "cf_buy_average_price": 0,
              "net_amount": -12.099999999998545,
              "series": "EQ",
              "average_sell_price": 618.955,
              "xe_uuid": "INE916U01025",
              "product": "MTF",
              "rmtm_buy_average_price": 619.56,
              "buy_amount": 12391.199999999999,
              "average_buy_price": 619.56,
              "realized_mtm": -1
            },
            {
              "ltp": 2161,
              "other_margin": null,
              "sell_amount": 10772.8,
              "exchange": "NSE",
              "net_quantity": 0,
              "token": "REDACTED",
              "average_price": 0,
              "client_id": "REDACTED",
              "cf_sell_average_price": 0,
              "cf_sell_quantity": 0,
              "pledged_quantity": 0,
              "cf_buy_quantity": 0,
              "cf_sell_amount": 0,
              "instrument_token": 10604,
              "previous_close": 2159.8,
              "trading_symbol": "BHARTIARTL-EQ",
              "v_login_id": "S10272",
              "pro_cli": "CLIENT",
              "display_symbol": "BHARTIARTL",
              "user_name": "REDACTED",
              "rmtm_sell_average_price": 2154.56,
              "close_price": 0,
              "prod_type": 16,
              "multiplier": 1,
              "symbol": "BHARTIARTL",
              "sell_quantity": 5,
              "segment": "Capital",
              "buy_quantity": 5,
              "cf_buy_amount": 0,
              "cf_buy_average_price": 0,
              "net_amount": -0.4000000000014552,
              "series": "EQ",
              "average_sell_price": 2154.56,
              "xe_uuid": "INE397D01024",
              "product": "MTF",
              "rmtm_buy_average_price": 2154.64,
              "buy_amount": 10773.2,
              "average_buy_price": 2154.6400000000003,
              "realized_mtm": 0
            },
            {
              "ltp": 256,
              "other_margin": null,
              "sell_amount": 12558.95,
              "exchange": "NSE",
              "net_quantity": 0,
              "token": "REDACTED",
              "average_price": 0,
              "client_id": "REDACTED",
              "cf_sell_average_price": 0,
              "cf_sell_quantity": 0,
              "pledged_quantity": 0,
              "cf_buy_quantity": 0,
              "cf_sell_amount": 0,
              "instrument_token": 25426,
              "previous_close": 256.4,
              "trading_symbol": "NORTHARC-EQ",
              "v_login_id": "S10272",
              "pro_cli": "CLIENT",
              "display_symbol": "NORTHARC",
              "user_name": "REDACTED",
              "rmtm_sell_average_price": 256.3051,
              "close_price": 0,
              "prod_type": 16,
              "multiplier": 1,
              "symbol": "NORTHARC",
              "sell_quantity": 49,
              "segment": "Capital",
              "buy_quantity": 49,
              "cf_buy_amount": 0,
              "cf_buy_average_price": 0,
              "net_amount": -7.099999999998545,
              "series": "EQ",
              "average_sell_price": 256.30510204081634,
              "xe_uuid": "INE850M01015",
              "product": "MTF",
              "rmtm_buy_average_price": 256.45,
              "buy_amount": 12566.05,
              "average_buy_price": 256.45,
              "realized_mtm": 0
            },
            {
              "ltp": 507.9,
              "other_margin": null,
              "sell_amount": 12255.6,
              "exchange": "NSE",
              "net_quantity": 0,
              "token": "REDACTED",
              "average_price": 0,
              "client_id": "REDACTED",
              "cf_sell_average_price": 0,
              "cf_sell_quantity": 0,
              "pledged_quantity": 0,
              "cf_buy_quantity": 0,
              "cf_sell_amount": 0,
              "instrument_token": 17869,
              "previous_close": 513.65,
              "trading_symbol": "JSWENERGY-EQ",
              "v_login_id": "S10272",
              "pro_cli": "CLIENT",
              "display_symbol": "JSWENERGY",
              "user_name": "REDACTED",
              "rmtm_sell_average_price": 510.65,
              "close_price": 0,
              "prod_type": 16,
              "multiplier": 1,
              "symbol": "JSWENERGY",
              "sell_quantity": 24,
              "segment": "Capital",
              "buy_quantity": 24,
              "cf_buy_amount": 0,
              "cf_buy_average_price": 0,
              "net_amount": -7.199999999998909,
              "series": "EQ",
              "average_sell_price": 510.65000000000003,
              "xe_uuid": "INE121E01018",
              "product": "MTF",
              "rmtm_buy_average_price": 510.95,
              "buy_amount": 12262.8,
              "average_buy_price": 510.95,
              "realized_mtm": 0
            },
            {
              "ltp": 22.71,
              "other_margin": null,
              "sell_amount": 0,
              "exchange": "NSE",
              "net_quantity": 1,
              "token": "REDACTED",
              "average_price": 0,
              "client_id": "REDACTED",
              "cf_sell_average_price": 0,
              "cf_sell_quantity": 0,
              "pledged_quantity": 0,
              "cf_buy_quantity": 0,
              "cf_sell_amount": 0,
              "instrument_token": 11915,
              "previous_close": 22.93,
              "trading_symbol": "YESBANK-EQ",
              "v_login_id": "S10272",
              "pro_cli": "CLIENT",
              "display_symbol": "YESBANK",
              "user_name": "REDACTED",
              "rmtm_sell_average_price": 0,
              "close_price": 0,
              "prod_type": 1,
              "multiplier": 1,
              "symbol": "YESBANK",
              "sell_quantity": 0,
              "segment": "Capital",
              "buy_quantity": 1,
              "cf_buy_amount": 0,
              "cf_buy_average_price": 0,
              "net_amount": -22.69,
              "series": "EQ",
              "average_sell_price": 0,
              "xe_uuid": "INE528G01035",
              "product": "CNC",
              "rmtm_buy_average_price": 22.69,
              "buy_amount": 22.69,
              "average_buy_price": 22.69,
              "realized_mtm": 0
            },
            {
              "ltp": 10.32,
              "other_margin": null,
              "sell_amount": 0,
              "exchange": "NSE",
              "net_quantity": 2,
              "token": "REDACTED",
              "average_price": 0,
              "client_id": "REDACTED",
              "cf_sell_average_price": 0,
              "cf_sell_quantity": 0,
              "pledged_quantity": 0,
              "cf_buy_quantity": 0,
              "cf_sell_amount": 0,
              "instrument_token": 15308,
              "previous_close": 10.51,
              "trading_symbol": "SEPC-EQ",
              "v_login_id": "S10272",
              "pro_cli": "CLIENT",
              "display_symbol": "SEPC",
              "user_name": "REDACTED",
              "rmtm_sell_average_price": 0,
              "close_price": 0,
              "prod_type": 1,
              "multiplier": 1,
              "symbol": "SEPC",
              "sell_quantity": 0,
              "segment": "Capital",
              "buy_quantity": 2,
              "cf_buy_amount": 0,
              "cf_buy_average_price": 0,
              "net_amount": -20.52,
              "series": "EQ",
              "average_sell_price": 0,
              "xe_uuid": "INE964H01014",
              "product": "CNC",
              "rmtm_buy_average_price": 10.26,
              "buy_amount": 20.52,
              "average_buy_price": 10.26,
              "realized_mtm": 0
            },
            {
              "ltp": 296.15,
              "other_margin": null,
              "sell_amount": 0,
              "exchange": "NSE",
              "net_quantity": 1,
              "token": "REDACTED",
              "average_price": 0,
              "client_id": "REDACTED",
              "cf_sell_average_price": 0,
              "cf_sell_quantity": 0,
              "pledged_quantity": 0,
              "cf_buy_quantity": 0,
              "cf_sell_amount": 0,
              "instrument_token": 10576,
              "previous_close": 294.37,
              "trading_symbol": "NIFTYBEES-EQ",
              "v_login_id": "S10272",
              "pro_cli": "CLIENT",
              "display_symbol": "NIFTYBEES",
              "user_name": "REDACTED",
              "rmtm_sell_average_price": 0,
              "close_price": 0,
              "prod_type": 1,
              "multiplier": 1,
              "symbol": "NIFTYBEES",
              "sell_quantity": 0,
              "segment": "Capital",
              "buy_quantity": 1,
              "cf_buy_amount": 0,
              "cf_buy_average_price": 0,
              "net_amount": -296.08,
              "series": "EQ",
              "average_sell_price": 0,
              "xe_uuid": "INF204KB14I2",
              "product": "CNC",
              "rmtm_buy_average_price": 296.08,
              "buy_amount": 296.08,
              "average_buy_price": 296.08,
              "realized_mtm": 0
            },
            {
              "ltp": 101.05,
              "other_margin": null,
              "sell_amount": 0,
              "exchange": "NSE",
              "net_quantity": 1,
              "token": "REDACTED",
              "average_price": 0,
              "client_id": "REDACTED",
              "cf_sell_average_price": 0,
              "cf_sell_quantity": 0,
              "pledged_quantity": 0,
              "cf_buy_quantity": 0,
              "cf_sell_amount": 0,
              "instrument_token": 14428,
              "previous_close": 102.23,
              "trading_symbol": "GOLDBEES-EQ",
              "v_login_id": "S10272",
              "pro_cli": "CLIENT",
              "display_symbol": "GOLDBEES",
              "user_name": "REDACTED",
              "rmtm_sell_average_price": 0,
              "close_price": 0,
              "prod_type": 1,
              "multiplier": 1,
              "symbol": "GOLDBEES",
              "sell_quantity": 0,
              "segment": "Capital",
              "buy_quantity": 1,
              "cf_buy_amount": 0,
              "cf_buy_average_price": 0,
              "net_amount": -101.1,
              "series": "EQ",
              "average_sell_price": 0,
              "xe_uuid": "INF204KB17I5",
              "product": "CNC",
              "rmtm_buy_average_price": 101.1,
              "buy_amount": 101.1,
              "average_buy_price": 101.1,
              "realized_mtm": 0
            }
          ],
          "message": "",
          "status": "success"
        }
      },
      "responseString": {
        "data": [
          {
            "ltp": 79,
            "other_margin": null,
            "sell_amount": 12824.1,
            "exchange": "NSE",
            "net_quantity": 0,
            "token": "REDACTED",
            "average_price": 0,
            "client_id": "REDACTED",
            "cf_sell_average_price": 0,
            "cf_sell_quantity": 0,
            "pledged_quantity": 0,
            "cf_buy_quantity": 0,
            "cf_sell_amount": 0,
            "instrument_token": 11184,
            "previous_close": 79.61,
            "trading_symbol": "IDFCFIRSTB-EQ",
            "v_login_id": "S10272",
            "pro_cli": "CLIENT",
            "display_symbol": "IDFCFIRSTB",
            "user_name": "REDACTED",
            "rmtm_sell_average_price": 79.6528,
            "close_price": 0,
            "prod_type": 16,
            "multiplier": 1,
            "symbol": "IDFCFIRSTB",
            "sell_quantity": 161,
            "segment": "Capital",
            "buy_quantity": 161,
            "cf_buy_amount": 0,
            "cf_buy_average_price": 0,
            "net_amount": -10.510000000000218,
            "series": "EQ",
            "average_sell_price": 79.6527950310559,
            "xe_uuid": "INE092T01019",
            "product": "MTF",
            "rmtm_buy_average_price": 79.7181,
            "buy_amount": 12834.61,
            "average_buy_price": 79.71807453416149,
            "realized_mtm": -1
          },
          {
            "ltp": 1038.5,
            "other_margin": null,
            "sell_amount": 11381.7,
            "exchange": "NSE",
            "net_quantity": 0,
            "token": "REDACTED",
            "average_price": 0,
            "client_id": "REDACTED",
            "cf_sell_average_price": 0,
            "cf_sell_quantity": 0,
            "pledged_quantity": 0,
            "cf_buy_quantity": 0,
            "cf_sell_amount": 0,
            "instrument_token": 20854,
            "previous_close": 1033.5,
            "trading_symbol": "HAPPYFORGE-EQ",
            "v_login_id": "S10272",
            "pro_cli": "CLIENT",
            "display_symbol": "HAPPYFORGE",
            "user_name": "REDACTED",
            "rmtm_sell_average_price": 1034.7,
            "close_price": 0,
            "prod_type": 16,
            "multiplier": 1,
            "symbol": "HAPPYFORGE",
            "sell_quantity": 11,
            "segment": "Capital",
            "buy_quantity": 11,
            "cf_buy_amount": 0,
            "cf_buy_average_price": 0,
            "net_amount": -16.099999999998545,
            "series": "EQ",
            "average_sell_price": 1034.7,
            "xe_uuid": "INE330T01021",
            "product": "MTF",
            "rmtm_buy_average_price": 1036.1636,
            "buy_amount": 11397.8,
            "average_buy_price": 1036.1636363636362,
            "realized_mtm": -1
          },
          {
            "ltp": 4033,
            "other_margin": null,
            "sell_amount": 12070.9,
            "exchange": "NSE",
            "net_quantity": 0,
            "token": "REDACTED",
            "average_price": 0,
            "client_id": "REDACTED",
            "cf_sell_average_price": 0,
            "cf_sell_quantity": 0,
            "pledged_quantity": 0,
            "cf_buy_quantity": 0,
            "cf_sell_amount": 0,
            "instrument_token": 11483,
            "previous_close": 4019.6,
            "trading_symbol": "LT-EQ",
            "v_login_id": "S10272",
            "pro_cli": "CLIENT",
            "display_symbol": "LT",
            "user_name": "REDACTED",
            "rmtm_sell_average_price": 4023.6333,
            "close_price": 0,
            "prod_type": 16,
            "multiplier": 1,
            "symbol": "LT",
            "sell_quantity": 3,
            "segment": "Capital",
            "buy_quantity": 3,
            "cf_buy_amount": 0,
            "cf_buy_average_price": 0,
            "net_amount": -7.5,
            "series": "EQ",
            "average_sell_price": 4023.633333333333,
            "xe_uuid": "INE018A01030",
            "product": "MTF",
            "rmtm_buy_average_price": 4026.1333,
            "buy_amount": 12078.4,
            "average_buy_price": 4026.133333333333,
            "realized_mtm": -1
          },
          {
            "ltp": 503.95,
            "other_margin": null,
            "sell_amount": 12092.849999999999,
            "exchange": "NSE",
            "net_quantity": 0,
            "token": "REDACTED",
            "average_price": 0,
            "client_id": "REDACTED",
            "cf_sell_average_price": 0,
            "cf_sell_quantity": 0,
            "pledged_quantity": 0,
            "cf_buy_quantity": 0,
            "cf_sell_amount": 0,
            "instrument_token": 9356,
            "previous_close": 500.95,
            "trading_symbol": "MSTCLTD-EQ",
            "v_login_id": "S10272",
            "pro_cli": "CLIENT",
            "display_symbol": "MSTCLTD",
            "user_name": "REDACTED",
            "rmtm_sell_average_price": 503.8687,
            "close_price": 0,
            "prod_type": 16,
            "multiplier": 1,
            "symbol": "MSTCLTD",
            "sell_quantity": 24,
            "segment": "Capital",
            "buy_quantity": 24,
            "cf_buy_amount": 0,
            "cf_buy_average_price": 0,
            "net_amount": -10.350000000002183,
            "series": "EQ",
            "average_sell_price": 503.8687499999999,
            "xe_uuid": "INE255X01014",
            "product": "MTF",
            "rmtm_buy_average_price": 504.3,
            "buy_amount": 12103.2,
            "average_buy_price": 504.3,
            "realized_mtm": -1
          },
          {
            "ltp": 1492.4,
            "other_margin": null,
            "sell_amount": 8925.800000000001,
            "exchange": "NSE",
            "net_quantity": 0,
            "token": "REDACTED",
            "average_price": 0,
            "client_id": "REDACTED",
            "cf_sell_average_price": 0,
            "cf_sell_quantity": 0,
            "pledged_quantity": 0,
            "cf_buy_quantity": 0,
            "cf_sell_amount": 0,
            "instrument_token": 2664,
            "previous_close": 1476.7,
            "trading_symbol": "PIDILITIND-EQ",
            "v_login_id": "S10272",
            "pro_cli": "CLIENT",
            "display_symbol": "PIDILITIND",
            "user_name": "REDACTED",
            "rmtm_sell_average_price": 1487.6333,
            "close_price": 0,
            "prod_type": 16,
            "multiplier": 1,
            "symbol": "PIDILITIND",
            "sell_quantity": 6,
            "segment": "Capital",
            "buy_quantity": 6,
            "cf_buy_amount": 0,
            "cf_buy_average_price": 0,
            "net_amount": 1.4000000000014552,
            "series": "EQ",
            "average_sell_price": 1487.6333333333334,
            "xe_uuid": "INE318A01026",
            "product": "MTF",
            "rmtm_buy_average_price": 1487.4,
            "buy_amount": 8924.4,
            "average_buy_price": 1487.3999999999999,
            "realized_mtm": 0
          },
          {
            "ltp": 614.2,
            "other_margin": null,
            "sell_amount": 12379.1,
            "exchange": "NSE",
            "net_quantity": 0,
            "token": "REDACTED",
            "average_price": 0,
            "client_id": "REDACTED",
            "cf_sell_average_price": 0,
            "cf_sell_quantity": 0,
            "pledged_quantity": 0,
            "cf_buy_quantity": 0,
            "cf_sell_amount": 0,
            "instrument_token": 19184,
            "previous_close": 616.35,
            "trading_symbol": "SFL-EQ",
            "v_login_id": "S10272",
            "pro_cli": "CLIENT",
            "display_symbol": "SFL",
            "user_name": "REDACTED",
            "rmtm_sell_average_price": 618.955,
            "close_price": 0,
            "prod_type": 16,
            "multiplier": 1,
            "symbol": "SFL",
            "sell_quantity": 20,
            "segment": "Capital",
            "buy_quantity": 20,
            "cf_buy_amount": 0,
            "cf_buy_average_price": 0,
            "net_amount": -12.099999999998545,
            "series": "EQ",
            "average_sell_price": 618.955,
            "xe_uuid": "INE916U01025",
            "product": "MTF",
            "rmtm_buy_average_price": 619.56,
            "buy_amount": 12391.199999999999,
            "average_buy_price": 619.56,
            "realized_mtm": -1
          },
          {
            "ltp": 2161,
            "other_margin": null,
            "sell_amount": 10772.8,
            "exchange": "NSE",
            "net_quantity": 0,
            "token": "REDACTED",
            "average_price": 0,
            "client_id": "REDACTED",
            "cf_sell_average_price": 0,
            "cf_sell_quantity": 0,
            "pledged_quantity": 0,
            "cf_buy_quantity": 0,
            "cf_sell_amount": 0,
            "instrument_token": 10604,
            "previous_close": 2159.8,
            "trading_symbol": "BHARTIARTL-EQ",
            "v_login_id": "S10272",
            "pro_cli": "CLIENT",
            "display_symbol": "BHARTIARTL",
            "user_name": "REDACTED",
            "rmtm_sell_average_price": 2154.56,
            "close_price": 0,
            "prod_type": 16,
            "multiplier": 1,
            "symbol": "BHARTIARTL",
            "sell_quantity": 5,
            "segment": "Capital",
            "buy_quantity": 5,
            "cf_buy_amount": 0,
            "cf_buy_average_price": 0,
            "net_amount": -0.4000000000014552,
            "series": "EQ",
            "average_sell_price": 2154.56,
            "xe_uuid": "INE397D01024",
            "product": "MTF",
            "rmtm_buy_average_price": 2154.64,
            "buy_amount": 10773.2,
            "average_buy_price": 2154.6400000000003,
            "realized_mtm": 0
          },
          {
            "ltp": 256,
            "other_margin": null,
            "sell_amount": 12558.95,
            "exchange": "NSE",
            "net_quantity": 0,
            "token": "REDACTED",
            "average_price": 0,
            "client_id": "REDACTED",
            "cf_sell_average_price": 0,
            "cf_sell_quantity": 0,
            "pledged_quantity": 0,
            "cf_buy_quantity": 0,
            "cf_sell_amount": 0,
            "instrument_token": 25426,
            "previous_close": 256.4,
            "trading_symbol": "NORTHARC-EQ",
            "v_login_id": "S10272",
            "pro_cli": "CLIENT",
            "display_symbol": "NORTHARC",
            "user_name": "REDACTED",
            "rmtm_sell_average_price": 256.3051,
            "close_price": 0,
            "prod_type": 16,
            "multiplier": 1,
            "symbol": "NORTHARC",
            "sell_quantity": 49,
            "segment": "Capital",
            "buy_quantity": 49,
            "cf_buy_amount": 0,
            "cf_buy_average_price": 0,
            "net_amount": -7.099999999998545,
            "series": "EQ",
            "average_sell_price": 256.30510204081634,
            "xe_uuid": "INE850M01015",
            "product": "MTF",
            "rmtm_buy_average_price": 256.45,
            "buy_amount": 12566.05,
            "average_buy_price": 256.45,
            "realized_mtm": 0
          },
          {
            "ltp": 507.9,
            "other_margin": null,
            "sell_amount": 12255.6,
            "exchange": "NSE",
            "net_quantity": 0,
            "token": "REDACTED",
            "average_price": 0,
            "client_id": "REDACTED",
            "cf_sell_average_price": 0,
            "cf_sell_quantity": 0,
            "pledged_quantity": 0,
            "cf_buy_quantity": 0,
            "cf_sell_amount": 0,
            "instrument_token": 17869,
            "previous_close": 513.65,
            "trading_symbol": "JSWENERGY-EQ",
            "v_login_id": "S10272",
            "pro_cli": "CLIENT",
            "display_symbol": "JSWENERGY",
            "user_name": "REDACTED",
            "rmtm_sell_average_price": 510.65,
            "close_price": 0,
            "prod_type": 16,
            "multiplier": 1,
            "symbol": "JSWENERGY",
            "sell_quantity": 24,
            "segment": "Capital",
            "buy_quantity": 24,
            "cf_buy_amount": 0,
            "cf_buy_average_price": 0,
            "net_amount": -7.199999999998909,
            "series": "EQ",
            "average_sell_price": 510.65000000000003,
            "xe_uuid": "INE121E01018",
            "product": "MTF",
            "rmtm_buy_average_price": 510.95,
            "buy_amount": 12262.8,
            "average_buy_price": 510.95,
            "realized_mtm": 0
          },
          {
            "ltp": 22.71,
            "other_margin": null,
            "sell_amount": 0,
            "exchange": "NSE",
            "net_quantity": 1,
            "token": "REDACTED",
            "average_price": 0,
            "client_id": "REDACTED",
            "cf_sell_average_price": 0,
            "cf_sell_quantity": 0,
            "pledged_quantity": 0,
            "cf_buy_quantity": 0,
            "cf_sell_amount": 0,
            "instrument_token": 11915,
            "previous_close": 22.93,
            "trading_symbol": "YESBANK-EQ",
            "v_login_id": "S10272",
            "pro_cli": "CLIENT",
            "display_symbol": "YESBANK",
            "user_name": "REDACTED",
            "rmtm_sell_average_price": 0,
            "close_price": 0,
            "prod_type": 1,
            "multiplier": 1,
            "symbol": "YESBANK",
            "sell_quantity": 0,
            "segment": "Capital",
            "buy_quantity": 1,
            "cf_buy_amount": 0,
            "cf_buy_average_price": 0,
            "net_amount": -22.69,
            "series": "EQ",
            "average_sell_price": 0,
            "xe_uuid": "INE528G01035",
            "product": "CNC",
            "rmtm_buy_average_price": 22.69,
            "buy_amount": 22.69,
            "average_buy_price": 22.69,
            "realized_mtm": 0
          },
          {
            "ltp": 10.32,
            "other_margin": null,
            "sell_amount": 0,
            "exchange": "NSE",
            "net_quantity": 2,
            "token": "REDACTED",
            "average_price": 0,
            "client_id": "REDACTED",
            "cf_sell_average_price": 0,
            "cf_sell_quantity": 0,
            "pledged_quantity": 0,
            "cf_buy_quantity": 0,
            "cf_sell_amount": 0,
            "instrument_token": 15308,
            "previous_close": 10.51,
            "trading_symbol": "SEPC-EQ",
            "v_login_id": "S10272",
            "pro_cli": "CLIENT",
            "display_symbol": "SEPC",
            "user_name": "REDACTED",
            "rmtm_sell_average_price": 0,
            "close_price": 0,
            "prod_type": 1,
            "multiplier": 1,
            "symbol": "SEPC",
            "sell_quantity": 0,
            "segment": "Capital",
            "buy_quantity": 2,
            "cf_buy_amount": 0,
            "cf_buy_average_price": 0,
            "net_amount": -20.52,
            "series": "EQ",
            "average_sell_price": 0,
            "xe_uuid": "INE964H01014",
            "product": "CNC",
            "rmtm_buy_average_price": 10.26,
            "buy_amount": 20.52,
            "average_buy_price": 10.26,
            "realized_mtm": 0
          },
          {
            "ltp": 296.15,
            "other_margin": null,
            "sell_amount": 0,
            "exchange": "NSE",
            "net_quantity": 1,
            "token": "REDACTED",
            "average_price": 0,
            "client_id": "REDACTED",
            "cf_sell_average_price": 0,
            "cf_sell_quantity": 0,
            "pledged_quantity": 0,
            "cf_buy_quantity": 0,
            "cf_sell_amount": 0,
            "instrument_token": 10576,
            "previous_close": 294.37,
            "trading_symbol": "NIFTYBEES-EQ",
            "v_login_id": "S10272",
            "pro_cli": "CLIENT",
            "display_symbol": "NIFTYBEES",
            "user_name": "REDACTED",
            "rmtm_sell_average_price": 0,
            "close_price": 0,
            "prod_type": 1,
            "multiplier": 1,
            "symbol": "NIFTYBEES",
            "sell_quantity": 0,
            "segment": "Capital",
            "buy_quantity": 1,
            "cf_buy_amount": 0,
            "cf_buy_average_price": 0,
            "net_amount": -296.08,
            "series": "EQ",
            "average_sell_price": 0,
            "xe_uuid": "INF204KB14I2",
            "product": "CNC",
            "rmtm_buy_average_price": 296.08,
            "buy_amount": 296.08,
            "average_buy_price": 296.08,
            "realized_mtm": 0
          },
          {
            "ltp": 101.05,
            "other_margin": null,
            "sell_amount": 0,
            "exchange": "NSE",
            "net_quantity": 1,
            "token": "REDACTED",
            "average_price": 0,
            "client_id": "REDACTED",
            "cf_sell_average_price": 0,
            "cf_sell_quantity": 0,
            "pledged_quantity": 0,
            "cf_buy_quantity": 0,
            "cf_sell_amount": 0,
            "instrument_token": 14428,
            "previous_close": 102.23,
            "trading_symbol": "GOLDBEES-EQ",
            "v_login_id": "S10272",
            "pro_cli": "CLIENT",
            "display_symbol": "GOLDBEES",
            "user_name": "REDACTED",
            "rmtm_sell_average_price": 0,
            "close_price": 0,
            "prod_type": 1,
            "multiplier": 1,
            "symbol": "GOLDBEES",
            "sell_quantity": 0,
            "segment": "Capital",
            "buy_quantity": 1,
            "cf_buy_amount": 0,
            "cf_buy_average_price": 0,
            "net_amount": -101.1,
            "series": "EQ",
            "average_sell_price": 0,
            "xe_uuid": "INF204KB17I5",
            "product": "CNC",
            "rmtm_buy_average_price": 101.1,
            "buy_amount": 101.1,
            "average_buy_price": 101.1,
            "realized_mtm": 0
          }
        ],
        "message": "",
        "status": "success"
      }
    },
    "userId": "69044940460b987a8555aba0",
    "brokerFunctionLogId": "5012a296-7b63-45d1-b695-0886a48795e0",
    "functionName": "Portfolio.liveHoldings",
    "brokerName": "hdfcsky"
  },
  "reqId": "28470ed0-c5ea-11f0-91ef-b7bae078c130",
  "msg": "",
  "time": "2025-11-20T08:23:13.928Z",
  "v": 0
},
{
  "name": "sc.service.sc-integrations-brokers-api",
  "version": "3.8.9",
  "hostname": "ip-10-137-0-149",
  "pid": 2788,
  "type": "SC_BROKER",
  "level": 30,
  "context": {
    "broker": "hdfcsky",
    "msg": "Successful request",
    "details": {
      "request": {
        "url": "https://developer.hdfcsky.com/oapi/v1/holdings?api_key=1bc928ff1ce54970b0a2f2ae4740dc77&client_id=S10272",
        "method": "GET",
        "headers": {
          "Authorization": "REDACTED",
          "Content-Type": "application/json"
        },
        "timeout": 20000
      },
      "userId": "S10272",
      "accessToken": "REDACTED",
      "response": {
        "statusCode": 200,
        "body": {
          "data": {
            "holdings": [
              {
                "symbol": "YESBANK",
                "quantity": 7,
                "isin": "INE528G01035",
                "exchange": "NSE",
                "previous_close": 22.93,
                "today_unpledge_quantity": 0,
                "t0_price": 0,
                "pledge_percentage": 70,
                "ltp": 22.71,
                "t1_price": 0,
                "pledge_allow": true,
                "branch_code": "",
                "token": "REDACTED",
                "pending_quantity": 4,
                "today_pledge_quantity": 0,
                "buy_avg_mtm": -1.539999999999992,
                "trading_symbol": "YESBANK",
                "net_holding_quantity": 7,
                "client_id": "REDACTED",
                "buy_avg": 22.93,
                "t2_quantity": 0,
                "actual_buy_avg": 22.93,
                "transaction_type": "",
                "t1_quantity": 0,
                "squared_off_free_quantity": 0,
                "pledge_value": 0,
                "pledge_quantity": 0,
                "used_quantity": 0,
                "pms_quantity": 7,
                "free_quantity": 3,
                "t2_price": 0,
                "instrument_details": {
                  "exchange": 1,
                  "instrument_name": "EQ",
                  "instrument_token": 11915,
                  "trading_symbol": "YESBANK-EQ"
                },
                "squared_off_pledge_quantity": 0,
                "t0_quantity": 0
              }
            ]
          },
          "message": "",
          "status": "success"
        }
      },
      "responseString": {
        "data": {
          "holdings": [
            {
              "symbol": "YESBANK",
              "quantity": 7,
              "isin": "INE528G01035",
              "exchange": "NSE",
              "previous_close": 22.93,
              "today_unpledge_quantity": 0,
              "t0_price": 0,
              "pledge_percentage": 70,
              "ltp": 22.71,
              "t1_price": 0,
              "pledge_allow": true,
              "branch_code": "",
              "token": "REDACTED",
              "pending_quantity": 4,
              "today_pledge_quantity": 0,
              "buy_avg_mtm": -1.539999999999992,
              "trading_symbol": "YESBANK",
              "net_holding_quantity": 7,
              "client_id": "REDACTED",
              "buy_avg": 22.93,
              "t2_quantity": 0,
              "actual_buy_avg": 22.93,
              "transaction_type": "",
              "t1_quantity": 0,
              "squared_off_free_quantity": 0,
              "pledge_value": 0,
              "pledge_quantity": 0,
              "used_quantity": 0,
              "pms_quantity": 7,
              "free_quantity": 3,
              "t2_price": 0,
              "instrument_details": {
                "exchange": 1,
                "instrument_name": "EQ",
                "instrument_token": 11915,
                "trading_symbol": "YESBANK-EQ"
              },
              "squared_off_pledge_quantity": 0,
              "t0_quantity": 0
            }
          ]
        },
        "message": "",
        "status": "success"
      }
    },
    "userId": "69044940460b987a8555aba0",
    "brokerFunctionLogId": "5012a296-7b63-45d1-b695-0886a48795e0",
    "functionName": "Portfolio.liveHoldings",
    "brokerName": "hdfcsky"
  },
  "reqId": "28470ed0-c5ea-11f0-91ef-b7bae078c130",
  "msg": "",
  "time": "2025-11-20T08:23:13.779Z",
  "v": 0
},
{
  "name": "sc.service.sc-integrations-brokers-api",
  "version": "3.8.9",
  "hostname": "ip-10-137-0-149",
  "pid": 2788,
  "type": "SC_BROKER",
  "level": 30,
  "context": {
    "options": {
      "accessToken": "REDACTED",
      "brokeruserId": "S10272",
      "gateway": true,
      "apiKey": "REDACTED",
      "apiSecret": "REDACTED"
    },
    "response": {
      "error": null,
      "response": {
        "code": true,
        "reason": "success",
        "payload": [
          {
            "isin": "INE528G01035",
            "tradingsymbol": "YESBANK",
            "brokersymbol": "11915",
            "quantity": 7,
            "averagePrice": 22.93,
            "exchange": "NSE",
            "authorisedQuantity": 7
          },
          {
            "isin": "INE092T01019",
            "tradingsymbol": "IDFCFIRSTB-EQ",
            "brokersymbol": "11184",
            "quantity": 0,
            "averagePrice": null,
            "exchange": "NSE"
          },
          {
            "isin": "INE330T01021",
            "tradingsymbol": "HAPPYFORGE-EQ",
            "brokersymbol": "20854",
            "quantity": 0,
            "averagePrice": null,
            "exchange": "NSE"
          },
          {
            "isin": "INE018A01030",
            "tradingsymbol": "LT-EQ",
            "brokersymbol": "11483",
            "quantity": 0,
            "averagePrice": null,
            "exchange": "NSE"
          },
          {
            "isin": "INE255X01014",
            "tradingsymbol": "MSTCLTD-EQ",
            "brokersymbol": "9356",
            "quantity": 0,
            "averagePrice": null,
            "exchange": "NSE"
          },
          {
            "isin": "INE318A01026",
            "tradingsymbol": "PIDILITIND-EQ",
            "brokersymbol": "2664",
            "quantity": 0,
            "averagePrice": null,
            "exchange": "NSE"
          },
          {
            "isin": "INE916U01025",
            "tradingsymbol": "SFL-EQ",
            "brokersymbol": "19184",
            "quantity": 0,
            "averagePrice": null,
            "exchange": "NSE"
          },
          {
            "isin": "INE397D01024",
            "tradingsymbol": "BHARTIARTL-EQ",
            "brokersymbol": "10604",
            "quantity": 0,
            "averagePrice": null,
            "exchange": "NSE"
          },
          {
            "isin": "INE850M01015",
            "tradingsymbol": "NORTHARC-EQ",
            "brokersymbol": "25426",
            "quantity": 0,
            "averagePrice": null,
            "exchange": "NSE"
          },
          {
            "isin": "INE121E01018",
            "tradingsymbol": "JSWENERGY-EQ",
            "brokersymbol": "17869",
            "quantity": 0,
            "averagePrice": null,
            "exchange": "NSE"
          },
          {
            "isin": "INE528G01035",
            "tradingsymbol": "YESBANK-EQ",
            "brokersymbol": "11915",
            "quantity": 1,
            "averagePrice": 22.69,
            "exchange": "NSE"
          },
          {
            "isin": "INE964H01014",
            "tradingsymbol": "SEPC-EQ",
            "brokersymbol": "15308",
            "quantity": 2,
            "averagePrice": 10.26,
            "exchange": "NSE"
          },
          {
            "isin": "INF204KB14I2",
            "tradingsymbol": "NIFTYBEES-EQ",
            "brokersymbol": "10576",
            "quantity": 1,
            "averagePrice": 296.08,
            "exchange": "NSE"
          },
          {
            "isin": "INF204KB17I5",
            "tradingsymbol": "GOLDBEES-EQ",
            "brokersymbol": "14428",
            "quantity": 1,
            "averagePrice": 101.1,
            "exchange": "NSE"
          }
        ]
      }
    },
    "userId": "69044940460b987a8555aba0",
    "brokerFunctionLogId": "991dc0ff-1f90-4dcd-a27c-b863b46ec3b4",
    "brokerApi": {
      "functionName": "Portfolio.liveHoldings",
      "brokerName": "hdfcsky"
    }
  },
  "reqId": "27fee240-c5ea-11f0-91ef-b7bae078c130",
  "msg": "broker lib function response recieved",
  "time": "2025-11-20T08:23:13.444Z",
  "v": 0
},
{
  "name": "sc.service.sc-integrations-brokers-api",
  "version": "3.8.9",
  "hostname": "ip-10-137-0-149",
  "pid": 2788,
  "type": "SC_BROKER",
  "level": 30,
  "context": {
    "broker": "hdfcsky",
    "msg": "Successful request",
    "details": {
      "request": {
        "url": "https://developer.hdfcsky.com/oapi/v1/positions?api_key=1bc928ff1ce54970b0a2f2ae4740dc77&client_id=S10272&type=historical",
        "method": "GET",
        "headers": {
          "Authorization": "REDACTED",
          "Content-Type": "application/json"
        },
        "timeout": 20000
      },
      "userId": "S10272",
      "accessToken": "REDACTED",
      "response": {
        "statusCode": 200,
        "body": {
          "data": [
            {
              "ltp": 79,
              "other_margin": null,
              "sell_amount": 12824.1,
              "exchange": "NSE",
              "net_quantity": 0,
              "token": "REDACTED",
              "average_price": 0,
              "client_id": "REDACTED",
              "cf_sell_average_price": 0,
              "cf_sell_quantity": 0,
              "pledged_quantity": 0,
              "cf_buy_quantity": 0,
              "cf_sell_amount": 0,
              "instrument_token": 11184,
              "previous_close": 79.61,
              "trading_symbol": "IDFCFIRSTB-EQ",
              "v_login_id": "S10272",
              "pro_cli": "CLIENT",
              "display_symbol": "IDFCFIRSTB",
              "user_name": "REDACTED",
              "rmtm_sell_average_price": 79.6528,
              "close_price": 0,
              "prod_type": 16,
              "multiplier": 1,
              "symbol": "IDFCFIRSTB",
              "sell_quantity": 161,
              "segment": "Capital",
              "buy_quantity": 161,
              "cf_buy_amount": 0,
              "cf_buy_average_price": 0,
              "net_amount": -10.510000000000218,
              "series": "EQ",
              "average_sell_price": 79.6527950310559,
              "xe_uuid": "INE092T01019",
              "product": "MTF",
              "rmtm_buy_average_price": 79.7181,
              "buy_amount": 12834.61,
              "average_buy_price": 79.71807453416149,
              "realized_mtm": -1
            },
            {
              "ltp": 1038.5,
              "other_margin": null,
              "sell_amount": 11381.7,
              "exchange": "NSE",
              "net_quantity": 0,
              "token": "REDACTED",
              "average_price": 0,
              "client_id": "REDACTED",
              "cf_sell_average_price": 0,
              "cf_sell_quantity": 0,
              "pledged_quantity": 0,
              "cf_buy_quantity": 0,
              "cf_sell_amount": 0,
              "instrument_token": 20854,
              "previous_close": 1033.5,
              "trading_symbol": "HAPPYFORGE-EQ",
              "v_login_id": "S10272",
              "pro_cli": "CLIENT",
              "display_symbol": "HAPPYFORGE",
              "user_name": "REDACTED",
              "rmtm_sell_average_price": 1034.7,
              "close_price": 0,
              "prod_type": 16,
              "multiplier": 1,
              "symbol": "HAPPYFORGE",
              "sell_quantity": 11,
              "segment": "Capital",
              "buy_quantity": 11,
              "cf_buy_amount": 0,
              "cf_buy_average_price": 0,
              "net_amount": -16.099999999998545,
              "series": "EQ",
              "average_sell_price": 1034.7,
              "xe_uuid": "INE330T01021",
              "product": "MTF",
              "rmtm_buy_average_price": 1036.1636,
              "buy_amount": 11397.8,
              "average_buy_price": 1036.1636363636362,
              "realized_mtm": -1
            },
            {
              "ltp": 4033,
              "other_margin": null,
              "sell_amount": 12070.9,
              "exchange": "NSE",
              "net_quantity": 0,
              "token": "REDACTED",
              "average_price": 0,
              "client_id": "REDACTED",
              "cf_sell_average_price": 0,
              "cf_sell_quantity": 0,
              "pledged_quantity": 0,
              "cf_buy_quantity": 0,
              "cf_sell_amount": 0,
              "instrument_token": 11483,
              "previous_close": 4019.6,
              "trading_symbol": "LT-EQ",
              "v_login_id": "S10272",
              "pro_cli": "CLIENT",
              "display_symbol": "LT",
              "user_name": "REDACTED",
              "rmtm_sell_average_price": 4023.6333,
              "close_price": 0,
              "prod_type": 16,
              "multiplier": 1,
              "symbol": "LT",
              "sell_quantity": 3,
              "segment": "Capital",
              "buy_quantity": 3,
              "cf_buy_amount": 0,
              "cf_buy_average_price": 0,
              "net_amount": -7.5,
              "series": "EQ",
              "average_sell_price": 4023.633333333333,
              "xe_uuid": "INE018A01030",
              "product": "MTF",
              "rmtm_buy_average_price": 4026.1333,
              "buy_amount": 12078.4,
              "average_buy_price": 4026.133333333333,
              "realized_mtm": -1
            },
            {
              "ltp": 503.95,
              "other_margin": null,
              "sell_amount": 12092.849999999999,
              "exchange": "NSE",
              "net_quantity": 0,
              "token": "REDACTED",
              "average_price": 0,
              "client_id": "REDACTED",
              "cf_sell_average_price": 0,
              "cf_sell_quantity": 0,
              "pledged_quantity": 0,
              "cf_buy_quantity": 0,
              "cf_sell_amount": 0,
              "instrument_token": 9356,
              "previous_close": 500.95,
              "trading_symbol": "MSTCLTD-EQ",
              "v_login_id": "S10272",
              "pro_cli": "CLIENT",
              "display_symbol": "MSTCLTD",
              "user_name": "REDACTED",
              "rmtm_sell_average_price": 503.8687,
              "close_price": 0,
              "prod_type": 16,
              "multiplier": 1,
              "symbol": "MSTCLTD",
              "sell_quantity": 24,
              "segment": "Capital",
              "buy_quantity": 24,
              "cf_buy_amount": 0,
              "cf_buy_average_price": 0,
              "net_amount": -10.350000000002183,
              "series": "EQ",
              "average_sell_price": 503.8687499999999,
              "xe_uuid": "INE255X01014",
              "product": "MTF",
              "rmtm_buy_average_price": 504.3,
              "buy_amount": 12103.2,
              "average_buy_price": 504.3,
              "realized_mtm": -1
            },
            {
              "ltp": 1492.4,
              "other_margin": null,
              "sell_amount": 8925.800000000001,
              "exchange": "NSE",
              "net_quantity": 0,
              "token": "REDACTED",
              "average_price": 0,
              "client_id": "REDACTED",
              "cf_sell_average_price": 0,
              "cf_sell_quantity": 0,
              "pledged_quantity": 0,
              "cf_buy_quantity": 0,
              "cf_sell_amount": 0,
              "instrument_token": 2664,
              "previous_close": 1476.7,
              "trading_symbol": "PIDILITIND-EQ",
              "v_login_id": "S10272",
              "pro_cli": "CLIENT",
              "display_symbol": "PIDILITIND",
              "user_name": "REDACTED",
              "rmtm_sell_average_price": 1487.6333,
              "close_price": 0,
              "prod_type": 16,
              "multiplier": 1,
              "symbol": "PIDILITIND",
              "sell_quantity": 6,
              "segment": "Capital",
              "buy_quantity": 6,
              "cf_buy_amount": 0,
              "cf_buy_average_price": 0,
              "net_amount": 1.4000000000014552,
              "series": "EQ",
              "average_sell_price": 1487.6333333333334,
              "xe_uuid": "INE318A01026",
              "product": "MTF",
              "rmtm_buy_average_price": 1487.4,
              "buy_amount": 8924.4,
              "average_buy_price": 1487.3999999999999,
              "realized_mtm": 0
            },
            {
              "ltp": 614.2,
              "other_margin": null,
              "sell_amount": 12379.1,
              "exchange": "NSE",
              "net_quantity": 0,
              "token": "REDACTED",
              "average_price": 0,
              "client_id": "REDACTED",
              "cf_sell_average_price": 0,
              "cf_sell_quantity": 0,
              "pledged_quantity": 0,
              "cf_buy_quantity": 0,
              "cf_sell_amount": 0,
              "instrument_token": 19184,
              "previous_close": 616.35,
              "trading_symbol": "SFL-EQ",
              "v_login_id": "S10272",
              "pro_cli": "CLIENT",
              "display_symbol": "SFL",
              "user_name": "REDACTED",
              "rmtm_sell_average_price": 618.955,
              "close_price": 0,
              "prod_type": 16,
              "multiplier": 1,
              "symbol": "SFL",
              "sell_quantity": 20,
              "segment": "Capital",
              "buy_quantity": 20,
              "cf_buy_amount": 0,
              "cf_buy_average_price": 0,
              "net_amount": -12.099999999998545,
              "series": "EQ",
              "average_sell_price": 618.955,
              "xe_uuid": "INE916U01025",
              "product": "MTF",
              "rmtm_buy_average_price": 619.56,
              "buy_amount": 12391.199999999999,
              "average_buy_price": 619.56,
              "realized_mtm": -1
            },
            {
              "ltp": 2161,
              "other_margin": null,
              "sell_amount": 10772.8,
              "exchange": "NSE",
              "net_quantity": 0,
              "token": "REDACTED",
              "average_price": 0,
              "client_id": "REDACTED",
              "cf_sell_average_price": 0,
              "cf_sell_quantity": 0,
              "pledged_quantity": 0,
              "cf_buy_quantity": 0,
              "cf_sell_amount": 0,
              "instrument_token": 10604,
              "previous_close": 2159.8,
              "trading_symbol": "BHARTIARTL-EQ",
              "v_login_id": "S10272",
              "pro_cli": "CLIENT",
              "display_symbol": "BHARTIARTL",
              "user_name": "REDACTED",
              "rmtm_sell_average_price": 2154.56,
              "close_price": 0,
              "prod_type": 16,
              "multiplier": 1,
              "symbol": "BHARTIARTL",
              "sell_quantity": 5,
              "segment": "Capital",
              "buy_quantity": 5,
              "cf_buy_amount": 0,
              "cf_buy_average_price": 0,
              "net_amount": -0.4000000000014552,
              "series": "EQ",
              "average_sell_price": 2154.56,
              "xe_uuid": "INE397D01024",
              "product": "MTF",
              "rmtm_buy_average_price": 2154.64,
              "buy_amount": 10773.2,
              "average_buy_price": 2154.6400000000003,
              "realized_mtm": 0
            },
            {
              "ltp": 256,
              "other_margin": null,
              "sell_amount": 12558.95,
              "exchange": "NSE",
              "net_quantity": 0,
              "token": "REDACTED",
              "average_price": 0,
              "client_id": "REDACTED",
              "cf_sell_average_price": 0,
              "cf_sell_quantity": 0,
              "pledged_quantity": 0,
              "cf_buy_quantity": 0,
              "cf_sell_amount": 0,
              "instrument_token": 25426,
              "previous_close": 256.4,
              "trading_symbol": "NORTHARC-EQ",
              "v_login_id": "S10272",
              "pro_cli": "CLIENT",
              "display_symbol": "NORTHARC",
              "user_name": "REDACTED",
              "rmtm_sell_average_price": 256.3051,
              "close_price": 0,
              "prod_type": 16,
              "multiplier": 1,
              "symbol": "NORTHARC",
              "sell_quantity": 49,
              "segment": "Capital",
              "buy_quantity": 49,
              "cf_buy_amount": 0,
              "cf_buy_average_price": 0,
              "net_amount": -7.099999999998545,
              "series": "EQ",
              "average_sell_price": 256.30510204081634,
              "xe_uuid": "INE850M01015",
              "product": "MTF",
              "rmtm_buy_average_price": 256.45,
              "buy_amount": 12566.05,
              "average_buy_price": 256.45,
              "realized_mtm": 0
            },
            {
              "ltp": 507.9,
              "other_margin": null,
              "sell_amount": 12255.6,
              "exchange": "NSE",
              "net_quantity": 0,
              "token": "REDACTED",
              "average_price": 0,
              "client_id": "REDACTED",
              "cf_sell_average_price": 0,
              "cf_sell_quantity": 0,
              "pledged_quantity": 0,
              "cf_buy_quantity": 0,
              "cf_sell_amount": 0,
              "instrument_token": 17869,
              "previous_close": 513.65,
              "trading_symbol": "JSWENERGY-EQ",
              "v_login_id": "S10272",
              "pro_cli": "CLIENT",
              "display_symbol": "JSWENERGY",
              "user_name": "REDACTED",
              "rmtm_sell_average_price": 510.65,
              "close_price": 0,
              "prod_type": 16,
              "multiplier": 1,
              "symbol": "JSWENERGY",
              "sell_quantity": 24,
              "segment": "Capital",
              "buy_quantity": 24,
              "cf_buy_amount": 0,
              "cf_buy_average_price": 0,
              "net_amount": -7.199999999998909,
              "series": "EQ",
              "average_sell_price": 510.65000000000003,
              "xe_uuid": "INE121E01018",
              "product": "MTF",
              "rmtm_buy_average_price": 510.95,
              "buy_amount": 12262.8,
              "average_buy_price": 510.95,
              "realized_mtm": 0
            },
            {
              "ltp": 22.71,
              "other_margin": null,
              "sell_amount": 0,
              "exchange": "NSE",
              "net_quantity": 1,
              "token": "REDACTED",
              "average_price": 0,
              "client_id": "REDACTED",
              "cf_sell_average_price": 0,
              "cf_sell_quantity": 0,
              "pledged_quantity": 0,
              "cf_buy_quantity": 0,
              "cf_sell_amount": 0,
              "instrument_token": 11915,
              "previous_close": 22.93,
              "trading_symbol": "YESBANK-EQ",
              "v_login_id": "S10272",
              "pro_cli": "CLIENT",
              "display_symbol": "YESBANK",
              "user_name": "REDACTED",
              "rmtm_sell_average_price": 0,
              "close_price": 0,
              "prod_type": 1,
              "multiplier": 1,
              "symbol": "YESBANK",
              "sell_quantity": 0,
              "segment": "Capital",
              "buy_quantity": 1,
              "cf_buy_amount": 0,
              "cf_buy_average_price": 0,
              "net_amount": -22.69,
              "series": "EQ",
              "average_sell_price": 0,
              "xe_uuid": "INE528G01035",
              "product": "CNC",
              "rmtm_buy_average_price": 22.69,
              "buy_amount": 22.69,
              "average_buy_price": 22.69,
              "realized_mtm": 0
            },
            {
              "ltp": 10.32,
              "other_margin": null,
              "sell_amount": 0,
              "exchange": "NSE",
              "net_quantity": 2,
              "token": "REDACTED",
              "average_price": 0,
              "client_id": "REDACTED",
              "cf_sell_average_price": 0,
              "cf_sell_quantity": 0,
              "pledged_quantity": 0,
              "cf_buy_quantity": 0,
              "cf_sell_amount": 0,
              "instrument_token": 15308,
              "previous_close": 10.51,
              "trading_symbol": "SEPC-EQ",
              "v_login_id": "S10272",
              "pro_cli": "CLIENT",
              "display_symbol": "SEPC",
              "user_name": "REDACTED",
              "rmtm_sell_average_price": 0,
              "close_price": 0,
              "prod_type": 1,
              "multiplier": 1,
              "symbol": "SEPC",
              "sell_quantity": 0,
              "segment": "Capital",
              "buy_quantity": 2,
              "cf_buy_amount": 0,
              "cf_buy_average_price": 0,
              "net_amount": -20.52,
              "series": "EQ",
              "average_sell_price": 0,
              "xe_uuid": "INE964H01014",
              "product": "CNC",
              "rmtm_buy_average_price": 10.26,
              "buy_amount": 20.52,
              "average_buy_price": 10.26,
              "realized_mtm": 0
            },
            {
              "ltp": 296.15,
              "other_margin": null,
              "sell_amount": 0,
              "exchange": "NSE",
              "net_quantity": 1,
              "token": "REDACTED",
              "average_price": 0,
              "client_id": "REDACTED",
              "cf_sell_average_price": 0,
              "cf_sell_quantity": 0,
              "pledged_quantity": 0,
              "cf_buy_quantity": 0,
              "cf_sell_amount": 0,
              "instrument_token": 10576,
              "previous_close": 294.37,
              "trading_symbol": "NIFTYBEES-EQ",
              "v_login_id": "S10272",
              "pro_cli": "CLIENT",
              "display_symbol": "NIFTYBEES",
              "user_name": "REDACTED",
              "rmtm_sell_average_price": 0,
              "close_price": 0,
              "prod_type": 1,
              "multiplier": 1,
              "symbol": "NIFTYBEES",
              "sell_quantity": 0,
              "segment": "Capital",
              "buy_quantity": 1,
              "cf_buy_amount": 0,
              "cf_buy_average_price": 0,
              "net_amount": -296.08,
              "series": "EQ",
              "average_sell_price": 0,
              "xe_uuid": "INF204KB14I2",
              "product": "CNC",
              "rmtm_buy_average_price": 296.08,
              "buy_amount": 296.08,
              "average_buy_price": 296.08,
              "realized_mtm": 0
            },
            {
              "ltp": 101.05,
              "other_margin": null,
              "sell_amount": 0,
              "exchange": "NSE",
              "net_quantity": 1,
              "token": "REDACTED",
              "average_price": 0,
              "client_id": "REDACTED",
              "cf_sell_average_price": 0,
              "cf_sell_quantity": 0,
              "pledged_quantity": 0,
              "cf_buy_quantity": 0,
              "cf_sell_amount": 0,
              "instrument_token": 14428,
              "previous_close": 102.23,
              "trading_symbol": "GOLDBEES-EQ",
              "v_login_id": "S10272",
              "pro_cli": "CLIENT",
              "display_symbol": "GOLDBEES",
              "user_name": "REDACTED",
              "rmtm_sell_average_price": 0,
              "close_price": 0,
              "prod_type": 1,
              "multiplier": 1,
              "symbol": "GOLDBEES",
              "sell_quantity": 0,
              "segment": "Capital",
              "buy_quantity": 1,
              "cf_buy_amount": 0,
              "cf_buy_average_price": 0,
              "net_amount": -101.1,
              "series": "EQ",
              "average_sell_price": 0,
              "xe_uuid": "INF204KB17I5",
              "product": "CNC",
              "rmtm_buy_average_price": 101.1,
              "buy_amount": 101.1,
              "average_buy_price": 101.1,
              "realized_mtm": 0
            }
          ],
          "message": "",
          "status": "success"
        }
      },
      "responseString": {
        "data": [
          {
            "ltp": 79,
            "other_margin": null,
            "sell_amount": 12824.1,
            "exchange": "NSE",
            "net_quantity": 0,
            "token": "REDACTED",
            "average_price": 0,
            "client_id": "REDACTED",
            "cf_sell_average_price": 0,
            "cf_sell_quantity": 0,
            "pledged_quantity": 0,
            "cf_buy_quantity": 0,
            "cf_sell_amount": 0,
            "instrument_token": 11184,
            "previous_close": 79.61,
            "trading_symbol": "IDFCFIRSTB-EQ",
            "v_login_id": "S10272",
            "pro_cli": "CLIENT",
            "display_symbol": "IDFCFIRSTB",
            "user_name": "REDACTED",
            "rmtm_sell_average_price": 79.6528,
            "close_price": 0,
            "prod_type": 16,
            "multiplier": 1,
            "symbol": "IDFCFIRSTB",
            "sell_quantity": 161,
            "segment": "Capital",
            "buy_quantity": 161,
            "cf_buy_amount": 0,
            "cf_buy_average_price": 0,
            "net_amount": -10.510000000000218,
            "series": "EQ",
            "average_sell_price": 79.6527950310559,
            "xe_uuid": "INE092T01019",
            "product": "MTF",
            "rmtm_buy_average_price": 79.7181,
            "buy_amount": 12834.61,
            "average_buy_price": 79.71807453416149,
            "realized_mtm": -1
          },
          {
            "ltp": 1038.5,
            "other_margin": null,
            "sell_amount": 11381.7,
            "exchange": "NSE",
            "net_quantity": 0,
            "token": "REDACTED",
            "average_price": 0,
            "client_id": "REDACTED",
            "cf_sell_average_price": 0,
            "cf_sell_quantity": 0,
            "pledged_quantity": 0,
            "cf_buy_quantity": 0,
            "cf_sell_amount": 0,
            "instrument_token": 20854,
            "previous_close": 1033.5,
            "trading_symbol": "HAPPYFORGE-EQ",
            "v_login_id": "S10272",
            "pro_cli": "CLIENT",
            "display_symbol": "HAPPYFORGE",
            "user_name": "REDACTED",
            "rmtm_sell_average_price": 1034.7,
            "close_price": 0,
            "prod_type": 16,
            "multiplier": 1,
            "symbol": "HAPPYFORGE",
            "sell_quantity": 11,
            "segment": "Capital",
            "buy_quantity": 11,
            "cf_buy_amount": 0,
            "cf_buy_average_price": 0,
            "net_amount": -16.099999999998545,
            "series": "EQ",
            "average_sell_price": 1034.7,
            "xe_uuid": "INE330T01021",
            "product": "MTF",
            "rmtm_buy_average_price": 1036.1636,
            "buy_amount": 11397.8,
            "average_buy_price": 1036.1636363636362,
            "realized_mtm": -1
          },
          {
            "ltp": 4033,
            "other_margin": null,
            "sell_amount": 12070.9,
            "exchange": "NSE",
            "net_quantity": 0,
            "token": "REDACTED",
            "average_price": 0,
            "client_id": "REDACTED",
            "cf_sell_average_price": 0,
            "cf_sell_quantity": 0,
            "pledged_quantity": 0,
            "cf_buy_quantity": 0,
            "cf_sell_amount": 0,
            "instrument_token": 11483,
            "previous_close": 4019.6,
            "trading_symbol": "LT-EQ",
            "v_login_id": "S10272",
            "pro_cli": "CLIENT",
            "display_symbol": "LT",
            "user_name": "REDACTED",
            "rmtm_sell_average_price": 4023.6333,
            "close_price": 0,
            "prod_type": 16,
            "multiplier": 1,
            "symbol": "LT",
            "sell_quantity": 3,
            "segment": "Capital",
            "buy_quantity": 3,
            "cf_buy_amount": 0,
            "cf_buy_average_price": 0,
            "net_amount": -7.5,
            "series": "EQ",
            "average_sell_price": 4023.633333333333,
            "xe_uuid": "INE018A01030",
            "product": "MTF",
            "rmtm_buy_average_price": 4026.1333,
            "buy_amount": 12078.4,
            "average_buy_price": 4026.133333333333,
            "realized_mtm": -1
          },
          {
            "ltp": 503.95,
            "other_margin": null,
            "sell_amount": 12092.849999999999,
            "exchange": "NSE",
            "net_quantity": 0,
            "token": "REDACTED",
            "average_price": 0,
            "client_id": "REDACTED",
            "cf_sell_average_price": 0,
            "cf_sell_quantity": 0,
            "pledged_quantity": 0,
            "cf_buy_quantity": 0,
            "cf_sell_amount": 0,
            "instrument_token": 9356,
            "previous_close": 500.95,
            "trading_symbol": "MSTCLTD-EQ",
            "v_login_id": "S10272",
            "pro_cli": "CLIENT",
            "display_symbol": "MSTCLTD",
            "user_name": "REDACTED",
            "rmtm_sell_average_price": 503.8687,
            "close_price": 0,
            "prod_type": 16,
            "multiplier": 1,
            "symbol": "MSTCLTD",
            "sell_quantity": 24,
            "segment": "Capital",
            "buy_quantity": 24,
            "cf_buy_amount": 0,
            "cf_buy_average_price": 0,
            "net_amount": -10.350000000002183,
            "series": "EQ",
            "average_sell_price": 503.8687499999999,
            "xe_uuid": "INE255X01014",
            "product": "MTF",
            "rmtm_buy_average_price": 504.3,
            "buy_amount": 12103.2,
            "average_buy_price": 504.3,
            "realized_mtm": -1
          },
          {
            "ltp": 1492.4,
            "other_margin": null,
            "sell_amount": 8925.800000000001,
            "exchange": "NSE",
            "net_quantity": 0,
            "token": "REDACTED",
            "average_price": 0,
            "client_id": "REDACTED",
            "cf_sell_average_price": 0,
            "cf_sell_quantity": 0,
            "pledged_quantity": 0,
            "cf_buy_quantity": 0,
            "cf_sell_amount": 0,
            "instrument_token": 2664,
            "previous_close": 1476.7,
            "trading_symbol": "PIDILITIND-EQ",
            "v_login_id": "S10272",
            "pro_cli": "CLIENT",
            "display_symbol": "PIDILITIND",
            "user_name": "REDACTED",
            "rmtm_sell_average_price": 1487.6333,
            "close_price": 0,
            "prod_type": 16,
            "multiplier": 1,
            "symbol": "PIDILITIND",
            "sell_quantity": 6,
            "segment": "Capital",
            "buy_quantity": 6,
            "cf_buy_amount": 0,
            "cf_buy_average_price": 0,
            "net_amount": 1.4000000000014552,
            "series": "EQ",
            "average_sell_price": 1487.6333333333334,
            "xe_uuid": "INE318A01026",
            "product": "MTF",
            "rmtm_buy_average_price": 1487.4,
            "buy_amount": 8924.4,
            "average_buy_price": 1487.3999999999999,
            "realized_mtm": 0
          },
          {
            "ltp": 614.2,
            "other_margin": null,
            "sell_amount": 12379.1,
            "exchange": "NSE",
            "net_quantity": 0,
            "token": "REDACTED",
            "average_price": 0,
            "client_id": "REDACTED",
            "cf_sell_average_price": 0,
            "cf_sell_quantity": 0,
            "pledged_quantity": 0,
            "cf_buy_quantity": 0,
            "cf_sell_amount": 0,
            "instrument_token": 19184,
            "previous_close": 616.35,
            "trading_symbol": "SFL-EQ",
            "v_login_id": "S10272",
            "pro_cli": "CLIENT",
            "display_symbol": "SFL",
            "user_name": "REDACTED",
            "rmtm_sell_average_price": 618.955,
            "close_price": 0,
            "prod_type": 16,
            "multiplier": 1,
            "symbol": "SFL",
            "sell_quantity": 20,
            "segment": "Capital",
            "buy_quantity": 20,
            "cf_buy_amount": 0,
            "cf_buy_average_price": 0,
            "net_amount": -12.099999999998545,
            "series": "EQ",
            "average_sell_price": 618.955,
            "xe_uuid": "INE916U01025",
            "product": "MTF",
            "rmtm_buy_average_price": 619.56,
            "buy_amount": 12391.199999999999,
            "average_buy_price": 619.56,
            "realized_mtm": -1
          },
          {
            "ltp": 2161,
            "other_margin": null,
            "sell_amount": 10772.8,
            "exchange": "NSE",
            "net_quantity": 0,
            "token": "REDACTED",
            "average_price": 0,
            "client_id": "REDACTED",
            "cf_sell_average_price": 0,
            "cf_sell_quantity": 0,
            "pledged_quantity": 0,
            "cf_buy_quantity": 0,
            "cf_sell_amount": 0,
            "instrument_token": 10604,
            "previous_close": 2159.8,
            "trading_symbol": "BHARTIARTL-EQ",
            "v_login_id": "S10272",
            "pro_cli": "CLIENT",
            "display_symbol": "BHARTIARTL",
            "user_name": "REDACTED",
            "rmtm_sell_average_price": 2154.56,
            "close_price": 0,
            "prod_type": 16,
            "multiplier": 1,
            "symbol": "BHARTIARTL",
            "sell_quantity": 5,
            "segment": "Capital",
            "buy_quantity": 5,
            "cf_buy_amount": 0,
            "cf_buy_average_price": 0,
            "net_amount": -0.4000000000014552,
            "series": "EQ",
            "average_sell_price": 2154.56,
            "xe_uuid": "INE397D01024",
            "product": "MTF",
            "rmtm_buy_average_price": 2154.64,
            "buy_amount": 10773.2,
            "average_buy_price": 2154.6400000000003,
            "realized_mtm": 0
          },
          {
            "ltp": 256,
            "other_margin": null,
            "sell_amount": 12558.95,
            "exchange": "NSE",
            "net_quantity": 0,
            "token": "REDACTED",
            "average_price": 0,
            "client_id": "REDACTED",
            "cf_sell_average_price": 0,
            "cf_sell_quantity": 0,
            "pledged_quantity": 0,
            "cf_buy_quantity": 0,
            "cf_sell_amount": 0,
            "instrument_token": 25426,
            "previous_close": 256.4,
            "trading_symbol": "NORTHARC-EQ",
            "v_login_id": "S10272",
            "pro_cli": "CLIENT",
            "display_symbol": "NORTHARC",
            "user_name": "REDACTED",
            "rmtm_sell_average_price": 256.3051,
            "close_price": 0,
            "prod_type": 16,
            "multiplier": 1,
            "symbol": "NORTHARC",
            "sell_quantity": 49,
            "segment": "Capital",
            "buy_quantity": 49,
            "cf_buy_amount": 0,
            "cf_buy_average_price": 0,
            "net_amount": -7.099999999998545,
            "series": "EQ",
            "average_sell_price": 256.30510204081634,
            "xe_uuid": "INE850M01015",
            "product": "MTF",
            "rmtm_buy_average_price": 256.45,
            "buy_amount": 12566.05,
            "average_buy_price": 256.45,
            "realized_mtm": 0
          },
          {
            "ltp": 507.9,
            "other_margin": null,
            "sell_amount": 12255.6,
            "exchange": "NSE",
            "net_quantity": 0,
            "token": "REDACTED",
            "average_price": 0,
            "client_id": "REDACTED",
            "cf_sell_average_price": 0,
            "cf_sell_quantity": 0,
            "pledged_quantity": 0,
            "cf_buy_quantity": 0,
            "cf_sell_amount": 0,
            "instrument_token": 17869,
            "previous_close": 513.65,
            "trading_symbol": "JSWENERGY-EQ",
            "v_login_id": "S10272",
            "pro_cli": "CLIENT",
            "display_symbol": "JSWENERGY",
            "user_name": "REDACTED",
            "rmtm_sell_average_price": 510.65,
            "close_price": 0,
            "prod_type": 16,
            "multiplier": 1,
            "symbol": "JSWENERGY",
            "sell_quantity": 24,
            "segment": "Capital",
            "buy_quantity": 24,
            "cf_buy_amount": 0,
            "cf_buy_average_price": 0,
            "net_amount": -7.199999999998909,
            "series": "EQ",
            "average_sell_price": 510.65000000000003,
            "xe_uuid": "INE121E01018",
            "product": "MTF",
            "rmtm_buy_average_price": 510.95,
            "buy_amount": 12262.8,
            "average_buy_price": 510.95,
            "realized_mtm": 0
          },
          {
            "ltp": 22.71,
            "other_margin": null,
            "sell_amount": 0,
            "exchange": "NSE",
            "net_quantity": 1,
            "token": "REDACTED",
            "average_price": 0,
            "client_id": "REDACTED",
            "cf_sell_average_price": 0,
            "cf_sell_quantity": 0,
            "pledged_quantity": 0,
            "cf_buy_quantity": 0,
            "cf_sell_amount": 0,
            "instrument_token": 11915,
            "previous_close": 22.93,
            "trading_symbol": "YESBANK-EQ",
            "v_login_id": "S10272",
            "pro_cli": "CLIENT",
            "display_symbol": "YESBANK",
            "user_name": "REDACTED",
            "rmtm_sell_average_price": 0,
            "close_price": 0,
            "prod_type": 1,
            "multiplier": 1,
            "symbol": "YESBANK",
            "sell_quantity": 0,
            "segment": "Capital",
            "buy_quantity": 1,
            "cf_buy_amount": 0,
            "cf_buy_average_price": 0,
            "net_amount": -22.69,
            "series": "EQ",
            "average_sell_price": 0,
            "xe_uuid": "INE528G01035",
            "product": "CNC",
            "rmtm_buy_average_price": 22.69,
            "buy_amount": 22.69,
            "average_buy_price": 22.69,
            "realized_mtm": 0
          },
          {
            "ltp": 10.32,
            "other_margin": null,
            "sell_amount": 0,
            "exchange": "NSE",
            "net_quantity": 2,
            "token": "REDACTED",
            "average_price": 0,
            "client_id": "REDACTED",
            "cf_sell_average_price": 0,
            "cf_sell_quantity": 0,
            "pledged_quantity": 0,
            "cf_buy_quantity": 0,
            "cf_sell_amount": 0,
            "instrument_token": 15308,
            "previous_close": 10.51,
            "trading_symbol": "SEPC-EQ",
            "v_login_id": "S10272",
            "pro_cli": "CLIENT",
            "display_symbol": "SEPC",
            "user_name": "REDACTED",
            "rmtm_sell_average_price": 0,
            "close_price": 0,
            "prod_type": 1,
            "multiplier": 1,
            "symbol": "SEPC",
            "sell_quantity": 0,
            "segment": "Capital",
            "buy_quantity": 2,
            "cf_buy_amount": 0,
            "cf_buy_average_price": 0,
            "net_amount": -20.52,
            "series": "EQ",
            "average_sell_price": 0,
            "xe_uuid": "INE964H01014",
            "product": "CNC",
            "rmtm_buy_average_price": 10.26,
            "buy_amount": 20.52,
            "average_buy_price": 10.26,
            "realized_mtm": 0
          },
          {
            "ltp": 296.15,
            "other_margin": null,
            "sell_amount": 0,
            "exchange": "NSE",
            "net_quantity": 1,
            "token": "REDACTED",
            "average_price": 0,
            "client_id": "REDACTED",
            "cf_sell_average_price": 0,
            "cf_sell_quantity": 0,
            "pledged_quantity": 0,
            "cf_buy_quantity": 0,
            "cf_sell_amount": 0,
            "instrument_token": 10576,
            "previous_close": 294.37,
            "trading_symbol": "NIFTYBEES-EQ",
            "v_login_id": "S10272",
            "pro_cli": "CLIENT",
            "display_symbol": "NIFTYBEES",
            "user_name": "REDACTED",
            "rmtm_sell_average_price": 0,
            "close_price": 0,
            "prod_type": 1,
            "multiplier": 1,
            "symbol": "NIFTYBEES",
            "sell_quantity": 0,
            "segment": "Capital",
            "buy_quantity": 1,
            "cf_buy_amount": 0,
            "cf_buy_average_price": 0,
            "net_amount": -296.08,
            "series": "EQ",
            "average_sell_price": 0,
            "xe_uuid": "INF204KB14I2",
            "product": "CNC",
            "rmtm_buy_average_price": 296.08,
            "buy_amount": 296.08,
            "average_buy_price": 296.08,
            "realized_mtm": 0
          },
          {
            "ltp": 101.05,
            "other_margin": null,
            "sell_amount": 0,
            "exchange": "NSE",
            "net_quantity": 1,
            "token": "REDACTED",
            "average_price": 0,
            "client_id": "REDACTED",
            "cf_sell_average_price": 0,
            "cf_sell_quantity": 0,
            "pledged_quantity": 0,
            "cf_buy_quantity": 0,
            "cf_sell_amount": 0,
            "instrument_token": 14428,
            "previous_close": 102.23,
            "trading_symbol": "GOLDBEES-EQ",
            "v_login_id": "S10272",
            "pro_cli": "CLIENT",
            "display_symbol": "GOLDBEES",
            "user_name": "REDACTED",
            "rmtm_sell_average_price": 0,
            "close_price": 0,
            "prod_type": 1,
            "multiplier": 1,
            "symbol": "GOLDBEES",
            "sell_quantity": 0,
            "segment": "Capital",
            "buy_quantity": 1,
            "cf_buy_amount": 0,
            "cf_buy_average_price": 0,
            "net_amount": -101.1,
            "series": "EQ",
            "average_sell_price": 0,
            "xe_uuid": "INF204KB17I5",
            "product": "CNC",
            "rmtm_buy_average_price": 101.1,
            "buy_amount": 101.1,
            "average_buy_price": 101.1,
            "realized_mtm": 0
          }
        ],
        "message": "",
        "status": "success"
      }
    },
    "userId": "69044940460b987a8555aba0",
    "brokerFunctionLogId": "991dc0ff-1f90-4dcd-a27c-b863b46ec3b4",
    "functionName": "Portfolio.liveHoldings",
    "brokerName": "hdfcsky"
  },
  "reqId": "27fee240-c5ea-11f0-91ef-b7bae078c130",
  "msg": "",
  "time": "2025-11-20T08:23:13.440Z",
  "v": 0
},
{
  "name": "sc.service.sc-integrations-brokers-api",
  "version": "3.8.9",
  "hostname": "ip-10-137-0-149",
  "pid": 2788,
  "type": "SC_BROKER",
  "level": 30,
  "context": {
    "broker": "hdfcsky",
    "msg": "Successful request",
    "details": {
      "request": {
        "url": "https://developer.hdfcsky.com/oapi/v1/holdings?api_key=1bc928ff1ce54970b0a2f2ae4740dc77&client_id=S10272",
        "method": "GET",
        "headers": {
          "Authorization": "REDACTED",
          "Content-Type": "application/json"
        },
        "timeout": 20000
      },
      "userId": "S10272",
      "accessToken": "REDACTED",
      "response": {
        "statusCode": 200,
        "body": {
          "data": {
            "holdings": [
              {
                "symbol": "YESBANK",
                "quantity": 7,
                "isin": "INE528G01035",
                "exchange": "NSE",
                "previous_close": 22.93,
                "today_unpledge_quantity": 0,
                "t0_price": 0,
                "pledge_percentage": 70,
                "ltp": 22.71,
                "t1_price": 0,
                "pledge_allow": true,
                "branch_code": "",
                "token": "REDACTED",
                "pending_quantity": 4,
                "today_pledge_quantity": 0,
                "buy_avg_mtm": -1.539999999999992,
                "trading_symbol": "YESBANK",
                "net_holding_quantity": 7,
                "client_id": "REDACTED",
                "buy_avg": 22.93,
                "t2_quantity": 0,
                "actual_buy_avg": 22.93,
                "transaction_type": "",
                "t1_quantity": 0,
                "squared_off_free_quantity": 0,
                "pledge_value": 0,
                "pledge_quantity": 0,
                "used_quantity": 0,
                "pms_quantity": 7,
                "free_quantity": 3,
                "t2_price": 0,
                "instrument_details": {
                  "exchange": 1,
                  "instrument_name": "EQ",
                  "instrument_token": 11915,
                  "trading_symbol": "YESBANK-EQ"
                },
                "squared_off_pledge_quantity": 0,
                "t0_quantity": 0
              }
            ]
          },
          "message": "",
          "status": "success"
        }
      },
      "responseString": {
        "data": {
          "holdings": [
            {
              "symbol": "YESBANK",
              "quantity": 7,
              "isin": "INE528G01035",
              "exchange": "NSE",
              "previous_close": 22.93,
              "today_unpledge_quantity": 0,
              "t0_price": 0,
              "pledge_percentage": 70,
              "ltp": 22.71,
              "t1_price": 0,
              "pledge_allow": true,
              "branch_code": "",
              "token": "REDACTED",
              "pending_quantity": 4,
              "today_pledge_quantity": 0,
              "buy_avg_mtm": -1.539999999999992,
              "trading_symbol": "YESBANK",
              "net_holding_quantity": 7,
              "client_id": "REDACTED",
              "buy_avg": 22.93,
              "t2_quantity": 0,
              "actual_buy_avg": 22.93,
              "transaction_type": "",
              "t1_quantity": 0,
              "squared_off_free_quantity": 0,
              "pledge_value": 0,
              "pledge_quantity": 0,
              "used_quantity": 0,
              "pms_quantity": 7,
              "free_quantity": 3,
              "t2_price": 0,
              "instrument_details": {
                "exchange": 1,
                "instrument_name": "EQ",
                "instrument_token": 11915,
                "trading_symbol": "YESBANK-EQ"
              },
              "squared_off_pledge_quantity": 0,
              "t0_quantity": 0
            }
          ]
        },
        "message": "",
        "status": "success"
      }
    },
    "userId": "69044940460b987a8555aba0",
    "brokerFunctionLogId": "991dc0ff-1f90-4dcd-a27c-b863b46ec3b4",
    "functionName": "Portfolio.liveHoldings",
    "brokerName": "hdfcsky"
  },
  "reqId": "27fee240-c5ea-11f0-91ef-b7bae078c130",
  "msg": "",
  "time": "2025-11-20T08:23:13.309Z",
  "v": 0
},
{
  "name": "sc.service.sc-integrations-brokers-api",
  "version": "3.8.9",
  "hostname": "ip-10-137-0-149",
  "pid": 2795,
  "type": "SC_BROKER",
  "level": 30,
  "context": {
    "options": {
      "requestToken": "REDACTED",
      "ipAddress": "REDACTED",
      "clientDetails": {
        "channel": "web",
        "channelIp": "152.58.43.21",
        "appInstallId": "9941e26b-b33b-596d-af3c-03e53b504cc7",
        "appVersion": "1.0.0",
        "userAgent": "Mozilla/5.0 (Linux; Android 10; K) AppleWebKit/537.36 (KHTML, like Gecko) Chrome/135.0.0.0 Mobile Safari/537.36"
      },
      "apiKey": "REDACTED",
      "apiSecret": "REDACTED"
    },
    "response": {
      "error": null,
      "response": {
        "code": true,
        "reason": "success",
        "accessToken": "REDACTED",
        "userId": "S10272",
        "userName": "REDACTED",
        "isPOAEnabled": false,
        "isDDPIEnabled": true
      }
    },
    "brokerFunctionLogId": "ac5b71f2-a627-4fdf-a86f-ccf6734f4ed1",
    "brokerApi": {
      "functionName": "User.accessToken",
      "brokerName": "hdfcsky"
    }
  },
  "reqId": "27b2e520-c5ea-11f0-b207-ab18fd81b8ce",
  "msg": "broker lib function response recieved",
  "time": "2025-11-20T08:23:12.820Z",
  "v": 0
},
{
  "name": "sc.service.sc-integrations-brokers-api",
  "version": "3.8.9",
  "hostname": "ip-10-137-0-149",
  "pid": 2795,
  "type": "SC_BROKER",
  "level": 30,
  "context": {
    "userData": {
      "accessToken": "REDACTED",
      "userId": "S10272",
      "userName": "REDACTED",
      "isPOAEnabled": false,
      "isDDPIEnabled": true
    },
    "brokerFunctionLogId": "ac5b71f2-a627-4fdf-a86f-ccf6734f4ed1",
    "functionName": "User.accessToken",
    "brokerName": "hdfcsky"
  },
  "reqId": "27b2e520-c5ea-11f0-b207-ab18fd81b8ce",
  "msg": "Broker login successful",
  "time": "2025-11-20T08:23:12.819Z",
  "v": 0
},
{
  "name": "sc.service.sc-integrations-brokers-api",
  "version": "3.8.9",
  "hostname": "ip-10-137-0-149",
  "pid": 2795,
  "type": "SC_BROKER",
  "level": 30,
  "context": {
    "broker": "hdfcsky",
    "msg": "Broker login successful",
    "details": {
      "options": {
        "requestToken": "REDACTED",
        "ipAddress": "REDACTED",
        "clientDetails": {
          "channel": "web",
          "channelIp": "152.58.43.21",
          "appInstallId": "9941e26b-b33b-596d-af3c-03e53b504cc7",
          "appVersion": "1.0.0",
          "userAgent": "Mozilla/5.0 (Linux; Android 10; K) AppleWebKit/537.36 (KHTML, like Gecko) Chrome/135.0.0.0 Mobile Safari/537.36"
        },
        "apiKey": "REDACTED",
        "apiSecret": "REDACTED"
      },
      "userResponse": {
        "code": true,
        "reason": "success",
        "payload": {
          "data": {
            "accessToken": "REDACTED",
            "userId": "S10272",
            "userName": "REDACTED",
            "isPOAEnabled": false,
            "isDDPIEnabled": true
          }
        }
      }
    },
    "brokerFunctionLogId": "ac5b71f2-a627-4fdf-a86f-ccf6734f4ed1",
    "functionName": "User.accessToken",
    "brokerName": "hdfcsky"
  },
  "reqId": "27b2e520-c5ea-11f0-b207-ab18fd81b8ce",
  "msg": "",
  "time": "2025-11-20T08:23:12.819Z",
  "v": 0
},
{
  "name": "sc.service.sc-integrations-brokers-api",
  "version": "3.8.9",
  "hostname": "ip-10-137-0-149",
  "pid": 2795,
  "type": "SC_BROKER",
  "level": 30,
  "context": {
    "broker": "hdfcsky",
    "msg": "Successful request",
    "details": {
      "request": {
        "url": "https://developer.hdfcsky.com/oapi/v1/user/trading_info?client_id=S10272&api_key=1bc928ff1ce54970b0a2f2ae4740dc77",
        "method": "GET",
        "headers": {
          "Authorization": "REDACTED",
          "Content-Type": "application/json"
        },
        "timeout": 20000
      },
      "userId": "S10272",
      "accessToken": "REDACTED",
      "response": {
        "statusCode": 200,
        "body": {
          "data": {
            "client_id": "REDACTED",
            "ddpi": true,
            "exchanges_subscribed": [
              ""
            ],
            "name": "REDACTED",
            "poa_enabled": false,
            "products_enabled": [
              "CNC",
              "MIS",
              "NRML",
              "MTF"
            ],
            "status": "active"
          },
          "message": "",
          "status": "success"
        }
      },
      "responseString": {
        "data": {
          "client_id": "REDACTED",
          "ddpi": true,
          "exchanges_subscribed": [
            ""
          ],
          "name": "REDACTED",
          "poa_enabled": false,
          "products_enabled": [
            "CNC",
            "MIS",
            "NRML",
            "MTF"
          ],
          "status": "active"
        },
        "message": "",
        "status": "success"
      }
    },
    "brokerFunctionLogId": "ac5b71f2-a627-4fdf-a86f-ccf6734f4ed1",
    "functionName": "User.accessToken",
    "brokerName": "hdfcsky"
  },
  "reqId": "27b2e520-c5ea-11f0-b207-ab18fd81b8ce",
  "msg": "",
  "time": "2025-11-20T08:23:12.818Z",
  "v": 0
},
{
  "name": "sc.service.sc-integrations-brokers-api",
  "version": "3.8.9",
  "hostname": "ip-10-137-0-149",
  "pid": 2795,
  "type": "SC_BROKER",
  "level": 30,
  "context": {
    "broker": "hdfcsky",
    "msg": "Successful request",
    "details": {
      "request": {
        "url": "https://developer.hdfcsky.com/oapi/v1/access-token?api_key=1bc928ff1ce54970b0a2f2ae4740dc77&request_token=1856e15938e94ea1bb0ed18ea508a0f41872015461",
        "method": "POST",
        "headers": {
          "Content-Type": "application/json",
          "User-Agent": "Mozilla/5.0 (Macintosh; Intel Mac OS X 10_15_7) AppleWebKit/537.36 (KHTML, like Gecko) Chrome/123.0.0.0 Safari/537.36"
        },
        "timeout": 20000,
        "data": {
          "apiSecret": "REDACTED"
        }
      },
      "userId": null,
      "accessToken": "REDACTED",
      "response": {
        "statusCode": 200,
        "body": {
          "accessToken": "REDACTED"
        }
      },
      "responseString": {
        "accessToken": "REDACTED"
      }
    },
    "brokerFunctionLogId": "ac5b71f2-a627-4fdf-a86f-ccf6734f4ed1",
    "functionName": "User.accessToken",
    "brokerName": "hdfcsky"
  },
  "reqId": "27b2e520-c5ea-11f0-b207-ab18fd81b8ce",
  "msg": "",
  "time": "2025-11-20T08:23:12.777Z",
  "v": 0
},
{
  "name": "sc.service.sc-integrations-brokers-api",
  "version": "3.8.9",
  "hostname": "ip-10-137-0-149",
  "pid": 2795,
  "type": "SC_BROKER",
  "level": 40,
  "err": {
    "message": "Failed to fetch holdings",
    "stack": "Error: HTTP 401: {\"error\":\"invalid credentials\"}\n    at requestBroker (/deployments/sc-integrations-broker-api/node_modules/@smallcase/sc-integrations-broker-lib/src/brokers/hdfcsky/services/request.js:82:32)\n    at processTicksAndRejections (node:internal/process/task_queues:95:5)\n    at holdings (/deployments/sc-integrations-broker-api/node_modules/@smallcase/sc-integrations-broker-lib/src/brokers/hdfcsky/services/portfolio.js:38:52)\n    at Object.liveHoldings (/deployments/sc-integrations-broker-api/node_modules/@smallcase/sc-integrations-broker-lib/src/brokers/hdfcsky/services/portfolio.js:133:72)\n    at Object.liveHoldings (/deployments/sc-integrations-broker-api/node_modules/@smallcase/sc-integrations-broker-lib/src/brokers/hdfcsky/api.js:125:60)"
  },
  "context": {
    "broker": "hdfcsky",
    "msg": "Error in fetching live holdings",
    "details": {
      "options": {
        "accessToken": "REDACTED",
        "brokeruserId": "S10272",
        "apiKey": "REDACTED",
        "apiSecret": "REDACTED"
      }
    },
    "userId": "69044940460b987a8555aba0",
    "brokerFunctionLogId": "6323f510-8c27-41b5-a8f5-b8505841a620",
    "functionName": "Portfolio.liveHoldings",
    "brokerName": "hdfcsky"
  },
  "reqId": "15b64010-c5ea-11f0-b207-ab18fd81b8ce",
  "msg": "",
  "time": "2025-11-20T08:22:42.595Z",
  "v": 0
},
{
  "name": "sc.service.sc-integrations-brokers-api",
  "version": "3.8.9",
  "hostname": "ip-10-137-0-149",
  "pid": 2795,
  "type": "SC_BROKER",
  "level": 30,
  "context": {
    "options": {
      "accessToken": "REDACTED",
      "brokeruserId": "S10272",
      "apiKey": "REDACTED",
      "apiSecret": "REDACTED"
    },
    "response": {
      "error": {
        "code": false,
        "reason": "error",
        "message": "Failed to fetch holdings",
        "stack": "Error: HTTP 401: {\"error\":\"invalid credentials\"}\n    at requestBroker (/deployments/sc-integrations-broker-api/node_modules/@smallcase/sc-integrations-broker-lib/src/brokers/hdfcsky/services/request.js:82:32)\n    at processTicksAndRejections (node:internal/process/task_queues:95:5)\n    at holdings (/deployments/sc-integrations-broker-api/node_modules/@smallcase/sc-integrations-broker-lib/src/brokers/hdfcsky/services/portfolio.js:38:52)\n    at Object.liveHoldings (/deployments/sc-integrations-broker-api/node_modules/@smallcase/sc-integrations-broker-lib/src/brokers/hdfcsky/services/portfolio.js:133:72)\n    at Object.liveHoldings (/deployments/sc-integrations-broker-api/node_modules/@smallcase/sc-integrations-broker-lib/src/brokers/hdfcsky/api.js:125:60)",
        "statusCode": 401,
        "body": {
          "error": "invalid credentials"
        }
      },
      "response": {
        "code": false,
        "reason": "error",
        "message": "Failed to fetch holdings",
        "stack": "Error: HTTP 401: {\"error\":\"invalid credentials\"}\n    at requestBroker (/deployments/sc-integrations-broker-api/node_modules/@smallcase/sc-integrations-broker-lib/src/brokers/hdfcsky/services/request.js:82:32)\n    at processTicksAndRejections (node:internal/process/task_queues:95:5)\n    at holdings (/deployments/sc-integrations-broker-api/node_modules/@smallcase/sc-integrations-broker-lib/src/brokers/hdfcsky/services/portfolio.js:38:52)\n    at Object.liveHoldings (/deployments/sc-integrations-broker-api/node_modules/@smallcase/sc-integrations-broker-lib/src/brokers/hdfcsky/services/portfolio.js:133:72)\n    at Object.liveHoldings (/deployments/sc-integrations-broker-api/node_modules/@smallcase/sc-integrations-broker-lib/src/brokers/hdfcsky/api.js:125:60)",
        "statusCode": 401,
        "body": {
          "error": "invalid credentials"
        }
      }
    },
    "userId": "69044940460b987a8555aba0",
    "brokerFunctionLogId": "6323f510-8c27-41b5-a8f5-b8505841a620",
    "brokerApi": {
      "functionName": "Portfolio.liveHoldings",
      "brokerName": "hdfcsky"
    }
  },
  "reqId": "15b64010-c5ea-11f0-b207-ab18fd81b8ce",
  "msg": "broker lib function response recieved",
  "time": "2025-11-20T08:22:42.595Z",
  "v": 0
},
{
  "name": "sc.service.sc-integrations-brokers-api",
  "version": "3.8.9",
  "hostname": "ip-10-137-0-149",
  "pid": 2795,
  "type": "SC_BROKER",
  "level": 50,
  "err": {
    "message": "Request failed with status code 401",
    "name": "AxiosError",
    "stack": "AxiosError: Request failed with status code 401\n    at settle (/deployments/sc-integrations-broker-api/node_modules/axios/lib/core/settle.js:17:12)\n    at IncomingMessage.handleStreamEnd (/deployments/sc-integrations-broker-api/node_modules/axios/lib/adapters/http.js:382:11)\n    at IncomingMessage.emit (node:events:525:35)\n    at endReadableNT (node:internal/streams/readable:1359:12)\n    at processTicksAndRejections (node:internal/process/task_queues:82:21)"
  },
  "context": {
    "broker": "hdfcsky",
    "msg": "Error in request - Request failed with status code 401",
    "details": {
      "request": {
        "url": "https://developer.hdfcsky.com/oapi/v1/holdings?api_key=1bc928ff1ce54970b0a2f2ae4740dc77&client_id=S10272",
        "method": "GET",
        "headers": {
          "Authorization": "REDACTED",
          "Content-Type": "application/json"
        },
        "timeout": 20000
      },
      "userId": "S10272",
      "accessToken": "REDACTED",
      "response": {
        "error": "invalid credentials"
      }
    },
    "userId": "69044940460b987a8555aba0",
    "brokerFunctionLogId": "6323f510-8c27-41b5-a8f5-b8505841a620",
    "functionName": "Portfolio.liveHoldings",
    "brokerName": "hdfcsky"
  },
  "reqId": "15b64010-c5ea-11f0-b207-ab18fd81b8ce",
  "msg": "",
  "time": "2025-11-20T08:22:42.594Z",
  "v": 0
},
{
  "name": "sc.service.sc-integrations-brokers-api",
  "version": "3.8.9",
  "hostname": "ip-10-137-0-149",
  "pid": 2788,
  "type": "SC_BROKER",
  "level": 30,
  "context": {
    "options": {
      "accessToken": "REDACTED",
      "apiKey": "REDACTED",
      "apiSecret": "REDACTED",
      "buyAmount": 0,
      "sellAmount": 0,
      "stocksCount": 0
    },
    "response": {
      "error": null,
      "response": {
        "code": true,
        "reason": "success",
        "sufficientFunds": true,
        "requiredFunds": 0,
        "allowedSellValues": {
          "T0": 0,
          "T1": 1
        }
      }
    },
    "user": {
      "id": "69044940460b987a8555aba0"
    },
    "brokerFunctionLogId": "73047c81-a63d-4162-9382-61e5e132045b",
    "brokerApi": {
      "functionName": "Funds.check",
      "brokerName": "hdfcsky"
    }
  },
  "reqId": "15b46b50-c5ea-11f0-91ef-b7bae078c130",
  "msg": "broker lib function response recieved",
  "time": "2025-11-20T08:22:42.567Z",
  "v": 0
},
{
  "name": "sc.service.sc-integrations-brokers-api",
  "version": "3.8.9",
  "hostname": "ip-10-137-0-149",
  "pid": 2788,
  "type": "SC_BROKER",
  "level": 30,
  "context": {
    "options": {
      "accessToken": "REDACTED",
      "apiKey": "REDACTED",
      "apiSecret": "REDACTED",
      "buyAmount": 0,
      "sellAmount": 0,
      "stocksCount": 0
    },
    "response": {
      "error": null,
      "response": {
        "code": true,
        "reason": "success",
        "sufficientFunds": true,
        "requiredFunds": 0,
        "allowedSellValues": {
          "T0": 0,
          "T1": 1
        }
      }
    },
    "user": {
      "id": "69044940460b987a8555aba0"
    },
    "brokerFunctionLogId": "e4af3d14-0198-48a2-9be4-99341be23a5f",
    "brokerApi": {
      "functionName": "Funds.check",
      "brokerName": "hdfcsky"
    }
  },
  "reqId": "159aefe0-c5ea-11f0-91ef-b7bae078c130",
  "msg": "broker lib function response recieved",
  "time": "2025-11-20T08:22:42.400Z",
  "v": 0
},
{
  "name": "sc.service.sc-integrations-brokers-api",
  "version": "3.8.9",
  "hostname": "ip-10-137-0-149",
  "pid": 2788,
  "type": "SC_BROKER",
  "level": 30,
  "context": {
    "options": {
      "accessToken": "REDACTED",
      "brokeruserId": "S10272",
      "apiKey": "REDACTED",
      "apiSecret": "REDACTED"
    },
    "response": {
      "error": {
        "code": false,
        "reason": "error",
        "message": "Failed to fetch holdings",
        "stack": "Error: HTTP 401: {\"error\":\"invalid credentials\"}\n    at requestBroker (/deployments/sc-integrations-broker-api/node_modules/@smallcase/sc-integrations-broker-lib/src/brokers/hdfcsky/services/request.js:82:32)\n    at processTicksAndRejections (node:internal/process/task_queues:95:5)\n    at holdings (/deployments/sc-integrations-broker-api/node_modules/@smallcase/sc-integrations-broker-lib/src/brokers/hdfcsky/services/portfolio.js:38:52)\n    at Object.liveHoldings (/deployments/sc-integrations-broker-api/node_modules/@smallcase/sc-integrations-broker-lib/src/brokers/hdfcsky/services/portfolio.js:133:72)\n    at Object.liveHoldings (/deployments/sc-integrations-broker-api/node_modules/@smallcase/sc-integrations-broker-lib/src/brokers/hdfcsky/api.js:125:60)",
        "statusCode": 401,
        "body": {
          "error": "invalid credentials"
        }
      },
      "response": {
        "code": false,
        "reason": "error",
        "message": "Failed to fetch holdings",
        "stack": "Error: HTTP 401: {\"error\":\"invalid credentials\"}\n    at requestBroker (/deployments/sc-integrations-broker-api/node_modules/@smallcase/sc-integrations-broker-lib/src/brokers/hdfcsky/services/request.js:82:32)\n    at processTicksAndRejections (node:internal/process/task_queues:95:5)\n    at holdings (/deployments/sc-integrations-broker-api/node_modules/@smallcase/sc-integrations-broker-lib/src/brokers/hdfcsky/services/portfolio.js:38:52)\n    at Object.liveHoldings (/deployments/sc-integrations-broker-api/node_modules/@smallcase/sc-integrations-broker-lib/src/brokers/hdfcsky/services/portfolio.js:133:72)\n    at Object.liveHoldings (/deployments/sc-integrations-broker-api/node_modules/@smallcase/sc-integrations-broker-lib/src/brokers/hdfcsky/api.js:125:60)",
        "statusCode": 401,
        "body": {
          "error": "invalid credentials"
        }
      }
    },
    "userId": "69044940460b987a8555aba0",
    "brokerFunctionLogId": "4ab8ee8e-c6b2-4941-bb0b-0abb0b4ad3dd",
    "brokerApi": {
      "functionName": "Portfolio.liveHoldings",
      "brokerName": "hdfcsky"
    }
  },
  "reqId": "15880420-c5ea-11f0-91ef-b7bae078c130",
  "msg": "broker lib function response recieved",
  "time": "2025-11-20T08:22:42.301Z",
  "v": 0
},
{
  "name": "sc.service.sc-integrations-brokers-api",
  "version": "3.8.9",
  "hostname": "ip-10-137-0-149",
  "pid": 2788,
  "type": "SC_BROKER",
  "level": 40,
  "err": {
    "message": "Failed to fetch holdings",
    "stack": "Error: HTTP 401: {\"error\":\"invalid credentials\"}\n    at requestBroker (/deployments/sc-integrations-broker-api/node_modules/@smallcase/sc-integrations-broker-lib/src/brokers/hdfcsky/services/request.js:82:32)\n    at processTicksAndRejections (node:internal/process/task_queues:95:5)\n    at holdings (/deployments/sc-integrations-broker-api/node_modules/@smallcase/sc-integrations-broker-lib/src/brokers/hdfcsky/services/portfolio.js:38:52)\n    at Object.liveHoldings (/deployments/sc-integrations-broker-api/node_modules/@smallcase/sc-integrations-broker-lib/src/brokers/hdfcsky/services/portfolio.js:133:72)\n    at Object.liveHoldings (/deployments/sc-integrations-broker-api/node_modules/@smallcase/sc-integrations-broker-lib/src/brokers/hdfcsky/api.js:125:60)"
  },
  "context": {
    "broker": "hdfcsky",
    "msg": "Error in fetching live holdings",
    "details": {
      "options": {
        "accessToken": "REDACTED",
        "brokeruserId": "S10272",
        "apiKey": "REDACTED",
        "apiSecret": "REDACTED"
      }
    },
    "userId": "69044940460b987a8555aba0",
    "brokerFunctionLogId": "4ab8ee8e-c6b2-4941-bb0b-0abb0b4ad3dd",
    "functionName": "Portfolio.liveHoldings",
    "brokerName": "hdfcsky"
  },
  "reqId": "15880420-c5ea-11f0-91ef-b7bae078c130",
  "msg": "",
  "time": "2025-11-20T08:22:42.300Z",
  "v": 0
},
{
  "name": "sc.service.sc-integrations-brokers-api",
  "version": "3.8.9",
  "hostname": "ip-10-137-0-149",
  "pid": 2788,
  "type": "SC_BROKER",
  "level": 50,
  "err": {
    "message": "Request failed with status code 401",
    "name": "AxiosError",
    "stack": "AxiosError: Request failed with status code 401\n    at settle (/deployments/sc-integrations-broker-api/node_modules/axios/lib/core/settle.js:17:12)\n    at IncomingMessage.handleStreamEnd (/deployments/sc-integrations-broker-api/node_modules/axios/lib/adapters/http.js:382:11)\n    at IncomingMessage.emit (node:events:525:35)\n    at endReadableNT (node:internal/streams/readable:1359:12)\n    at processTicksAndRejections (node:internal/process/task_queues:82:21)"
  },
  "context": {
    "broker": "hdfcsky",
    "msg": "Error in request - Request failed with status code 401",
    "details": {
      "request": {
        "url": "https://developer.hdfcsky.com/oapi/v1/holdings?api_key=1bc928ff1ce54970b0a2f2ae4740dc77&client_id=S10272",
        "method": "GET",
        "headers": {
          "Authorization": "REDACTED",
          "Content-Type": "application/json"
        },
        "timeout": 20000
      },
      "userId": "S10272",
      "accessToken": "REDACTED",
      "response": {
        "error": "invalid credentials"
      }
    },
    "userId": "69044940460b987a8555aba0",
    "brokerFunctionLogId": "4ab8ee8e-c6b2-4941-bb0b-0abb0b4ad3dd",
    "functionName": "Portfolio.liveHoldings",
    "brokerName": "hdfcsky"
  },
  "reqId": "15880420-c5ea-11f0-91ef-b7bae078c130",
  "msg": "",
  "time": "2025-11-20T08:22:42.299Z",
  "v": 0
},
{
  "name": "sc.service.sc-integrations-brokers-api",
  "version": "3.8.9",
  "hostname": "ip-10-137-0-149",
  "pid": 2795,
  "type": "SC_BROKER",
  "level": 30,
  "context": {
    "options": {
      "accessToken": "REDACTED",
      "brokeruserId": "S10272",
      "gateway": true,
      "apiKey": "REDACTED",
      "apiSecret": "REDACTED"
    },
    "response": {
      "error": null,
      "response": {
        "code": true,
        "reason": "success",
        "payload": [
          {
            "isin": "INE528G01035",
            "tradingsymbol": "YESBANK",
            "brokersymbol": "11915",
            "quantity": 7,
            "averagePrice": 22.93,
            "exchange": "NSE",
            "authorisedQuantity": 7
          },
          {
            "isin": "INE092T01019",
            "tradingsymbol": "IDFCFIRSTB-EQ",
            "brokersymbol": "11184",
            "quantity": 0,
            "averagePrice": null,
            "exchange": "NSE"
          },
          {
            "isin": "INE330T01021",
            "tradingsymbol": "HAPPYFORGE-EQ",
            "brokersymbol": "20854",
            "quantity": 0,
            "averagePrice": null,
            "exchange": "NSE"
          },
          {
            "isin": "INE018A01030",
            "tradingsymbol": "LT-EQ",
            "brokersymbol": "11483",
            "quantity": 0,
            "averagePrice": null,
            "exchange": "NSE"
          },
          {
            "isin": "INE255X01014",
            "tradingsymbol": "MSTCLTD-EQ",
            "brokersymbol": "9356",
            "quantity": 0,
            "averagePrice": null,
            "exchange": "NSE"
          },
          {
            "isin": "INE318A01026",
            "tradingsymbol": "PIDILITIND-EQ",
            "brokersymbol": "2664",
            "quantity": 0,
            "averagePrice": null,
            "exchange": "NSE"
          },
          {
            "isin": "INE916U01025",
            "tradingsymbol": "SFL-EQ",
            "brokersymbol": "19184",
            "quantity": 0,
            "averagePrice": null,
            "exchange": "NSE"
          },
          {
            "isin": "INE397D01024",
            "tradingsymbol": "BHARTIARTL-EQ",
            "brokersymbol": "10604",
            "quantity": 0,
            "averagePrice": null,
            "exchange": "NSE"
          },
          {
            "isin": "INE850M01015",
            "tradingsymbol": "NORTHARC-EQ",
            "brokersymbol": "25426",
            "quantity": 0,
            "averagePrice": null,
            "exchange": "NSE"
          },
          {
            "isin": "INE121E01018",
            "tradingsymbol": "JSWENERGY-EQ",
            "brokersymbol": "17869",
            "quantity": 0,
            "averagePrice": null,
            "exchange": "NSE"
          },
          {
            "isin": "INE528G01035",
            "tradingsymbol": "YESBANK-EQ",
            "brokersymbol": "11915",
            "quantity": 1,
            "averagePrice": 22.69,
            "exchange": "NSE"
          },
          {
            "isin": "INE964H01014",
            "tradingsymbol": "SEPC-EQ",
            "brokersymbol": "15308",
            "quantity": 2,
            "averagePrice": 10.26,
            "exchange": "NSE"
          },
          {
            "isin": "INF204KB14I2",
            "tradingsymbol": "NIFTYBEES-EQ",
            "brokersymbol": "10576",
            "quantity": 1,
            "averagePrice": 296.08,
            "exchange": "NSE"
          },
          {
            "isin": "INF204KB17I5",
            "tradingsymbol": "GOLDBEES-EQ",
            "brokersymbol": "14428",
            "quantity": 1,
            "averagePrice": 101.1,
            "exchange": "NSE"
          }
        ]
      }
    },
    "userId": "69044940460b987a8555aba0",
    "brokerFunctionLogId": "428e0d03-81cb-48da-b61e-7d3d63825500",
    "brokerApi": {
      "functionName": "Portfolio.liveHoldings",
      "brokerName": "hdfcsky"
    }
  },
  "reqId": "156512d0-c5ea-11f0-b207-ab18fd81b8ce",
  "msg": "broker lib function response recieved",
  "time": "2025-11-20T08:22:42.236Z",
  "v": 0
},
{
  "name": "sc.service.sc-integrations-brokers-api",
  "version": "3.8.9",
  "hostname": "ip-10-137-0-149",
  "pid": 2795,
  "type": "SC_BROKER",
  "level": 30,
  "context": {
    "broker": "hdfcsky",
    "msg": "Successful request",
    "details": {
      "request": {
        "url": "https://developer.hdfcsky.com/oapi/v1/positions?api_key=1bc928ff1ce54970b0a2f2ae4740dc77&client_id=S10272&type=historical",
        "method": "GET",
        "headers": {
          "Authorization": "REDACTED",
          "Content-Type": "application/json"
        },
        "timeout": 20000
      },
      "userId": "S10272",
      "accessToken": "REDACTED",
      "response": {
        "statusCode": 200,
        "body": {
          "data": [
            {
              "ltp": 79.01,
              "other_margin": null,
              "sell_amount": 12824.1,
              "exchange": "NSE",
              "net_quantity": 0,
              "token": "REDACTED",
              "average_price": 0,
              "client_id": "REDACTED",
              "cf_sell_average_price": 0,
              "cf_sell_quantity": 0,
              "pledged_quantity": 0,
              "cf_buy_quantity": 0,
              "cf_sell_amount": 0,
              "instrument_token": 11184,
              "previous_close": 79.61,
              "trading_symbol": "IDFCFIRSTB-EQ",
              "v_login_id": "S10272",
              "pro_cli": "CLIENT",
              "display_symbol": "IDFCFIRSTB",
              "user_name": "REDACTED",
              "rmtm_sell_average_price": 79.6528,
              "close_price": 0,
              "prod_type": 16,
              "multiplier": 1,
              "symbol": "IDFCFIRSTB",
              "sell_quantity": 161,
              "segment": "Capital",
              "buy_quantity": 161,
              "cf_buy_amount": 0,
              "cf_buy_average_price": 0,
              "net_amount": -10.510000000000218,
              "series": "EQ",
              "average_sell_price": 79.6527950310559,
              "xe_uuid": "INE092T01019",
              "product": "MTF",
              "rmtm_buy_average_price": 79.7181,
              "buy_amount": 12834.61,
              "average_buy_price": 79.71807453416149,
              "realized_mtm": -1
            },
            {
              "ltp": 1038.7,
              "other_margin": null,
              "sell_amount": 11381.7,
              "exchange": "NSE",
              "net_quantity": 0,
              "token": "REDACTED",
              "average_price": 0,
              "client_id": "REDACTED",
              "cf_sell_average_price": 0,
              "cf_sell_quantity": 0,
              "pledged_quantity": 0,
              "cf_buy_quantity": 0,
              "cf_sell_amount": 0,
              "instrument_token": 20854,
              "previous_close": 1033.5,
              "trading_symbol": "HAPPYFORGE-EQ",
              "v_login_id": "S10272",
              "pro_cli": "CLIENT",
              "display_symbol": "HAPPYFORGE",
              "user_name": "REDACTED",
              "rmtm_sell_average_price": 1034.7,
              "close_price": 0,
              "prod_type": 16,
              "multiplier": 1,
              "symbol": "HAPPYFORGE",
              "sell_quantity": 11,
              "segment": "Capital",
              "buy_quantity": 11,
              "cf_buy_amount": 0,
              "cf_buy_average_price": 0,
              "net_amount": -16.099999999998545,
              "series": "EQ",
              "average_sell_price": 1034.7,
              "xe_uuid": "INE330T01021",
              "product": "MTF",
              "rmtm_buy_average_price": 1036.1636,
              "buy_amount": 11397.8,
              "average_buy_price": 1036.1636363636362,
              "realized_mtm": -1
            },
            {
              "ltp": 4032.7,
              "other_margin": null,
              "sell_amount": 12070.9,
              "exchange": "NSE",
              "net_quantity": 0,
              "token": "REDACTED",
              "average_price": 0,
              "client_id": "REDACTED",
              "cf_sell_average_price": 0,
              "cf_sell_quantity": 0,
              "pledged_quantity": 0,
              "cf_buy_quantity": 0,
              "cf_sell_amount": 0,
              "instrument_token": 11483,
              "previous_close": 4019.6,
              "trading_symbol": "LT-EQ",
              "v_login_id": "S10272",
              "pro_cli": "CLIENT",
              "display_symbol": "LT",
              "user_name": "REDACTED",
              "rmtm_sell_average_price": 4023.6333,
              "close_price": 0,
              "prod_type": 16,
              "multiplier": 1,
              "symbol": "LT",
              "sell_quantity": 3,
              "segment": "Capital",
              "buy_quantity": 3,
              "cf_buy_amount": 0,
              "cf_buy_average_price": 0,
              "net_amount": -7.5,
              "series": "EQ",
              "average_sell_price": 4023.633333333333,
              "xe_uuid": "INE018A01030",
              "product": "MTF",
              "rmtm_buy_average_price": 4026.1333,
              "buy_amount": 12078.4,
              "average_buy_price": 4026.133333333333,
              "realized_mtm": -1
            },
            {
              "ltp": 503.95,
              "other_margin": null,
              "sell_amount": 12092.849999999999,
              "exchange": "NSE",
              "net_quantity": 0,
              "token": "REDACTED",
              "average_price": 0,
              "client_id": "REDACTED",
              "cf_sell_average_price": 0,
              "cf_sell_quantity": 0,
              "pledged_quantity": 0,
              "cf_buy_quantity": 0,
              "cf_sell_amount": 0,
              "instrument_token": 9356,
              "previous_close": 500.95,
              "trading_symbol": "MSTCLTD-EQ",
              "v_login_id": "S10272",
              "pro_cli": "CLIENT",
              "display_symbol": "MSTCLTD",
              "user_name": "REDACTED",
              "rmtm_sell_average_price": 503.8687,
              "close_price": 0,
              "prod_type": 16,
              "multiplier": 1,
              "symbol": "MSTCLTD",
              "sell_quantity": 24,
              "segment": "Capital",
              "buy_quantity": 24,
              "cf_buy_amount": 0,
              "cf_buy_average_price": 0,
              "net_amount": -10.350000000002183,
              "series": "EQ",
              "average_sell_price": 503.8687499999999,
              "xe_uuid": "INE255X01014",
              "product": "MTF",
              "rmtm_buy_average_price": 504.3,
              "buy_amount": 12103.2,
              "average_buy_price": 504.3,
              "realized_mtm": -1
            },
            {
              "ltp": 1491.6,
              "other_margin": null,
              "sell_amount": 8925.800000000001,
              "exchange": "NSE",
              "net_quantity": 0,
              "token": "REDACTED",
              "average_price": 0,
              "client_id": "REDACTED",
              "cf_sell_average_price": 0,
              "cf_sell_quantity": 0,
              "pledged_quantity": 0,
              "cf_buy_quantity": 0,
              "cf_sell_amount": 0,
              "instrument_token": 2664,
              "previous_close": 1476.7,
              "trading_symbol": "PIDILITIND-EQ",
              "v_login_id": "S10272",
              "pro_cli": "CLIENT",
              "display_symbol": "PIDILITIND",
              "user_name": "REDACTED",
              "rmtm_sell_average_price": 1487.6333,
              "close_price": 0,
              "prod_type": 16,
              "multiplier": 1,
              "symbol": "PIDILITIND",
              "sell_quantity": 6,
              "segment": "Capital",
              "buy_quantity": 6,
              "cf_buy_amount": 0,
              "cf_buy_average_price": 0,
              "net_amount": 1.4000000000014552,
              "series": "EQ",
              "average_sell_price": 1487.6333333333334,
              "xe_uuid": "INE318A01026",
              "product": "MTF",
              "rmtm_buy_average_price": 1487.4,
              "buy_amount": 8924.4,
              "average_buy_price": 1487.3999999999999,
              "realized_mtm": 0
            },
            {
              "ltp": 614.2,
              "other_margin": null,
              "sell_amount": 12379.1,
              "exchange": "NSE",
              "net_quantity": 0,
              "token": "REDACTED",
              "average_price": 0,
              "client_id": "REDACTED",
              "cf_sell_average_price": 0,
              "cf_sell_quantity": 0,
              "pledged_quantity": 0,
              "cf_buy_quantity": 0,
              "cf_sell_amount": 0,
              "instrument_token": 19184,
              "previous_close": 616.35,
              "trading_symbol": "SFL-EQ",
              "v_login_id": "S10272",
              "pro_cli": "CLIENT",
              "display_symbol": "SFL",
              "user_name": "REDACTED",
              "rmtm_sell_average_price": 618.955,
              "close_price": 0,
              "prod_type": 16,
              "multiplier": 1,
              "symbol": "SFL",
              "sell_quantity": 20,
              "segment": "Capital",
              "buy_quantity": 20,
              "cf_buy_amount": 0,
              "cf_buy_average_price": 0,
              "net_amount": -12.099999999998545,
              "series": "EQ",
              "average_sell_price": 618.955,
              "xe_uuid": "INE916U01025",
              "product": "MTF",
              "rmtm_buy_average_price": 619.56,
              "buy_amount": 12391.199999999999,
              "average_buy_price": 619.56,
              "realized_mtm": -1
            },
            {
              "ltp": 2161.1,
              "other_margin": null,
              "sell_amount": 10772.8,
              "exchange": "NSE",
              "net_quantity": 0,
              "token": "REDACTED",
              "average_price": 0,
              "client_id": "REDACTED",
              "cf_sell_average_price": 0,
              "cf_sell_quantity": 0,
              "pledged_quantity": 0,
              "cf_buy_quantity": 0,
              "cf_sell_amount": 0,
              "instrument_token": 10604,
              "previous_close": 2159.8,
              "trading_symbol": "BHARTIARTL-EQ",
              "v_login_id": "S10272",
              "pro_cli": "CLIENT",
              "display_symbol": "BHARTIARTL",
              "user_name": "REDACTED",
              "rmtm_sell_average_price": 2154.56,
              "close_price": 0,
              "prod_type": 16,
              "multiplier": 1,
              "symbol": "BHARTIARTL",
              "sell_quantity": 5,
              "segment": "Capital",
              "buy_quantity": 5,
              "cf_buy_amount": 0,
              "cf_buy_average_price": 0,
              "net_amount": -0.4000000000014552,
              "series": "EQ",
              "average_sell_price": 2154.56,
              "xe_uuid": "INE397D01024",
              "product": "MTF",
              "rmtm_buy_average_price": 2154.64,
              "buy_amount": 10773.2,
              "average_buy_price": 2154.6400000000003,
              "realized_mtm": 0
            },
            {
              "ltp": 256,
              "other_margin": null,
              "sell_amount": 12558.95,
              "exchange": "NSE",
              "net_quantity": 0,
              "token": "REDACTED",
              "average_price": 0,
              "client_id": "REDACTED",
              "cf_sell_average_price": 0,
              "cf_sell_quantity": 0,
              "pledged_quantity": 0,
              "cf_buy_quantity": 0,
              "cf_sell_amount": 0,
              "instrument_token": 25426,
              "previous_close": 256.4,
              "trading_symbol": "NORTHARC-EQ",
              "v_login_id": "S10272",
              "pro_cli": "CLIENT",
              "display_symbol": "NORTHARC",
              "user_name": "REDACTED",
              "rmtm_sell_average_price": 256.3051,
              "close_price": 0,
              "prod_type": 16,
              "multiplier": 1,
              "symbol": "NORTHARC",
              "sell_quantity": 49,
              "segment": "Capital",
              "buy_quantity": 49,
              "cf_buy_amount": 0,
              "cf_buy_average_price": 0,
              "net_amount": -7.099999999998545,
              "series": "EQ",
              "average_sell_price": 256.30510204081634,
              "xe_uuid": "INE850M01015",
              "product": "MTF",
              "rmtm_buy_average_price": 256.45,
              "buy_amount": 12566.05,
              "average_buy_price": 256.45,
              "realized_mtm": 0
            },
            {
              "ltp": 507.75,
              "other_margin": null,
              "sell_amount": 12255.6,
              "exchange": "NSE",
              "net_quantity": 0,
              "token": "REDACTED",
              "average_price": 0,
              "client_id": "REDACTED",
              "cf_sell_average_price": 0,
              "cf_sell_quantity": 0,
              "pledged_quantity": 0,
              "cf_buy_quantity": 0,
              "cf_sell_amount": 0,
              "instrument_token": 17869,
              "previous_close": 513.65,
              "trading_symbol": "JSWENERGY-EQ",
              "v_login_id": "S10272",
              "pro_cli": "CLIENT",
              "display_symbol": "JSWENERGY",
              "user_name": "REDACTED",
              "rmtm_sell_average_price": 510.65,
              "close_price": 0,
              "prod_type": 16,
              "multiplier": 1,
              "symbol": "JSWENERGY",
              "sell_quantity": 24,
              "segment": "Capital",
              "buy_quantity": 24,
              "cf_buy_amount": 0,
              "cf_buy_average_price": 0,
              "net_amount": -7.199999999998909,
              "series": "EQ",
              "average_sell_price": 510.65000000000003,
              "xe_uuid": "INE121E01018",
              "product": "MTF",
              "rmtm_buy_average_price": 510.95,
              "buy_amount": 12262.8,
              "average_buy_price": 510.95,
              "realized_mtm": 0
            },
            {
              "ltp": 22.68,
              "other_margin": null,
              "sell_amount": 0,
              "exchange": "NSE",
              "net_quantity": 1,
              "token": "REDACTED",
              "average_price": 0,
              "client_id": "REDACTED",
              "cf_sell_average_price": 0,
              "cf_sell_quantity": 0,
              "pledged_quantity": 0,
              "cf_buy_quantity": 0,
              "cf_sell_amount": 0,
              "instrument_token": 11915,
              "previous_close": 22.93,
              "trading_symbol": "YESBANK-EQ",
              "v_login_id": "S10272",
              "pro_cli": "CLIENT",
              "display_symbol": "YESBANK",
              "user_name": "REDACTED",
              "rmtm_sell_average_price": 0,
              "close_price": 0,
              "prod_type": 1,
              "multiplier": 1,
              "symbol": "YESBANK",
              "sell_quantity": 0,
              "segment": "Capital",
              "buy_quantity": 1,
              "cf_buy_amount": 0,
              "cf_buy_average_price": 0,
              "net_amount": -22.69,
              "series": "EQ",
              "average_sell_price": 0,
              "xe_uuid": "INE528G01035",
              "product": "CNC",
              "rmtm_buy_average_price": 22.69,
              "buy_amount": 22.69,
              "average_buy_price": 22.69,
              "realized_mtm": 0
            },
            {
              "ltp": 10.3,
              "other_margin": null,
              "sell_amount": 0,
              "exchange": "NSE",
              "net_quantity": 2,
              "token": "REDACTED",
              "average_price": 0,
              "client_id": "REDACTED",
              "cf_sell_average_price": 0,
              "cf_sell_quantity": 0,
              "pledged_quantity": 0,
              "cf_buy_quantity": 0,
              "cf_sell_amount": 0,
              "instrument_token": 15308,
              "previous_close": 10.51,
              "trading_symbol": "SEPC-EQ",
              "v_login_id": "S10272",
              "pro_cli": "CLIENT",
              "display_symbol": "SEPC",
              "user_name": "REDACTED",
              "rmtm_sell_average_price": 0,
              "close_price": 0,
              "prod_type": 1,
              "multiplier": 1,
              "symbol": "SEPC",
              "sell_quantity": 0,
              "segment": "Capital",
              "buy_quantity": 2,
              "cf_buy_amount": 0,
              "cf_buy_average_price": 0,
              "net_amount": -20.52,
              "series": "EQ",
              "average_sell_price": 0,
              "xe_uuid": "INE964H01014",
              "product": "CNC",
              "rmtm_buy_average_price": 10.26,
              "buy_amount": 20.52,
              "average_buy_price": 10.26,
              "realized_mtm": 0
            },
            {
              "ltp": 296.11,
              "other_margin": null,
              "sell_amount": 0,
              "exchange": "NSE",
              "net_quantity": 1,
              "token": "REDACTED",
              "average_price": 0,
              "client_id": "REDACTED",
              "cf_sell_average_price": 0,
              "cf_sell_quantity": 0,
              "pledged_quantity": 0,
              "cf_buy_quantity": 0,
              "cf_sell_amount": 0,
              "instrument_token": 10576,
              "previous_close": 294.37,
              "trading_symbol": "NIFTYBEES-EQ",
              "v_login_id": "S10272",
              "pro_cli": "CLIENT",
              "display_symbol": "NIFTYBEES",
              "user_name": "REDACTED",
              "rmtm_sell_average_price": 0,
              "close_price": 0,
              "prod_type": 1,
              "multiplier": 1,
              "symbol": "NIFTYBEES",
              "sell_quantity": 0,
              "segment": "Capital",
              "buy_quantity": 1,
              "cf_buy_amount": 0,
              "cf_buy_average_price": 0,
              "net_amount": -296.08,
              "series": "EQ",
              "average_sell_price": 0,
              "xe_uuid": "INF204KB14I2",
              "product": "CNC",
              "rmtm_buy_average_price": 296.08,
              "buy_amount": 296.08,
              "average_buy_price": 296.08,
              "realized_mtm": 0
            },
            {
              "ltp": 101.06,
              "other_margin": null,
              "sell_amount": 0,
              "exchange": "NSE",
              "net_quantity": 1,
              "token": "REDACTED",
              "average_price": 0,
              "client_id": "REDACTED",
              "cf_sell_average_price": 0,
              "cf_sell_quantity": 0,
              "pledged_quantity": 0,
              "cf_buy_quantity": 0,
              "cf_sell_amount": 0,
              "instrument_token": 14428,
              "previous_close": 102.23,
              "trading_symbol": "GOLDBEES-EQ",
              "v_login_id": "S10272",
              "pro_cli": "CLIENT",
              "display_symbol": "GOLDBEES",
              "user_name": "REDACTED",
              "rmtm_sell_average_price": 0,
              "close_price": 0,
              "prod_type": 1,
              "multiplier": 1,
              "symbol": "GOLDBEES",
              "sell_quantity": 0,
              "segment": "Capital",
              "buy_quantity": 1,
              "cf_buy_amount": 0,
              "cf_buy_average_price": 0,
              "net_amount": -101.1,
              "series": "EQ",
              "average_sell_price": 0,
              "xe_uuid": "INF204KB17I5",
              "product": "CNC",
              "rmtm_buy_average_price": 101.1,
              "buy_amount": 101.1,
              "average_buy_price": 101.1,
              "realized_mtm": 0
            }
          ],
          "message": "",
          "status": "success"
        }
      },
      "responseString": {
        "data": [
          {
            "ltp": 79.01,
            "other_margin": null,
            "sell_amount": 12824.1,
            "exchange": "NSE",
            "net_quantity": 0,
            "token": "REDACTED",
            "average_price": 0,
            "client_id": "REDACTED",
            "cf_sell_average_price": 0,
            "cf_sell_quantity": 0,
            "pledged_quantity": 0,
            "cf_buy_quantity": 0,
            "cf_sell_amount": 0,
            "instrument_token": 11184,
            "previous_close": 79.61,
            "trading_symbol": "IDFCFIRSTB-EQ",
            "v_login_id": "S10272",
            "pro_cli": "CLIENT",
            "display_symbol": "IDFCFIRSTB",
            "user_name": "REDACTED",
            "rmtm_sell_average_price": 79.6528,
            "close_price": 0,
            "prod_type": 16,
            "multiplier": 1,
            "symbol": "IDFCFIRSTB",
            "sell_quantity": 161,
            "segment": "Capital",
            "buy_quantity": 161,
            "cf_buy_amount": 0,
            "cf_buy_average_price": 0,
            "net_amount": -10.510000000000218,
            "series": "EQ",
            "average_sell_price": 79.6527950310559,
            "xe_uuid": "INE092T01019",
            "product": "MTF",
            "rmtm_buy_average_price": 79.7181,
            "buy_amount": 12834.61,
            "average_buy_price": 79.71807453416149,
            "realized_mtm": -1
          },
          {
            "ltp": 1038.7,
            "other_margin": null,
            "sell_amount": 11381.7,
            "exchange": "NSE",
            "net_quantity": 0,
            "token": "REDACTED",
            "average_price": 0,
            "client_id": "REDACTED",
            "cf_sell_average_price": 0,
            "cf_sell_quantity": 0,
            "pledged_quantity": 0,
            "cf_buy_quantity": 0,
            "cf_sell_amount": 0,
            "instrument_token": 20854,
            "previous_close": 1033.5,
            "trading_symbol": "HAPPYFORGE-EQ",
            "v_login_id": "S10272",
            "pro_cli": "CLIENT",
            "display_symbol": "HAPPYFORGE",
            "user_name": "REDACTED",
            "rmtm_sell_average_price": 1034.7,
            "close_price": 0,
            "prod_type": 16,
            "multiplier": 1,
            "symbol": "HAPPYFORGE",
            "sell_quantity": 11,
            "segment": "Capital",
            "buy_quantity": 11,
            "cf_buy_amount": 0,
            "cf_buy_average_price": 0,
            "net_amount": -16.099999999998545,
            "series": "EQ",
            "average_sell_price": 1034.7,
            "xe_uuid": "INE330T01021",
            "product": "MTF",
            "rmtm_buy_average_price": 1036.1636,
            "buy_amount": 11397.8,
            "average_buy_price": 1036.1636363636362,
            "realized_mtm": -1
          },
          {
            "ltp": 4032.7,
            "other_margin": null,
            "sell_amount": 12070.9,
            "exchange": "NSE",
            "net_quantity": 0,
            "token": "REDACTED",
            "average_price": 0,
            "client_id": "REDACTED",
            "cf_sell_average_price": 0,
            "cf_sell_quantity": 0,
            "pledged_quantity": 0,
            "cf_buy_quantity": 0,
            "cf_sell_amount": 0,
            "instrument_token": 11483,
            "previous_close": 4019.6,
            "trading_symbol": "LT-EQ",
            "v_login_id": "S10272",
            "pro_cli": "CLIENT",
            "display_symbol": "LT",
            "user_name": "REDACTED",
            "rmtm_sell_average_price": 4023.6333,
            "close_price": 0,
            "prod_type": 16,
            "multiplier": 1,
            "symbol": "LT",
            "sell_quantity": 3,
            "segment": "Capital",
            "buy_quantity": 3,
            "cf_buy_amount": 0,
            "cf_buy_average_price": 0,
            "net_amount": -7.5,
            "series": "EQ",
            "average_sell_price": 4023.633333333333,
            "xe_uuid": "INE018A01030",
            "product": "MTF",
            "rmtm_buy_average_price": 4026.1333,
            "buy_amount": 12078.4,
            "average_buy_price": 4026.133333333333,
            "realized_mtm": -1
          },
          {
            "ltp": 503.95,
            "other_margin": null,
            "sell_amount": 12092.849999999999,
            "exchange": "NSE",
            "net_quantity": 0,
            "token": "REDACTED",
            "average_price": 0,
            "client_id": "REDACTED",
            "cf_sell_average_price": 0,
            "cf_sell_quantity": 0,
            "pledged_quantity": 0,
            "cf_buy_quantity": 0,
            "cf_sell_amount": 0,
            "instrument_token": 9356,
            "previous_close": 500.95,
            "trading_symbol": "MSTCLTD-EQ",
            "v_login_id": "S10272",
            "pro_cli": "CLIENT",
            "display_symbol": "MSTCLTD",
            "user_name": "REDACTED",
            "rmtm_sell_average_price": 503.8687,
            "close_price": 0,
            "prod_type": 16,
            "multiplier": 1,
            "symbol": "MSTCLTD",
            "sell_quantity": 24,
            "segment": "Capital",
            "buy_quantity": 24,
            "cf_buy_amount": 0,
            "cf_buy_average_price": 0,
            "net_amount": -10.350000000002183,
            "series": "EQ",
            "average_sell_price": 503.8687499999999,
            "xe_uuid": "INE255X01014",
            "product": "MTF",
            "rmtm_buy_average_price": 504.3,
            "buy_amount": 12103.2,
            "average_buy_price": 504.3,
            "realized_mtm": -1
          },
          {
            "ltp": 1491.6,
            "other_margin": null,
            "sell_amount": 8925.800000000001,
            "exchange": "NSE",
            "net_quantity": 0,
            "token": "REDACTED",
            "average_price": 0,
            "client_id": "REDACTED",
            "cf_sell_average_price": 0,
            "cf_sell_quantity": 0,
            "pledged_quantity": 0,
            "cf_buy_quantity": 0,
            "cf_sell_amount": 0,
            "instrument_token": 2664,
            "previous_close": 1476.7,
            "trading_symbol": "PIDILITIND-EQ",
            "v_login_id": "S10272",
            "pro_cli": "CLIENT",
            "display_symbol": "PIDILITIND",
            "user_name": "REDACTED",
            "rmtm_sell_average_price": 1487.6333,
            "close_price": 0,
            "prod_type": 16,
            "multiplier": 1,
            "symbol": "PIDILITIND",
            "sell_quantity": 6,
            "segment": "Capital",
            "buy_quantity": 6,
            "cf_buy_amount": 0,
            "cf_buy_average_price": 0,
            "net_amount": 1.4000000000014552,
            "series": "EQ",
            "average_sell_price": 1487.6333333333334,
            "xe_uuid": "INE318A01026",
            "product": "MTF",
            "rmtm_buy_average_price": 1487.4,
            "buy_amount": 8924.4,
            "average_buy_price": 1487.3999999999999,
            "realized_mtm": 0
          },
          {
            "ltp": 614.2,
            "other_margin": null,
            "sell_amount": 12379.1,
            "exchange": "NSE",
            "net_quantity": 0,
            "token": "REDACTED",
            "average_price": 0,
            "client_id": "REDACTED",
            "cf_sell_average_price": 0,
            "cf_sell_quantity": 0,
            "pledged_quantity": 0,
            "cf_buy_quantity": 0,
            "cf_sell_amount": 0,
            "instrument_token": 19184,
            "previous_close": 616.35,
            "trading_symbol": "SFL-EQ",
            "v_login_id": "S10272",
            "pro_cli": "CLIENT",
            "display_symbol": "SFL",
            "user_name": "REDACTED",
            "rmtm_sell_average_price": 618.955,
            "close_price": 0,
            "prod_type": 16,
            "multiplier": 1,
            "symbol": "SFL",
            "sell_quantity": 20,
            "segment": "Capital",
            "buy_quantity": 20,
            "cf_buy_amount": 0,
            "cf_buy_average_price": 0,
            "net_amount": -12.099999999998545,
            "series": "EQ",
            "average_sell_price": 618.955,
            "xe_uuid": "INE916U01025",
            "product": "MTF",
            "rmtm_buy_average_price": 619.56,
            "buy_amount": 12391.199999999999,
            "average_buy_price": 619.56,
            "realized_mtm": -1
          },
          {
            "ltp": 2161.1,
            "other_margin": null,
            "sell_amount": 10772.8,
            "exchange": "NSE",
            "net_quantity": 0,
            "token": "REDACTED",
            "average_price": 0,
            "client_id": "REDACTED",
            "cf_sell_average_price": 0,
            "cf_sell_quantity": 0,
            "pledged_quantity": 0,
            "cf_buy_quantity": 0,
            "cf_sell_amount": 0,
            "instrument_token": 10604,
            "previous_close": 2159.8,
            "trading_symbol": "BHARTIARTL-EQ",
            "v_login_id": "S10272",
            "pro_cli": "CLIENT",
            "display_symbol": "BHARTIARTL",
            "user_name": "REDACTED",
            "rmtm_sell_average_price": 2154.56,
            "close_price": 0,
            "prod_type": 16,
            "multiplier": 1,
            "symbol": "BHARTIARTL",
            "sell_quantity": 5,
            "segment": "Capital",
            "buy_quantity": 5,
            "cf_buy_amount": 0,
            "cf_buy_average_price": 0,
            "net_amount": -0.4000000000014552,
            "series": "EQ",
            "average_sell_price": 2154.56,
            "xe_uuid": "INE397D01024",
            "product": "MTF",
            "rmtm_buy_average_price": 2154.64,
            "buy_amount": 10773.2,
            "average_buy_price": 2154.6400000000003,
            "realized_mtm": 0
          },
          {
            "ltp": 256,
            "other_margin": null,
            "sell_amount": 12558.95,
            "exchange": "NSE",
            "net_quantity": 0,
            "token": "REDACTED",
            "average_price": 0,
            "client_id": "REDACTED",
            "cf_sell_average_price": 0,
            "cf_sell_quantity": 0,
            "pledged_quantity": 0,
            "cf_buy_quantity": 0,
            "cf_sell_amount": 0,
            "instrument_token": 25426,
            "previous_close": 256.4,
            "trading_symbol": "NORTHARC-EQ",
            "v_login_id": "S10272",
            "pro_cli": "CLIENT",
            "display_symbol": "NORTHARC",
            "user_name": "REDACTED",
            "rmtm_sell_average_price": 256.3051,
            "close_price": 0,
            "prod_type": 16,
            "multiplier": 1,
            "symbol": "NORTHARC",
            "sell_quantity": 49,
            "segment": "Capital",
            "buy_quantity": 49,
            "cf_buy_amount": 0,
            "cf_buy_average_price": 0,
            "net_amount": -7.099999999998545,
            "series": "EQ",
            "average_sell_price": 256.30510204081634,
            "xe_uuid": "INE850M01015",
            "product": "MTF",
            "rmtm_buy_average_price": 256.45,
            "buy_amount": 12566.05,
            "average_buy_price": 256.45,
            "realized_mtm": 0
          },
          {
            "ltp": 507.75,
            "other_margin": null,
            "sell_amount": 12255.6,
            "exchange": "NSE",
            "net_quantity": 0,
            "token": "REDACTED",
            "average_price": 0,
            "client_id": "REDACTED",
            "cf_sell_average_price": 0,
            "cf_sell_quantity": 0,
            "pledged_quantity": 0,
            "cf_buy_quantity": 0,
            "cf_sell_amount": 0,
            "instrument_token": 17869,
            "previous_close": 513.65,
            "trading_symbol": "JSWENERGY-EQ",
            "v_login_id": "S10272",
            "pro_cli": "CLIENT",
            "display_symbol": "JSWENERGY",
            "user_name": "REDACTED",
            "rmtm_sell_average_price": 510.65,
            "close_price": 0,
            "prod_type": 16,
            "multiplier": 1,
            "symbol": "JSWENERGY",
            "sell_quantity": 24,
            "segment": "Capital",
            "buy_quantity": 24,
            "cf_buy_amount": 0,
            "cf_buy_average_price": 0,
            "net_amount": -7.199999999998909,
            "series": "EQ",
            "average_sell_price": 510.65000000000003,
            "xe_uuid": "INE121E01018",
            "product": "MTF",
            "rmtm_buy_average_price": 510.95,
            "buy_amount": 12262.8,
            "average_buy_price": 510.95,
            "realized_mtm": 0
          },
          {
            "ltp": 22.68,
            "other_margin": null,
            "sell_amount": 0,
            "exchange": "NSE",
            "net_quantity": 1,
            "token": "REDACTED",
            "average_price": 0,
            "client_id": "REDACTED",
            "cf_sell_average_price": 0,
            "cf_sell_quantity": 0,
            "pledged_quantity": 0,
            "cf_buy_quantity": 0,
            "cf_sell_amount": 0,
            "instrument_token": 11915,
            "previous_close": 22.93,
            "trading_symbol": "YESBANK-EQ",
            "v_login_id": "S10272",
            "pro_cli": "CLIENT",
            "display_symbol": "YESBANK",
            "user_name": "REDACTED",
            "rmtm_sell_average_price": 0,
            "close_price": 0,
            "prod_type": 1,
            "multiplier": 1,
            "symbol": "YESBANK",
            "sell_quantity": 0,
            "segment": "Capital",
            "buy_quantity": 1,
            "cf_buy_amount": 0,
            "cf_buy_average_price": 0,
            "net_amount": -22.69,
            "series": "EQ",
            "average_sell_price": 0,
            "xe_uuid": "INE528G01035",
            "product": "CNC",
            "rmtm_buy_average_price": 22.69,
            "buy_amount": 22.69,
            "average_buy_price": 22.69,
            "realized_mtm": 0
          },
          {
            "ltp": 10.3,
            "other_margin": null,
            "sell_amount": 0,
            "exchange": "NSE",
            "net_quantity": 2,
            "token": "REDACTED",
            "average_price": 0,
            "client_id": "REDACTED",
            "cf_sell_average_price": 0,
            "cf_sell_quantity": 0,
            "pledged_quantity": 0,
            "cf_buy_quantity": 0,
            "cf_sell_amount": 0,
            "instrument_token": 15308,
            "previous_close": 10.51,
            "trading_symbol": "SEPC-EQ",
            "v_login_id": "S10272",
            "pro_cli": "CLIENT",
            "display_symbol": "SEPC",
            "user_name": "REDACTED",
            "rmtm_sell_average_price": 0,
            "close_price": 0,
            "prod_type": 1,
            "multiplier": 1,
            "symbol": "SEPC",
            "sell_quantity": 0,
            "segment": "Capital",
            "buy_quantity": 2,
            "cf_buy_amount": 0,
            "cf_buy_average_price": 0,
            "net_amount": -20.52,
            "series": "EQ",
            "average_sell_price": 0,
            "xe_uuid": "INE964H01014",
            "product": "CNC",
            "rmtm_buy_average_price": 10.26,
            "buy_amount": 20.52,
            "average_buy_price": 10.26,
            "realized_mtm": 0
          },
          {
            "ltp": 296.11,
            "other_margin": null,
            "sell_amount": 0,
            "exchange": "NSE",
            "net_quantity": 1,
            "token": "REDACTED",
            "average_price": 0,
            "client_id": "REDACTED",
            "cf_sell_average_price": 0,
            "cf_sell_quantity": 0,
            "pledged_quantity": 0,
            "cf_buy_quantity": 0,
            "cf_sell_amount": 0,
            "instrument_token": 10576,
            "previous_close": 294.37,
            "trading_symbol": "NIFTYBEES-EQ",
            "v_login_id": "S10272",
            "pro_cli": "CLIENT",
            "display_symbol": "NIFTYBEES",
            "user_name": "REDACTED",
            "rmtm_sell_average_price": 0,
            "close_price": 0,
            "prod_type": 1,
            "multiplier": 1,
            "symbol": "NIFTYBEES",
            "sell_quantity": 0,
            "segment": "Capital",
            "buy_quantity": 1,
            "cf_buy_amount": 0,
            "cf_buy_average_price": 0,
            "net_amount": -296.08,
            "series": "EQ",
            "average_sell_price": 0,
            "xe_uuid": "INF204KB14I2",
            "product": "CNC",
            "rmtm_buy_average_price": 296.08,
            "buy_amount": 296.08,
            "average_buy_price": 296.08,
            "realized_mtm": 0
          },
          {
            "ltp": 101.06,
            "other_margin": null,
            "sell_amount": 0,
            "exchange": "NSE",
            "net_quantity": 1,
            "token": "REDACTED",
            "average_price": 0,
            "client_id": "REDACTED",
            "cf_sell_average_price": 0,
            "cf_sell_quantity": 0,
            "pledged_quantity": 0,
            "cf_buy_quantity": 0,
            "cf_sell_amount": 0,
            "instrument_token": 14428,
            "previous_close": 102.23,
            "trading_symbol": "GOLDBEES-EQ",
            "v_login_id": "S10272",
            "pro_cli": "CLIENT",
            "display_symbol": "GOLDBEES",
            "user_name": "REDACTED",
            "rmtm_sell_average_price": 0,
            "close_price": 0,
            "prod_type": 1,
            "multiplier": 1,
            "symbol": "GOLDBEES",
            "sell_quantity": 0,
            "segment": "Capital",
            "buy_quantity": 1,
            "cf_buy_amount": 0,
            "cf_buy_average_price": 0,
            "net_amount": -101.1,
            "series": "EQ",
            "average_sell_price": 0,
            "xe_uuid": "INF204KB17I5",
            "product": "CNC",
            "rmtm_buy_average_price": 101.1,
            "buy_amount": 101.1,
            "average_buy_price": 101.1,
            "realized_mtm": 0
          }
        ],
        "message": "",
        "status": "success"
      }
    },
    "userId": "69044940460b987a8555aba0",
    "brokerFunctionLogId": "428e0d03-81cb-48da-b61e-7d3d63825500",
    "functionName": "Portfolio.liveHoldings",
    "brokerName": "hdfcsky"
  },
  "reqId": "156512d0-c5ea-11f0-b207-ab18fd81b8ce",
  "msg": "",
  "time": "2025-11-20T08:22:42.232Z",
  "v": 0
},
{
  "name": "sc.service.sc-integrations-brokers-api",
  "version": "3.8.9",
  "hostname": "ip-10-137-0-149",
  "pid": 2795,
  "type": "SC_BROKER",
  "level": 30,
  "context": {
    "broker": "hdfcsky",
    "msg": "Successful request",
    "details": {
      "request": {
        "url": "https://developer.hdfcsky.com/oapi/v1/holdings?api_key=1bc928ff1ce54970b0a2f2ae4740dc77&client_id=S10272",
        "method": "GET",
        "headers": {
          "Authorization": "REDACTED",
          "Content-Type": "application/json"
        },
        "timeout": 20000
      },
      "userId": "S10272",
      "accessToken": "REDACTED",
      "response": {
        "statusCode": 200,
        "body": {
          "data": {
            "holdings": [
              {
                "instrument_details": {
                  "exchange": 1,
                  "instrument_name": "EQ",
                  "instrument_token": 11915,
                  "trading_symbol": "YESBANK-EQ"
                },
                "client_id": "REDACTED",
                "exchange": "NSE",
                "pledge_value": 0,
                "t1_quantity": 0,
                "net_holding_quantity": 7,
                "buy_avg": 22.93,
                "squared_off_pledge_quantity": 0,
                "previous_close": 22.93,
                "t0_price": 0,
                "today_pledge_quantity": 0,
                "symbol": "YESBANK",
                "actual_buy_avg": 22.93,
                "token": "REDACTED",
                "pledge_percentage": 70,
                "buy_avg_mtm": -1.75,
                "trading_symbol": "YESBANK",
                "used_quantity": 0,
                "pledge_allow": true,
                "t2_quantity": 0,
                "squared_off_free_quantity": 0,
                "today_unpledge_quantity": 0,
                "isin": "INE528G01035",
                "pms_quantity": 7,
                "ltp": 22.68,
                "pending_quantity": 4,
                "t0_quantity": 0,
                "free_quantity": 3,
                "transaction_type": "",
                "branch_code": "",
                "pledge_quantity": 0,
                "quantity": 7,
                "t2_price": 0,
                "t1_price": 0
              }
            ]
          },
          "message": "",
          "status": "success"
        }
      },
      "responseString": {
        "data": {
          "holdings": [
            {
              "instrument_details": {
                "exchange": 1,
                "instrument_name": "EQ",
                "instrument_token": 11915,
                "trading_symbol": "YESBANK-EQ"
              },
              "client_id": "REDACTED",
              "exchange": "NSE",
              "pledge_value": 0,
              "t1_quantity": 0,
              "net_holding_quantity": 7,
              "buy_avg": 22.93,
              "squared_off_pledge_quantity": 0,
              "previous_close": 22.93,
              "t0_price": 0,
              "today_pledge_quantity": 0,
              "symbol": "YESBANK",
              "actual_buy_avg": 22.93,
              "token": "REDACTED",
              "pledge_percentage": 70,
              "buy_avg_mtm": -1.75,
              "trading_symbol": "YESBANK",
              "used_quantity": 0,
              "pledge_allow": true,
              "t2_quantity": 0,
              "squared_off_free_quantity": 0,
              "today_unpledge_quantity": 0,
              "isin": "INE528G01035",
              "pms_quantity": 7,
              "ltp": 22.68,
              "pending_quantity": 4,
              "t0_quantity": 0,
              "free_quantity": 3,
              "transaction_type": "",
              "branch_code": "",
              "pledge_quantity": 0,
              "quantity": 7,
              "t2_price": 0,
              "t1_price": 0
            }
          ]
        },
        "message": "",
        "status": "success"
      }
    },
    "userId": "69044940460b987a8555aba0",
    "brokerFunctionLogId": "428e0d03-81cb-48da-b61e-7d3d63825500",
    "functionName": "Portfolio.liveHoldings",
    "brokerName": "hdfcsky"
  },
  "reqId": "156512d0-c5ea-11f0-b207-ab18fd81b8ce",
  "msg": "",
  "time": "2025-11-20T08:22:42.094Z",
  "v": 0
},
{
  "name": "sc.service.sc-integrations-brokers-api",
  "version": "3.8.9",
  "hostname": "ip-10-137-0-149",
  "pid": 2788,
  "type": "SC_BROKER",
  "level": 30,
  "context": {
    "options": {
      "accessToken": "REDACTED",
      "apiKey": "REDACTED",
      "apiSecret": "REDACTED",
      "buyAmount": 0,
      "sellAmount": 0,
      "stocksCount": 0
    },
    "response": {
      "error": null,
      "response": {
        "code": true,
        "reason": "success",
        "sufficientFunds": true,
        "requiredFunds": 0,
        "allowedSellValues": {
          "T0": 0,
          "T1": 1
        }
      }
    },
    "user": {
      "id": "69044940460b987a8555aba0"
    },
    "brokerFunctionLogId": "a300246f-a78d-49bf-8f87-b920b133afac",
    "brokerApi": {
      "functionName": "Funds.check",
      "brokerName": "hdfcsky"
    }
  },
  "reqId": "1566e790-c5ea-11f0-91ef-b7bae078c130",
  "msg": "broker lib function response recieved",
  "time": "2025-11-20T08:22:42.059Z",
  "v": 0
},
{
  "name": "sc.service.sc-integrations-brokers-api",
  "version": "3.8.9",
  "hostname": "ip-10-137-0-149",
  "pid": 2795,
  "type": "SC_BROKER",
  "level": 30,
  "context": {
    "options": {
      "accessToken": "REDACTED",
      "segment": "equity",
      "apiKey": "REDACTED",
      "apiSecret": "REDACTED"
    },
    "response": {
      "error": null,
      "response": {
        "code": false,
        "reason": "failure",
        "statusCode": 501
      }
    },
    "userId": "69044940460b987a8555aba0",
    "brokerFunctionLogId": "ea2db3a2-28e8-4c17-93be-48c7e83fd258",
    "brokerApi": {
      "functionName": "Funds.get",
      "brokerName": "hdfcsky"
    }
  },
  "reqId": "15638c30-c5ea-11f0-b207-ab18fd81b8ce",
  "msg": "broker lib function response recieved",
  "time": "2025-11-20T08:22:42.037Z",
  "v": 0
},
{
  "name": "sc.service.sc-integrations-brokers-api",
  "version": "3.8.9",
  "hostname": "ip-10-137-0-149",
  "pid": 2795,
  "type": "SC_BROKER",
  "level": 30,
  "context": {
    "options": {
      "accessToken": "REDACTED",
      "brokeruserId": "S10272",
      "gateway": true,
      "apiKey": "REDACTED",
      "apiSecret": "REDACTED"
    },
    "response": {
      "error": null,
      "response": {
        "code": true,
        "reason": "success",
        "payload": [
          {
            "isin": "INE528G01035",
            "tradingsymbol": "YESBANK",
            "brokersymbol": "11915",
            "quantity": 7,
            "averagePrice": 22.93,
            "exchange": "NSE",
            "authorisedQuantity": 7
          },
          {
            "isin": "INE092T01019",
            "tradingsymbol": "IDFCFIRSTB-EQ",
            "brokersymbol": "11184",
            "quantity": 0,
            "averagePrice": null,
            "exchange": "NSE"
          },
          {
            "isin": "INE330T01021",
            "tradingsymbol": "HAPPYFORGE-EQ",
            "brokersymbol": "20854",
            "quantity": 0,
            "averagePrice": null,
            "exchange": "NSE"
          },
          {
            "isin": "INE018A01030",
            "tradingsymbol": "LT-EQ",
            "brokersymbol": "11483",
            "quantity": 0,
            "averagePrice": null,
            "exchange": "NSE"
          },
          {
            "isin": "INE255X01014",
            "tradingsymbol": "MSTCLTD-EQ",
            "brokersymbol": "9356",
            "quantity": 0,
            "averagePrice": null,
            "exchange": "NSE"
          },
          {
            "isin": "INE318A01026",
            "tradingsymbol": "PIDILITIND-EQ",
            "brokersymbol": "2664",
            "quantity": 0,
            "averagePrice": null,
            "exchange": "NSE"
          },
          {
            "isin": "INE916U01025",
            "tradingsymbol": "SFL-EQ",
            "brokersymbol": "19184",
            "quantity": 0,
            "averagePrice": null,
            "exchange": "NSE"
          },
          {
            "isin": "INE397D01024",
            "tradingsymbol": "BHARTIARTL-EQ",
            "brokersymbol": "10604",
            "quantity": 0,
            "averagePrice": null,
            "exchange": "NSE"
          },
          {
            "isin": "INE850M01015",
            "tradingsymbol": "NORTHARC-EQ",
            "brokersymbol": "25426",
            "quantity": 0,
            "averagePrice": null,
            "exchange": "NSE"
          },
          {
            "isin": "INE121E01018",
            "tradingsymbol": "JSWENERGY-EQ",
            "brokersymbol": "17869",
            "quantity": 0,
            "averagePrice": null,
            "exchange": "NSE"
          },
          {
            "isin": "INE528G01035",
            "tradingsymbol": "YESBANK-EQ",
            "brokersymbol": "11915",
            "quantity": 1,
            "averagePrice": 22.69,
            "exchange": "NSE"
          },
          {
            "isin": "INE964H01014",
            "tradingsymbol": "SEPC-EQ",
            "brokersymbol": "15308",
            "quantity": 2,
            "averagePrice": 10.26,
            "exchange": "NSE"
          },
          {
            "isin": "INF204KB14I2",
            "tradingsymbol": "NIFTYBEES-EQ",
            "brokersymbol": "10576",
            "quantity": 1,
            "averagePrice": 296.08,
            "exchange": "NSE"
          },
          {
            "isin": "INF204KB17I5",
            "tradingsymbol": "GOLDBEES-EQ",
            "brokersymbol": "14428",
            "quantity": 1,
            "averagePrice": 101.1,
            "exchange": "NSE"
          }
        ]
      }
    },
    "userId": "69044940460b987a8555aba0",
    "brokerFunctionLogId": "d4e0af70-aac8-4717-830a-cb8af127e1bf",
    "brokerApi": {
      "functionName": "Portfolio.liveHoldings",
      "brokerName": "hdfcsky"
    }
  },
  "reqId": "1538aba0-c5ea-11f0-b207-ab18fd81b8ce",
  "msg": "broker lib function response recieved",
  "time": "2025-11-20T08:22:41.959Z",
  "v": 0
},
{
  "name": "sc.service.sc-integrations-brokers-api",
  "version": "3.8.9",
  "hostname": "ip-10-137-0-149",
  "pid": 2795,
  "type": "SC_BROKER",
  "level": 30,
  "context": {
    "broker": "hdfcsky",
    "msg": "Successful request",
    "details": {
      "request": {
        "url": "https://developer.hdfcsky.com/oapi/v1/positions?api_key=1bc928ff1ce54970b0a2f2ae4740dc77&client_id=S10272&type=historical",
        "method": "GET",
        "headers": {
          "Authorization": "REDACTED",
          "Content-Type": "application/json"
        },
        "timeout": 20000
      },
      "userId": "S10272",
      "accessToken": "REDACTED",
      "response": {
        "statusCode": 200,
        "body": {
          "data": [
            {
              "ltp": 79.01,
              "other_margin": null,
              "sell_amount": 12824.1,
              "exchange": "NSE",
              "net_quantity": 0,
              "token": "REDACTED",
              "average_price": 0,
              "client_id": "REDACTED",
              "cf_sell_average_price": 0,
              "cf_sell_quantity": 0,
              "pledged_quantity": 0,
              "cf_buy_quantity": 0,
              "cf_sell_amount": 0,
              "instrument_token": 11184,
              "previous_close": 79.61,
              "trading_symbol": "IDFCFIRSTB-EQ",
              "v_login_id": "S10272",
              "pro_cli": "CLIENT",
              "display_symbol": "IDFCFIRSTB",
              "user_name": "REDACTED",
              "rmtm_sell_average_price": 79.6528,
              "close_price": 0,
              "prod_type": 16,
              "multiplier": 1,
              "symbol": "IDFCFIRSTB",
              "sell_quantity": 161,
              "segment": "Capital",
              "buy_quantity": 161,
              "cf_buy_amount": 0,
              "cf_buy_average_price": 0,
              "net_amount": -10.510000000000218,
              "series": "EQ",
              "average_sell_price": 79.6527950310559,
              "xe_uuid": "INE092T01019",
              "product": "MTF",
              "rmtm_buy_average_price": 79.7181,
              "buy_amount": 12834.61,
              "average_buy_price": 79.71807453416149,
              "realized_mtm": -1
            },
            {
              "ltp": 1038.7,
              "other_margin": null,
              "sell_amount": 11381.7,
              "exchange": "NSE",
              "net_quantity": 0,
              "token": "REDACTED",
              "average_price": 0,
              "client_id": "REDACTED",
              "cf_sell_average_price": 0,
              "cf_sell_quantity": 0,
              "pledged_quantity": 0,
              "cf_buy_quantity": 0,
              "cf_sell_amount": 0,
              "instrument_token": 20854,
              "previous_close": 1033.5,
              "trading_symbol": "HAPPYFORGE-EQ",
              "v_login_id": "S10272",
              "pro_cli": "CLIENT",
              "display_symbol": "HAPPYFORGE",
              "user_name": "REDACTED",
              "rmtm_sell_average_price": 1034.7,
              "close_price": 0,
              "prod_type": 16,
              "multiplier": 1,
              "symbol": "HAPPYFORGE",
              "sell_quantity": 11,
              "segment": "Capital",
              "buy_quantity": 11,
              "cf_buy_amount": 0,
              "cf_buy_average_price": 0,
              "net_amount": -16.099999999998545,
              "series": "EQ",
              "average_sell_price": 1034.7,
              "xe_uuid": "INE330T01021",
              "product": "MTF",
              "rmtm_buy_average_price": 1036.1636,
              "buy_amount": 11397.8,
              "average_buy_price": 1036.1636363636362,
              "realized_mtm": -1
            },
            {
              "ltp": 4032.7,
              "other_margin": null,
              "sell_amount": 12070.9,
              "exchange": "NSE",
              "net_quantity": 0,
              "token": "REDACTED",
              "average_price": 0,
              "client_id": "REDACTED",
              "cf_sell_average_price": 0,
              "cf_sell_quantity": 0,
              "pledged_quantity": 0,
              "cf_buy_quantity": 0,
              "cf_sell_amount": 0,
              "instrument_token": 11483,
              "previous_close": 4019.6,
              "trading_symbol": "LT-EQ",
              "v_login_id": "S10272",
              "pro_cli": "CLIENT",
              "display_symbol": "LT",
              "user_name": "REDACTED",
              "rmtm_sell_average_price": 4023.6333,
              "close_price": 0,
              "prod_type": 16,
              "multiplier": 1,
              "symbol": "LT",
              "sell_quantity": 3,
              "segment": "Capital",
              "buy_quantity": 3,
              "cf_buy_amount": 0,
              "cf_buy_average_price": 0,
              "net_amount": -7.5,
              "series": "EQ",
              "average_sell_price": 4023.633333333333,
              "xe_uuid": "INE018A01030",
              "product": "MTF",
              "rmtm_buy_average_price": 4026.1333,
              "buy_amount": 12078.4,
              "average_buy_price": 4026.133333333333,
              "realized_mtm": -1
            },
            {
              "ltp": 503.95,
              "other_margin": null,
              "sell_amount": 12092.849999999999,
              "exchange": "NSE",
              "net_quantity": 0,
              "token": "REDACTED",
              "average_price": 0,
              "client_id": "REDACTED",
              "cf_sell_average_price": 0,
              "cf_sell_quantity": 0,
              "pledged_quantity": 0,
              "cf_buy_quantity": 0,
              "cf_sell_amount": 0,
              "instrument_token": 9356,
              "previous_close": 500.95,
              "trading_symbol": "MSTCLTD-EQ",
              "v_login_id": "S10272",
              "pro_cli": "CLIENT",
              "display_symbol": "MSTCLTD",
              "user_name": "REDACTED",
              "rmtm_sell_average_price": 503.8687,
              "close_price": 0,
              "prod_type": 16,
              "multiplier": 1,
              "symbol": "MSTCLTD",
              "sell_quantity": 24,
              "segment": "Capital",
              "buy_quantity": 24,
              "cf_buy_amount": 0,
              "cf_buy_average_price": 0,
              "net_amount": -10.350000000002183,
              "series": "EQ",
              "average_sell_price": 503.8687499999999,
              "xe_uuid": "INE255X01014",
              "product": "MTF",
              "rmtm_buy_average_price": 504.3,
              "buy_amount": 12103.2,
              "average_buy_price": 504.3,
              "realized_mtm": -1
            },
            {
              "ltp": 1491.6,
              "other_margin": null,
              "sell_amount": 8925.800000000001,
              "exchange": "NSE",
              "net_quantity": 0,
              "token": "REDACTED",
              "average_price": 0,
              "client_id": "REDACTED",
              "cf_sell_average_price": 0,
              "cf_sell_quantity": 0,
              "pledged_quantity": 0,
              "cf_buy_quantity": 0,
              "cf_sell_amount": 0,
              "instrument_token": 2664,
              "previous_close": 1476.7,
              "trading_symbol": "PIDILITIND-EQ",
              "v_login_id": "S10272",
              "pro_cli": "CLIENT",
              "display_symbol": "PIDILITIND",
              "user_name": "REDACTED",
              "rmtm_sell_average_price": 1487.6333,
              "close_price": 0,
              "prod_type": 16,
              "multiplier": 1,
              "symbol": "PIDILITIND",
              "sell_quantity": 6,
              "segment": "Capital",
              "buy_quantity": 6,
              "cf_buy_amount": 0,
              "cf_buy_average_price": 0,
              "net_amount": 1.4000000000014552,
              "series": "EQ",
              "average_sell_price": 1487.6333333333334,
              "xe_uuid": "INE318A01026",
              "product": "MTF",
              "rmtm_buy_average_price": 1487.4,
              "buy_amount": 8924.4,
              "average_buy_price": 1487.3999999999999,
              "realized_mtm": 0
            },
            {
              "ltp": 614.2,
              "other_margin": null,
              "sell_amount": 12379.1,
              "exchange": "NSE",
              "net_quantity": 0,
              "token": "REDACTED",
              "average_price": 0,
              "client_id": "REDACTED",
              "cf_sell_average_price": 0,
              "cf_sell_quantity": 0,
              "pledged_quantity": 0,
              "cf_buy_quantity": 0,
              "cf_sell_amount": 0,
              "instrument_token": 19184,
              "previous_close": 616.35,
              "trading_symbol": "SFL-EQ",
              "v_login_id": "S10272",
              "pro_cli": "CLIENT",
              "display_symbol": "SFL",
              "user_name": "REDACTED",
              "rmtm_sell_average_price": 618.955,
              "close_price": 0,
              "prod_type": 16,
              "multiplier": 1,
              "symbol": "SFL",
              "sell_quantity": 20,
              "segment": "Capital",
              "buy_quantity": 20,
              "cf_buy_amount": 0,
              "cf_buy_average_price": 0,
              "net_amount": -12.099999999998545,
              "series": "EQ",
              "average_sell_price": 618.955,
              "xe_uuid": "INE916U01025",
              "product": "MTF",
              "rmtm_buy_average_price": 619.56,
              "buy_amount": 12391.199999999999,
              "average_buy_price": 619.56,
              "realized_mtm": -1
            },
            {
              "ltp": 2161.1,
              "other_margin": null,
              "sell_amount": 10772.8,
              "exchange": "NSE",
              "net_quantity": 0,
              "token": "REDACTED",
              "average_price": 0,
              "client_id": "REDACTED",
              "cf_sell_average_price": 0,
              "cf_sell_quantity": 0,
              "pledged_quantity": 0,
              "cf_buy_quantity": 0,
              "cf_sell_amount": 0,
              "instrument_token": 10604,
              "previous_close": 2159.8,
              "trading_symbol": "BHARTIARTL-EQ",
              "v_login_id": "S10272",
              "pro_cli": "CLIENT",
              "display_symbol": "BHARTIARTL",
              "user_name": "REDACTED",
              "rmtm_sell_average_price": 2154.56,
              "close_price": 0,
              "prod_type": 16,
              "multiplier": 1,
              "symbol": "BHARTIARTL",
              "sell_quantity": 5,
              "segment": "Capital",
              "buy_quantity": 5,
              "cf_buy_amount": 0,
              "cf_buy_average_price": 0,
              "net_amount": -0.4000000000014552,
              "series": "EQ",
              "average_sell_price": 2154.56,
              "xe_uuid": "INE397D01024",
              "product": "MTF",
              "rmtm_buy_average_price": 2154.64,
              "buy_amount": 10773.2,
              "average_buy_price": 2154.6400000000003,
              "realized_mtm": 0
            },
            {
              "ltp": 256,
              "other_margin": null,
              "sell_amount": 12558.95,
              "exchange": "NSE",
              "net_quantity": 0,
              "token": "REDACTED",
              "average_price": 0,
              "client_id": "REDACTED",
              "cf_sell_average_price": 0,
              "cf_sell_quantity": 0,
              "pledged_quantity": 0,
              "cf_buy_quantity": 0,
              "cf_sell_amount": 0,
              "instrument_token": 25426,
              "previous_close": 256.4,
              "trading_symbol": "NORTHARC-EQ",
              "v_login_id": "S10272",
              "pro_cli": "CLIENT",
              "display_symbol": "NORTHARC",
              "user_name": "REDACTED",
              "rmtm_sell_average_price": 256.3051,
              "close_price": 0,
              "prod_type": 16,
              "multiplier": 1,
              "symbol": "NORTHARC",
              "sell_quantity": 49,
              "segment": "Capital",
              "buy_quantity": 49,
              "cf_buy_amount": 0,
              "cf_buy_average_price": 0,
              "net_amount": -7.099999999998545,
              "series": "EQ",
              "average_sell_price": 256.30510204081634,
              "xe_uuid": "INE850M01015",
              "product": "MTF",
              "rmtm_buy_average_price": 256.45,
              "buy_amount": 12566.05,
              "average_buy_price": 256.45,
              "realized_mtm": 0
            },
            {
              "ltp": 507.75,
              "other_margin": null,
              "sell_amount": 12255.6,
              "exchange": "NSE",
              "net_quantity": 0,
              "token": "REDACTED",
              "average_price": 0,
              "client_id": "REDACTED",
              "cf_sell_average_price": 0,
              "cf_sell_quantity": 0,
              "pledged_quantity": 0,
              "cf_buy_quantity": 0,
              "cf_sell_amount": 0,
              "instrument_token": 17869,
              "previous_close": 513.65,
              "trading_symbol": "JSWENERGY-EQ",
              "v_login_id": "S10272",
              "pro_cli": "CLIENT",
              "display_symbol": "JSWENERGY",
              "user_name": "REDACTED",
              "rmtm_sell_average_price": 510.65,
              "close_price": 0,
              "prod_type": 16,
              "multiplier": 1,
              "symbol": "JSWENERGY",
              "sell_quantity": 24,
              "segment": "Capital",
              "buy_quantity": 24,
              "cf_buy_amount": 0,
              "cf_buy_average_price": 0,
              "net_amount": -7.199999999998909,
              "series": "EQ",
              "average_sell_price": 510.65000000000003,
              "xe_uuid": "INE121E01018",
              "product": "MTF",
              "rmtm_buy_average_price": 510.95,
              "buy_amount": 12262.8,
              "average_buy_price": 510.95,
              "realized_mtm": 0
            },
            {
              "ltp": 22.68,
              "other_margin": null,
              "sell_amount": 0,
              "exchange": "NSE",
              "net_quantity": 1,
              "token": "REDACTED",
              "average_price": 0,
              "client_id": "REDACTED",
              "cf_sell_average_price": 0,
              "cf_sell_quantity": 0,
              "pledged_quantity": 0,
              "cf_buy_quantity": 0,
              "cf_sell_amount": 0,
              "instrument_token": 11915,
              "previous_close": 22.93,
              "trading_symbol": "YESBANK-EQ",
              "v_login_id": "S10272",
              "pro_cli": "CLIENT",
              "display_symbol": "YESBANK",
              "user_name": "REDACTED",
              "rmtm_sell_average_price": 0,
              "close_price": 0,
              "prod_type": 1,
              "multiplier": 1,
              "symbol": "YESBANK",
              "sell_quantity": 0,
              "segment": "Capital",
              "buy_quantity": 1,
              "cf_buy_amount": 0,
              "cf_buy_average_price": 0,
              "net_amount": -22.69,
              "series": "EQ",
              "average_sell_price": 0,
              "xe_uuid": "INE528G01035",
              "product": "CNC",
              "rmtm_buy_average_price": 22.69,
              "buy_amount": 22.69,
              "average_buy_price": 22.69,
              "realized_mtm": 0
            },
            {
              "ltp": 10.3,
              "other_margin": null,
              "sell_amount": 0,
              "exchange": "NSE",
              "net_quantity": 2,
              "token": "REDACTED",
              "average_price": 0,
              "client_id": "REDACTED",
              "cf_sell_average_price": 0,
              "cf_sell_quantity": 0,
              "pledged_quantity": 0,
              "cf_buy_quantity": 0,
              "cf_sell_amount": 0,
              "instrument_token": 15308,
              "previous_close": 10.51,
              "trading_symbol": "SEPC-EQ",
              "v_login_id": "S10272",
              "pro_cli": "CLIENT",
              "display_symbol": "SEPC",
              "user_name": "REDACTED",
              "rmtm_sell_average_price": 0,
              "close_price": 0,
              "prod_type": 1,
              "multiplier": 1,
              "symbol": "SEPC",
              "sell_quantity": 0,
              "segment": "Capital",
              "buy_quantity": 2,
              "cf_buy_amount": 0,
              "cf_buy_average_price": 0,
              "net_amount": -20.52,
              "series": "EQ",
              "average_sell_price": 0,
              "xe_uuid": "INE964H01014",
              "product": "CNC",
              "rmtm_buy_average_price": 10.26,
              "buy_amount": 20.52,
              "average_buy_price": 10.26,
              "realized_mtm": 0
            },
            {
              "ltp": 296.11,
              "other_margin": null,
              "sell_amount": 0,
              "exchange": "NSE",
              "net_quantity": 1,
              "token": "REDACTED",
              "average_price": 0,
              "client_id": "REDACTED",
              "cf_sell_average_price": 0,
              "cf_sell_quantity": 0,
              "pledged_quantity": 0,
              "cf_buy_quantity": 0,
              "cf_sell_amount": 0,
              "instrument_token": 10576,
              "previous_close": 294.37,
              "trading_symbol": "NIFTYBEES-EQ",
              "v_login_id": "S10272",
              "pro_cli": "CLIENT",
              "display_symbol": "NIFTYBEES",
              "user_name": "REDACTED",
              "rmtm_sell_average_price": 0,
              "close_price": 0,
              "prod_type": 1,
              "multiplier": 1,
              "symbol": "NIFTYBEES",
              "sell_quantity": 0,
              "segment": "Capital",
              "buy_quantity": 1,
              "cf_buy_amount": 0,
              "cf_buy_average_price": 0,
              "net_amount": -296.08,
              "series": "EQ",
              "average_sell_price": 0,
              "xe_uuid": "INF204KB14I2",
              "product": "CNC",
              "rmtm_buy_average_price": 296.08,
              "buy_amount": 296.08,
              "average_buy_price": 296.08,
              "realized_mtm": 0
            },
            {
              "ltp": 101.06,
              "other_margin": null,
              "sell_amount": 0,
              "exchange": "NSE",
              "net_quantity": 1,
              "token": "REDACTED",
              "average_price": 0,
              "client_id": "REDACTED",
              "cf_sell_average_price": 0,
              "cf_sell_quantity": 0,
              "pledged_quantity": 0,
              "cf_buy_quantity": 0,
              "cf_sell_amount": 0,
              "instrument_token": 14428,
              "previous_close": 102.23,
              "trading_symbol": "GOLDBEES-EQ",
              "v_login_id": "S10272",
              "pro_cli": "CLIENT",
              "display_symbol": "GOLDBEES",
              "user_name": "REDACTED",
              "rmtm_sell_average_price": 0,
              "close_price": 0,
              "prod_type": 1,
              "multiplier": 1,
              "symbol": "GOLDBEES",
              "sell_quantity": 0,
              "segment": "Capital",
              "buy_quantity": 1,
              "cf_buy_amount": 0,
              "cf_buy_average_price": 0,
              "net_amount": -101.1,
              "series": "EQ",
              "average_sell_price": 0,
              "xe_uuid": "INF204KB17I5",
              "product": "CNC",
              "rmtm_buy_average_price": 101.1,
              "buy_amount": 101.1,
              "average_buy_price": 101.1,
              "realized_mtm": 0
            }
          ],
          "message": "",
          "status": "success"
        }
      },
      "responseString": {
        "data": [
          {
            "ltp": 79.01,
            "other_margin": null,
            "sell_amount": 12824.1,
            "exchange": "NSE",
            "net_quantity": 0,
            "token": "REDACTED",
            "average_price": 0,
            "client_id": "REDACTED",
            "cf_sell_average_price": 0,
            "cf_sell_quantity": 0,
            "pledged_quantity": 0,
            "cf_buy_quantity": 0,
            "cf_sell_amount": 0,
            "instrument_token": 11184,
            "previous_close": 79.61,
            "trading_symbol": "IDFCFIRSTB-EQ",
            "v_login_id": "S10272",
            "pro_cli": "CLIENT",
            "display_symbol": "IDFCFIRSTB",
            "user_name": "REDACTED",
            "rmtm_sell_average_price": 79.6528,
            "close_price": 0,
            "prod_type": 16,
            "multiplier": 1,
            "symbol": "IDFCFIRSTB",
            "sell_quantity": 161,
            "segment": "Capital",
            "buy_quantity": 161,
            "cf_buy_amount": 0,
            "cf_buy_average_price": 0,
            "net_amount": -10.510000000000218,
            "series": "EQ",
            "average_sell_price": 79.6527950310559,
            "xe_uuid": "INE092T01019",
            "product": "MTF",
            "rmtm_buy_average_price": 79.7181,
            "buy_amount": 12834.61,
            "average_buy_price": 79.71807453416149,
            "realized_mtm": -1
          },
          {
            "ltp": 1038.7,
            "other_margin": null,
            "sell_amount": 11381.7,
            "exchange": "NSE",
            "net_quantity": 0,
            "token": "REDACTED",
            "average_price": 0,
            "client_id": "REDACTED",
            "cf_sell_average_price": 0,
            "cf_sell_quantity": 0,
            "pledged_quantity": 0,
            "cf_buy_quantity": 0,
            "cf_sell_amount": 0,
            "instrument_token": 20854,
            "previous_close": 1033.5,
            "trading_symbol": "HAPPYFORGE-EQ",
            "v_login_id": "S10272",
            "pro_cli": "CLIENT",
            "display_symbol": "HAPPYFORGE",
            "user_name": "REDACTED",
            "rmtm_sell_average_price": 1034.7,
            "close_price": 0,
            "prod_type": 16,
            "multiplier": 1,
            "symbol": "HAPPYFORGE",
            "sell_quantity": 11,
            "segment": "Capital",
            "buy_quantity": 11,
            "cf_buy_amount": 0,
            "cf_buy_average_price": 0,
            "net_amount": -16.099999999998545,
            "series": "EQ",
            "average_sell_price": 1034.7,
            "xe_uuid": "INE330T01021",
            "product": "MTF",
            "rmtm_buy_average_price": 1036.1636,
            "buy_amount": 11397.8,
            "average_buy_price": 1036.1636363636362,
            "realized_mtm": -1
          },
          {
            "ltp": 4032.7,
            "other_margin": null,
            "sell_amount": 12070.9,
            "exchange": "NSE",
            "net_quantity": 0,
            "token": "REDACTED",
            "average_price": 0,
            "client_id": "REDACTED",
            "cf_sell_average_price": 0,
            "cf_sell_quantity": 0,
            "pledged_quantity": 0,
            "cf_buy_quantity": 0,
            "cf_sell_amount": 0,
            "instrument_token": 11483,
            "previous_close": 4019.6,
            "trading_symbol": "LT-EQ",
            "v_login_id": "S10272",
            "pro_cli": "CLIENT",
            "display_symbol": "LT",
            "user_name": "REDACTED",
            "rmtm_sell_average_price": 4023.6333,
            "close_price": 0,
            "prod_type": 16,
            "multiplier": 1,
            "symbol": "LT",
            "sell_quantity": 3,
            "segment": "Capital",
            "buy_quantity": 3,
            "cf_buy_amount": 0,
            "cf_buy_average_price": 0,
            "net_amount": -7.5,
            "series": "EQ",
            "average_sell_price": 4023.633333333333,
            "xe_uuid": "INE018A01030",
            "product": "MTF",
            "rmtm_buy_average_price": 4026.1333,
            "buy_amount": 12078.4,
            "average_buy_price": 4026.133333333333,
            "realized_mtm": -1
          },
          {
            "ltp": 503.95,
            "other_margin": null,
            "sell_amount": 12092.849999999999,
            "exchange": "NSE",
            "net_quantity": 0,
            "token": "REDACTED",
            "average_price": 0,
            "client_id": "REDACTED",
            "cf_sell_average_price": 0,
            "cf_sell_quantity": 0,
            "pledged_quantity": 0,
            "cf_buy_quantity": 0,
            "cf_sell_amount": 0,
            "instrument_token": 9356,
            "previous_close": 500.95,
            "trading_symbol": "MSTCLTD-EQ",
            "v_login_id": "S10272",
            "pro_cli": "CLIENT",
            "display_symbol": "MSTCLTD",
            "user_name": "REDACTED",
            "rmtm_sell_average_price": 503.8687,
            "close_price": 0,
            "prod_type": 16,
            "multiplier": 1,
            "symbol": "MSTCLTD",
            "sell_quantity": 24,
            "segment": "Capital",
            "buy_quantity": 24,
            "cf_buy_amount": 0,
            "cf_buy_average_price": 0,
            "net_amount": -10.350000000002183,
            "series": "EQ",
            "average_sell_price": 503.8687499999999,
            "xe_uuid": "INE255X01014",
            "product": "MTF",
            "rmtm_buy_average_price": 504.3,
            "buy_amount": 12103.2,
            "average_buy_price": 504.3,
            "realized_mtm": -1
          },
          {
            "ltp": 1491.6,
            "other_margin": null,
            "sell_amount": 8925.800000000001,
            "exchange": "NSE",
            "net_quantity": 0,
            "token": "REDACTED",
            "average_price": 0,
            "client_id": "REDACTED",
            "cf_sell_average_price": 0,
            "cf_sell_quantity": 0,
            "pledged_quantity": 0,
            "cf_buy_quantity": 0,
            "cf_sell_amount": 0,
            "instrument_token": 2664,
            "previous_close": 1476.7,
            "trading_symbol": "PIDILITIND-EQ",
            "v_login_id": "S10272",
            "pro_cli": "CLIENT",
            "display_symbol": "PIDILITIND",
            "user_name": "REDACTED",
            "rmtm_sell_average_price": 1487.6333,
            "close_price": 0,
            "prod_type": 16,
            "multiplier": 1,
            "symbol": "PIDILITIND",
            "sell_quantity": 6,
            "segment": "Capital",
            "buy_quantity": 6,
            "cf_buy_amount": 0,
            "cf_buy_average_price": 0,
            "net_amount": 1.4000000000014552,
            "series": "EQ",
            "average_sell_price": 1487.6333333333334,
            "xe_uuid": "INE318A01026",
            "product": "MTF",
            "rmtm_buy_average_price": 1487.4,
            "buy_amount": 8924.4,
            "average_buy_price": 1487.3999999999999,
            "realized_mtm": 0
          },
          {
            "ltp": 614.2,
            "other_margin": null,
            "sell_amount": 12379.1,
            "exchange": "NSE",
            "net_quantity": 0,
            "token": "REDACTED",
            "average_price": 0,
            "client_id": "REDACTED",
            "cf_sell_average_price": 0,
            "cf_sell_quantity": 0,
            "pledged_quantity": 0,
            "cf_buy_quantity": 0,
            "cf_sell_amount": 0,
            "instrument_token": 19184,
            "previous_close": 616.35,
            "trading_symbol": "SFL-EQ",
            "v_login_id": "S10272",
            "pro_cli": "CLIENT",
            "display_symbol": "SFL",
            "user_name": "REDACTED",
            "rmtm_sell_average_price": 618.955,
            "close_price": 0,
            "prod_type": 16,
            "multiplier": 1,
            "symbol": "SFL",
            "sell_quantity": 20,
            "segment": "Capital",
            "buy_quantity": 20,
            "cf_buy_amount": 0,
            "cf_buy_average_price": 0,
            "net_amount": -12.099999999998545,
            "series": "EQ",
            "average_sell_price": 618.955,
            "xe_uuid": "INE916U01025",
            "product": "MTF",
            "rmtm_buy_average_price": 619.56,
            "buy_amount": 12391.199999999999,
            "average_buy_price": 619.56,
            "realized_mtm": -1
          },
          {
            "ltp": 2161.1,
            "other_margin": null,
            "sell_amount": 10772.8,
            "exchange": "NSE",
            "net_quantity": 0,
            "token": "REDACTED",
            "average_price": 0,
            "client_id": "REDACTED",
            "cf_sell_average_price": 0,
            "cf_sell_quantity": 0,
            "pledged_quantity": 0,
            "cf_buy_quantity": 0,
            "cf_sell_amount": 0,
            "instrument_token": 10604,
            "previous_close": 2159.8,
            "trading_symbol": "BHARTIARTL-EQ",
            "v_login_id": "S10272",
            "pro_cli": "CLIENT",
            "display_symbol": "BHARTIARTL",
            "user_name": "REDACTED",
            "rmtm_sell_average_price": 2154.56,
            "close_price": 0,
            "prod_type": 16,
            "multiplier": 1,
            "symbol": "BHARTIARTL",
            "sell_quantity": 5,
            "segment": "Capital",
            "buy_quantity": 5,
            "cf_buy_amount": 0,
            "cf_buy_average_price": 0,
            "net_amount": -0.4000000000014552,
            "series": "EQ",
            "average_sell_price": 2154.56,
            "xe_uuid": "INE397D01024",
            "product": "MTF",
            "rmtm_buy_average_price": 2154.64,
            "buy_amount": 10773.2,
            "average_buy_price": 2154.6400000000003,
            "realized_mtm": 0
          },
          {
            "ltp": 256,
            "other_margin": null,
            "sell_amount": 12558.95,
            "exchange": "NSE",
            "net_quantity": 0,
            "token": "REDACTED",
            "average_price": 0,
            "client_id": "REDACTED",
            "cf_sell_average_price": 0,
            "cf_sell_quantity": 0,
            "pledged_quantity": 0,
            "cf_buy_quantity": 0,
            "cf_sell_amount": 0,
            "instrument_token": 25426,
            "previous_close": 256.4,
            "trading_symbol": "NORTHARC-EQ",
            "v_login_id": "S10272",
            "pro_cli": "CLIENT",
            "display_symbol": "NORTHARC",
            "user_name": "REDACTED",
            "rmtm_sell_average_price": 256.3051,
            "close_price": 0,
            "prod_type": 16,
            "multiplier": 1,
            "symbol": "NORTHARC",
            "sell_quantity": 49,
            "segment": "Capital",
            "buy_quantity": 49,
            "cf_buy_amount": 0,
            "cf_buy_average_price": 0,
            "net_amount": -7.099999999998545,
            "series": "EQ",
            "average_sell_price": 256.30510204081634,
            "xe_uuid": "INE850M01015",
            "product": "MTF",
            "rmtm_buy_average_price": 256.45,
            "buy_amount": 12566.05,
            "average_buy_price": 256.45,
            "realized_mtm": 0
          },
          {
            "ltp": 507.75,
            "other_margin": null,
            "sell_amount": 12255.6,
            "exchange": "NSE",
            "net_quantity": 0,
            "token": "REDACTED",
            "average_price": 0,
            "client_id": "REDACTED",
            "cf_sell_average_price": 0,
            "cf_sell_quantity": 0,
            "pledged_quantity": 0,
            "cf_buy_quantity": 0,
            "cf_sell_amount": 0,
            "instrument_token": 17869,
            "previous_close": 513.65,
            "trading_symbol": "JSWENERGY-EQ",
            "v_login_id": "S10272",
            "pro_cli": "CLIENT",
            "display_symbol": "JSWENERGY",
            "user_name": "REDACTED",
            "rmtm_sell_average_price": 510.65,
            "close_price": 0,
            "prod_type": 16,
            "multiplier": 1,
            "symbol": "JSWENERGY",
            "sell_quantity": 24,
            "segment": "Capital",
            "buy_quantity": 24,
            "cf_buy_amount": 0,
            "cf_buy_average_price": 0,
            "net_amount": -7.199999999998909,
            "series": "EQ",
            "average_sell_price": 510.65000000000003,
            "xe_uuid": "INE121E01018",
            "product": "MTF",
            "rmtm_buy_average_price": 510.95,
            "buy_amount": 12262.8,
            "average_buy_price": 510.95,
            "realized_mtm": 0
          },
          {
            "ltp": 22.68,
            "other_margin": null,
            "sell_amount": 0,
            "exchange": "NSE",
            "net_quantity": 1,
            "token": "REDACTED",
            "average_price": 0,
            "client_id": "REDACTED",
            "cf_sell_average_price": 0,
            "cf_sell_quantity": 0,
            "pledged_quantity": 0,
            "cf_buy_quantity": 0,
            "cf_sell_amount": 0,
            "instrument_token": 11915,
            "previous_close": 22.93,
            "trading_symbol": "YESBANK-EQ",
            "v_login_id": "S10272",
            "pro_cli": "CLIENT",
            "display_symbol": "YESBANK",
            "user_name": "REDACTED",
            "rmtm_sell_average_price": 0,
            "close_price": 0,
            "prod_type": 1,
            "multiplier": 1,
            "symbol": "YESBANK",
            "sell_quantity": 0,
            "segment": "Capital",
            "buy_quantity": 1,
            "cf_buy_amount": 0,
            "cf_buy_average_price": 0,
            "net_amount": -22.69,
            "series": "EQ",
            "average_sell_price": 0,
            "xe_uuid": "INE528G01035",
            "product": "CNC",
            "rmtm_buy_average_price": 22.69,
            "buy_amount": 22.69,
            "average_buy_price": 22.69,
            "realized_mtm": 0
          },
          {
            "ltp": 10.3,
            "other_margin": null,
            "sell_amount": 0,
            "exchange": "NSE",
            "net_quantity": 2,
            "token": "REDACTED",
            "average_price": 0,
            "client_id": "REDACTED",
            "cf_sell_average_price": 0,
            "cf_sell_quantity": 0,
            "pledged_quantity": 0,
            "cf_buy_quantity": 0,
            "cf_sell_amount": 0,
            "instrument_token": 15308,
            "previous_close": 10.51,
            "trading_symbol": "SEPC-EQ",
            "v_login_id": "S10272",
            "pro_cli": "CLIENT",
            "display_symbol": "SEPC",
            "user_name": "REDACTED",
            "rmtm_sell_average_price": 0,
            "close_price": 0,
            "prod_type": 1,
            "multiplier": 1,
            "symbol": "SEPC",
            "sell_quantity": 0,
            "segment": "Capital",
            "buy_quantity": 2,
            "cf_buy_amount": 0,
            "cf_buy_average_price": 0,
            "net_amount": -20.52,
            "series": "EQ",
            "average_sell_price": 0,
            "xe_uuid": "INE964H01014",
            "product": "CNC",
            "rmtm_buy_average_price": 10.26,
            "buy_amount": 20.52,
            "average_buy_price": 10.26,
            "realized_mtm": 0
          },
          {
            "ltp": 296.11,
            "other_margin": null,
            "sell_amount": 0,
            "exchange": "NSE",
            "net_quantity": 1,
            "token": "REDACTED",
            "average_price": 0,
            "client_id": "REDACTED",
            "cf_sell_average_price": 0,
            "cf_sell_quantity": 0,
            "pledged_quantity": 0,
            "cf_buy_quantity": 0,
            "cf_sell_amount": 0,
            "instrument_token": 10576,
            "previous_close": 294.37,
            "trading_symbol": "NIFTYBEES-EQ",
            "v_login_id": "S10272",
            "pro_cli": "CLIENT",
            "display_symbol": "NIFTYBEES",
            "user_name": "REDACTED",
            "rmtm_sell_average_price": 0,
            "close_price": 0,
            "prod_type": 1,
            "multiplier": 1,
            "symbol": "NIFTYBEES",
            "sell_quantity": 0,
            "segment": "Capital",
            "buy_quantity": 1,
            "cf_buy_amount": 0,
            "cf_buy_average_price": 0,
            "net_amount": -296.08,
            "series": "EQ",
            "average_sell_price": 0,
            "xe_uuid": "INF204KB14I2",
            "product": "CNC",
            "rmtm_buy_average_price": 296.08,
            "buy_amount": 296.08,
            "average_buy_price": 296.08,
            "realized_mtm": 0
          },
          {
            "ltp": 101.06,
            "other_margin": null,
            "sell_amount": 0,
            "exchange": "NSE",
            "net_quantity": 1,
            "token": "REDACTED",
            "average_price": 0,
            "client_id": "REDACTED",
            "cf_sell_average_price": 0,
            "cf_sell_quantity": 0,
            "pledged_quantity": 0,
            "cf_buy_quantity": 0,
            "cf_sell_amount": 0,
            "instrument_token": 14428,
            "previous_close": 102.23,
            "trading_symbol": "GOLDBEES-EQ",
            "v_login_id": "S10272",
            "pro_cli": "CLIENT",
            "display_symbol": "GOLDBEES",
            "user_name": "REDACTED",
            "rmtm_sell_average_price": 0,
            "close_price": 0,
            "prod_type": 1,
            "multiplier": 1,
            "symbol": "GOLDBEES",
            "sell_quantity": 0,
            "segment": "Capital",
            "buy_quantity": 1,
            "cf_buy_amount": 0,
            "cf_buy_average_price": 0,
            "net_amount": -101.1,
            "series": "EQ",
            "average_sell_price": 0,
            "xe_uuid": "INF204KB17I5",
            "product": "CNC",
            "rmtm_buy_average_price": 101.1,
            "buy_amount": 101.1,
            "average_buy_price": 101.1,
            "realized_mtm": 0
          }
        ],
        "message": "",
        "status": "success"
      }
    },
    "userId": "69044940460b987a8555aba0",
    "brokerFunctionLogId": "d4e0af70-aac8-4717-830a-cb8af127e1bf",
    "functionName": "Portfolio.liveHoldings",
    "brokerName": "hdfcsky"
  },
  "reqId": "1538aba0-c5ea-11f0-b207-ab18fd81b8ce",
  "msg": "",
  "time": "2025-11-20T08:22:41.954Z",
  "v": 0
},
{
  "name": "sc.service.sc-integrations-brokers-api",
  "version": "3.8.9",
  "hostname": "ip-10-137-0-149",
  "pid": 2795,
  "type": "SC_BROKER",
  "level": 30,
  "context": {
    "broker": "hdfcsky",
    "msg": "Successful request",
    "details": {
      "request": {
        "url": "https://developer.hdfcsky.com/oapi/v1/holdings?api_key=1bc928ff1ce54970b0a2f2ae4740dc77&client_id=S10272",
        "method": "GET",
        "headers": {
          "Authorization": "REDACTED",
          "Content-Type": "application/json"
        },
        "timeout": 20000
      },
      "userId": "S10272",
      "accessToken": "REDACTED",
      "response": {
        "statusCode": 200,
        "body": {
          "data": {
            "holdings": [
              {
                "symbol": "YESBANK",
                "quantity": 7,
                "isin": "INE528G01035",
                "exchange": "NSE",
                "previous_close": 22.93,
                "today_unpledge_quantity": 0,
                "t0_price": 0,
                "pledge_percentage": 70,
                "ltp": 22.68,
                "t1_price": 0,
                "pledge_allow": true,
                "branch_code": "",
                "token": "REDACTED",
                "pending_quantity": 4,
                "today_pledge_quantity": 0,
                "buy_avg_mtm": -1.75,
                "trading_symbol": "YESBANK",
                "net_holding_quantity": 7,
                "client_id": "REDACTED",
                "buy_avg": 22.93,
                "t2_quantity": 0,
                "actual_buy_avg": 22.93,
                "transaction_type": "",
                "t1_quantity": 0,
                "squared_off_free_quantity": 0,
                "pledge_value": 0,
                "pledge_quantity": 0,
                "used_quantity": 0,
                "pms_quantity": 7,
                "free_quantity": 3,
                "t2_price": 0,
                "instrument_details": {
                  "exchange": 1,
                  "instrument_name": "EQ",
                  "instrument_token": 11915,
                  "trading_symbol": "YESBANK-EQ"
                },
                "squared_off_pledge_quantity": 0,
                "t0_quantity": 0
              }
            ]
          },
          "message": "",
          "status": "success"
        }
      },
      "responseString": {
        "data": {
          "holdings": [
            {
              "symbol": "YESBANK",
              "quantity": 7,
              "isin": "INE528G01035",
              "exchange": "NSE",
              "previous_close": 22.93,
              "today_unpledge_quantity": 0,
              "t0_price": 0,
              "pledge_percentage": 70,
              "ltp": 22.68,
              "t1_price": 0,
              "pledge_allow": true,
              "branch_code": "",
              "token": "REDACTED",
              "pending_quantity": 4,
              "today_pledge_quantity": 0,
              "buy_avg_mtm": -1.75,
              "trading_symbol": "YESBANK",
              "net_holding_quantity": 7,
              "client_id": "REDACTED",
              "buy_avg": 22.93,
              "t2_quantity": 0,
              "actual_buy_avg": 22.93,
              "transaction_type": "",
              "t1_quantity": 0,
              "squared_off_free_quantity": 0,
              "pledge_value": 0,
              "pledge_quantity": 0,
              "used_quantity": 0,
              "pms_quantity": 7,
              "free_quantity": 3,
              "t2_price": 0,
              "instrument_details": {
                "exchange": 1,
                "instrument_name": "EQ",
                "instrument_token": 11915,
                "trading_symbol": "YESBANK-EQ"
              },
              "squared_off_pledge_quantity": 0,
              "t0_quantity": 0
            }
          ]
        },
        "message": "",
        "status": "success"
      }
    },
    "userId": "69044940460b987a8555aba0",
    "brokerFunctionLogId": "d4e0af70-aac8-4717-830a-cb8af127e1bf",
    "functionName": "Portfolio.liveHoldings",
    "brokerName": "hdfcsky"
  },
  "reqId": "1538aba0-c5ea-11f0-b207-ab18fd81b8ce",
  "msg": "",
  "time": "2025-11-20T08:22:41.808Z",
  "v": 0
},
{
  "name": "sc.service.sc-integrations-brokers-api",
  "version": "3.8.9",
  "hostname": "ip-10-137-0-149",
  "pid": 2788,
  "type": "SC_BROKER",
  "level": 30,
  "context": {
    "options": {
      "accessToken": "REDACTED",
      "apiKey": "REDACTED",
      "apiSecret": "REDACTED",
      "buyAmount": 0,
      "sellAmount": 0,
      "stocksCount": 0
    },
    "response": {
      "error": null,
      "response": {
        "code": true,
        "reason": "success",
        "sufficientFunds": true,
        "requiredFunds": 0,
        "allowedSellValues": {
          "T0": 0,
          "T1": 1
        }
      }
    },
    "user": {
      "id": "69044940460b987a8555aba0"
    },
    "brokerFunctionLogId": "5f4d45ac-96c4-4563-be97-8f49140f21b6",
    "brokerApi": {
      "functionName": "Funds.check",
      "brokerName": "hdfcsky"
    }
  },
  "reqId": "153661b0-c5ea-11f0-91ef-b7bae078c130",
  "msg": "broker lib function response recieved",
  "time": "2025-11-20T08:22:41.742Z",
  "v": 0
},
{
  "name": "sc.service.sc-integrations-brokers-api",
  "version": "3.8.9",
  "hostname": "ip-10-137-0-149",
  "pid": 2788,
  "type": "SC_BROKER",
  "level": 30,
  "context": {
    "broker": "hdfcsky",
    "msg": "Successful request",
    "details": {
      "request": {
        "url": "https://developer.hdfcsky.com/oapi/v1/user/trading_info?client_id=S10272&api_key=1bc928ff1ce54970b0a2f2ae4740dc77",
        "method": "GET",
        "headers": {
          "Authorization": "REDACTED",
          "Content-Type": "application/json"
        },
        "timeout": 20000
      },
      "userId": "S10272",
      "accessToken": "REDACTED",
      "response": {
        "statusCode": 200,
        "body": {
          "data": {
            "client_id": "REDACTED",
            "ddpi": true,
            "exchanges_subscribed": [
              ""
            ],
            "name": "REDACTED",
            "poa_enabled": false,
            "products_enabled": [
              "CNC",
              "MIS",
              "NRML",
              "MTF"
            ],
            "status": "active"
          },
          "message": "",
          "status": "success"
        }
      },
      "responseString": {
        "data": {
          "client_id": "REDACTED",
          "ddpi": true,
          "exchanges_subscribed": [
            ""
          ],
          "name": "REDACTED",
          "poa_enabled": false,
          "products_enabled": [
            "CNC",
            "MIS",
            "NRML",
            "MTF"
          ],
          "status": "active"
        },
        "message": "",
        "status": "success"
      }
    },
    "userId": "69044940460b987a8555aba0",
    "brokerFunctionLogId": "3ade851f-f452-4ede-8152-63913b396ec2",
    "functionName": "User.checkSession",
    "brokerName": "hdfcsky"
  },
  "reqId": "152b6530-c5ea-11f0-91ef-b7bae078c130",
  "msg": "",
  "time": "2025-11-20T08:22:41.717Z",
  "v": 0
},
{
  "name": "sc.service.sc-integrations-brokers-api",
  "version": "3.8.9",
  "hostname": "ip-10-137-0-149",
  "pid": 2788,
  "type": "SC_BROKER",
  "level": 30,
  "context": {
    "options": {
      "apiKey": "REDACTED",
      "accessToken": "REDACTED",
      "apiSecret": "REDACTED",
      "ipAddress": "REDACTED"
    },
    "response": {
      "error": null,
      "response": {
        "code": true,
        "reason": "success",
        "message": "Session check successful"
      }
    },
    "userId": "69044940460b987a8555aba0",
    "brokerFunctionLogId": "3ade851f-f452-4ede-8152-63913b396ec2",
    "brokerApi": {
      "functionName": "User.checkSession",
      "brokerName": "hdfcsky"
    }
  },
  "reqId": "152b6530-c5ea-11f0-91ef-b7bae078c130",
  "msg": "broker lib function response recieved",
  "time": "2025-11-20T08:22:41.717Z",
  "v": 0
},
{
  "name": "sc.service.sc-integrations-brokers-api",
  "version": "3.8.9",
  "hostname": "ip-10-137-0-149",
  "pid": 2788,
  "type": "SC_BROKER",
  "level": 30,
  "context": {
    "options": {
      "accessToken": "REDACTED",
      "brokeruserId": "S10272",
      "apiKey": "REDACTED",
      "apiSecret": "REDACTED"
    },
    "response": {
      "error": {
        "code": false,
        "reason": "error",
        "message": "Failed to fetch holdings",
        "stack": "Error: HTTP 401: {\"error\":\"invalid credentials\"}\n    at requestBroker (/deployments/sc-integrations-broker-api/node_modules/@smallcase/sc-integrations-broker-lib/src/brokers/hdfcsky/services/request.js:82:32)\n    at processTicksAndRejections (node:internal/process/task_queues:95:5)\n    at holdings (/deployments/sc-integrations-broker-api/node_modules/@smallcase/sc-integrations-broker-lib/src/brokers/hdfcsky/services/portfolio.js:38:52)\n    at Object.liveHoldings (/deployments/sc-integrations-broker-api/node_modules/@smallcase/sc-integrations-broker-lib/src/brokers/hdfcsky/services/portfolio.js:133:72)\n    at Object.liveHoldings (/deployments/sc-integrations-broker-api/node_modules/@smallcase/sc-integrations-broker-lib/src/brokers/hdfcsky/api.js:125:60)",
        "statusCode": 401,
        "body": {
          "error": "invalid credentials"
        }
      },
      "response": {
        "code": false,
        "reason": "error",
        "message": "Failed to fetch holdings",
        "stack": "Error: HTTP 401: {\"error\":\"invalid credentials\"}\n    at requestBroker (/deployments/sc-integrations-broker-api/node_modules/@smallcase/sc-integrations-broker-lib/src/brokers/hdfcsky/services/request.js:82:32)\n    at processTicksAndRejections (node:internal/process/task_queues:95:5)\n    at holdings (/deployments/sc-integrations-broker-api/node_modules/@smallcase/sc-integrations-broker-lib/src/brokers/hdfcsky/services/portfolio.js:38:52)\n    at Object.liveHoldings (/deployments/sc-integrations-broker-api/node_modules/@smallcase/sc-integrations-broker-lib/src/brokers/hdfcsky/services/portfolio.js:133:72)\n    at Object.liveHoldings (/deployments/sc-integrations-broker-api/node_modules/@smallcase/sc-integrations-broker-lib/src/brokers/hdfcsky/api.js:125:60)",
        "statusCode": 401,
        "body": {
          "error": "invalid credentials"
        }
      }
    },
    "userId": "69044940460b987a8555aba0",
    "brokerFunctionLogId": "10e612bc-72c2-47d9-b0e3-4df477fad46c",
    "brokerApi": {
      "functionName": "Portfolio.liveHoldings",
      "brokerName": "hdfcsky"
    }
  },
  "reqId": "d8b27030-c5e9-11f0-91ef-b7bae078c130",
  "msg": "broker lib function response recieved",
  "time": "2025-11-20T08:21:00.234Z",
  "v": 0
},
{
  "name": "sc.service.sc-integrations-brokers-api",
  "version": "3.8.9",
  "hostname": "ip-10-137-0-149",
  "pid": 2788,
  "type": "SC_BROKER",
  "level": 40,
  "err": {
    "message": "Failed to fetch holdings",
    "stack": "Error: HTTP 401: {\"error\":\"invalid credentials\"}\n    at requestBroker (/deployments/sc-integrations-broker-api/node_modules/@smallcase/sc-integrations-broker-lib/src/brokers/hdfcsky/services/request.js:82:32)\n    at processTicksAndRejections (node:internal/process/task_queues:95:5)\n    at holdings (/deployments/sc-integrations-broker-api/node_modules/@smallcase/sc-integrations-broker-lib/src/brokers/hdfcsky/services/portfolio.js:38:52)\n    at Object.liveHoldings (/deployments/sc-integrations-broker-api/node_modules/@smallcase/sc-integrations-broker-lib/src/brokers/hdfcsky/services/portfolio.js:133:72)\n    at Object.liveHoldings (/deployments/sc-integrations-broker-api/node_modules/@smallcase/sc-integrations-broker-lib/src/brokers/hdfcsky/api.js:125:60)"
  },
  "context": {
    "broker": "hdfcsky",
    "msg": "Error in fetching live holdings",
    "details": {
      "options": {
        "accessToken": "REDACTED",
        "brokeruserId": "S10272",
        "apiKey": "REDACTED",
        "apiSecret": "REDACTED"
      }
    },
    "userId": "69044940460b987a8555aba0",
    "brokerFunctionLogId": "10e612bc-72c2-47d9-b0e3-4df477fad46c",
    "functionName": "Portfolio.liveHoldings",
    "brokerName": "hdfcsky"
  },
  "reqId": "d8b27030-c5e9-11f0-91ef-b7bae078c130",
  "msg": "",
  "time": "2025-11-20T08:21:00.233Z",
  "v": 0
},
{
  "name": "sc.service.sc-integrations-brokers-api",
  "version": "3.8.9",
  "hostname": "ip-10-137-0-149",
  "pid": 2788,
  "type": "SC_BROKER",
  "level": 50,
  "err": {
    "message": "Request failed with status code 401",
    "name": "AxiosError",
    "stack": "AxiosError: Request failed with status code 401\n    at settle (/deployments/sc-integrations-broker-api/node_modules/axios/lib/core/settle.js:17:12)\n    at IncomingMessage.handleStreamEnd (/deployments/sc-integrations-broker-api/node_modules/axios/lib/adapters/http.js:382:11)\n    at IncomingMessage.emit (node:events:525:35)\n    at endReadableNT (node:internal/streams/readable:1359:12)\n    at processTicksAndRejections (node:internal/process/task_queues:82:21)"
  },
  "context": {
    "broker": "hdfcsky",
    "msg": "Error in request - Request failed with status code 401",
    "details": {
      "request": {
        "url": "https://developer.hdfcsky.com/oapi/v1/holdings?api_key=1bc928ff1ce54970b0a2f2ae4740dc77&client_id=S10272",
        "method": "GET",
        "headers": {
          "Authorization": "REDACTED",
          "Content-Type": "application/json"
        },
        "timeout": 20000
      },
      "userId": "S10272",
      "accessToken": "REDACTED",
      "response": {
        "error": "invalid credentials"
      }
    },
    "userId": "69044940460b987a8555aba0",
    "brokerFunctionLogId": "10e612bc-72c2-47d9-b0e3-4df477fad46c",
    "functionName": "Portfolio.liveHoldings",
    "brokerName": "hdfcsky"
  },
  "reqId": "d8b27030-c5e9-11f0-91ef-b7bae078c130",
  "msg": "",
  "time": "2025-11-20T08:21:00.232Z",
  "v": 0
},
{
  "name": "sc.service.sc-integrations-brokers-api",
  "version": "3.8.9",
  "hostname": "ip-10-137-0-149",
  "pid": 2788,
  "type": "SC_BROKER",
  "level": 40,
  "err": {
    "message": "Failed to fetch holdings",
    "stack": "Error: HTTP 401: {\"error\":\"invalid credentials\"}\n    at requestBroker (/deployments/sc-integrations-broker-api/node_modules/@smallcase/sc-integrations-broker-lib/src/brokers/hdfcsky/services/request.js:82:32)\n    at processTicksAndRejections (node:internal/process/task_queues:95:5)\n    at holdings (/deployments/sc-integrations-broker-api/node_modules/@smallcase/sc-integrations-broker-lib/src/brokers/hdfcsky/services/portfolio.js:38:52)\n    at Object.liveHoldings (/deployments/sc-integrations-broker-api/node_modules/@smallcase/sc-integrations-broker-lib/src/brokers/hdfcsky/services/portfolio.js:133:72)\n    at Object.liveHoldings (/deployments/sc-integrations-broker-api/node_modules/@smallcase/sc-integrations-broker-lib/src/brokers/hdfcsky/api.js:125:60)"
  },
  "context": {
    "broker": "hdfcsky",
    "msg": "Error in fetching live holdings",
    "details": {
      "options": {
        "accessToken": "REDACTED",
        "brokeruserId": "S10272",
        "gateway": true,
        "apiKey": "REDACTED",
        "apiSecret": "REDACTED"
      }
    },
    "userId": "69044940460b987a8555aba0",
    "brokerFunctionLogId": "57e8da32-4773-4ff8-ab81-9e8a328829f4",
    "functionName": "Portfolio.liveHoldings",
    "brokerName": "hdfcsky"
  },
  "reqId": "d8904230-c5e9-11f0-91ef-b7bae078c130",
  "msg": "",
  "time": "2025-11-20T08:21:00.023Z",
  "v": 0
},
{
  "name": "sc.service.sc-integrations-brokers-api",
  "version": "3.8.9",
  "hostname": "ip-10-137-0-149",
  "pid": 2788,
  "type": "SC_BROKER",
  "level": 30,
  "context": {
    "options": {
      "accessToken": "REDACTED",
      "brokeruserId": "S10272",
      "gateway": true,
      "apiKey": "REDACTED",
      "apiSecret": "REDACTED"
    },
    "response": {
      "error": {
        "code": false,
        "reason": "error",
        "message": "Failed to fetch holdings",
        "stack": "Error: HTTP 401: {\"error\":\"invalid credentials\"}\n    at requestBroker (/deployments/sc-integrations-broker-api/node_modules/@smallcase/sc-integrations-broker-lib/src/brokers/hdfcsky/services/request.js:82:32)\n    at processTicksAndRejections (node:internal/process/task_queues:95:5)\n    at holdings (/deployments/sc-integrations-broker-api/node_modules/@smallcase/sc-integrations-broker-lib/src/brokers/hdfcsky/services/portfolio.js:38:52)\n    at Object.liveHoldings (/deployments/sc-integrations-broker-api/node_modules/@smallcase/sc-integrations-broker-lib/src/brokers/hdfcsky/services/portfolio.js:133:72)\n    at Object.liveHoldings (/deployments/sc-integrations-broker-api/node_modules/@smallcase/sc-integrations-broker-lib/src/brokers/hdfcsky/api.js:125:60)",
        "statusCode": 401,
        "body": {
          "error": "invalid credentials"
        }
      },
      "response": {
        "code": false,
        "reason": "error",
        "message": "Failed to fetch holdings",
        "stack": "Error: HTTP 401: {\"error\":\"invalid credentials\"}\n    at requestBroker (/deployments/sc-integrations-broker-api/node_modules/@smallcase/sc-integrations-broker-lib/src/brokers/hdfcsky/services/request.js:82:32)\n    at processTicksAndRejections (node:internal/process/task_queues:95:5)\n    at holdings (/deployments/sc-integrations-broker-api/node_modules/@smallcase/sc-integrations-broker-lib/src/brokers/hdfcsky/services/portfolio.js:38:52)\n    at Object.liveHoldings (/deployments/sc-integrations-broker-api/node_modules/@smallcase/sc-integrations-broker-lib/src/brokers/hdfcsky/services/portfolio.js:133:72)\n    at Object.liveHoldings (/deployments/sc-integrations-broker-api/node_modules/@smallcase/sc-integrations-broker-lib/src/brokers/hdfcsky/api.js:125:60)",
        "statusCode": 401,
        "body": {
          "error": "invalid credentials"
        }
      }
    },
    "userId": "69044940460b987a8555aba0",
    "brokerFunctionLogId": "57e8da32-4773-4ff8-ab81-9e8a328829f4",
    "brokerApi": {
      "functionName": "Portfolio.liveHoldings",
      "brokerName": "hdfcsky"
    }
  },
  "reqId": "d8904230-c5e9-11f0-91ef-b7bae078c130",
  "msg": "broker lib function response recieved",
  "time": "2025-11-20T08:21:00.023Z",
  "v": 0
},
{
  "name": "sc.service.sc-integrations-brokers-api",
  "version": "3.8.9",
  "hostname": "ip-10-137-0-149",
  "pid": 2788,
  "type": "SC_BROKER",
  "level": 50,
  "err": {
    "message": "Request failed with status code 401",
    "name": "AxiosError",
    "stack": "AxiosError: Request failed with status code 401\n    at settle (/deployments/sc-integrations-broker-api/node_modules/axios/lib/core/settle.js:17:12)\n    at IncomingMessage.handleStreamEnd (/deployments/sc-integrations-broker-api/node_modules/axios/lib/adapters/http.js:382:11)\n    at IncomingMessage.emit (node:events:525:35)\n    at endReadableNT (node:internal/streams/readable:1359:12)\n    at processTicksAndRejections (node:internal/process/task_queues:82:21)"
  },
  "context": {
    "broker": "hdfcsky",
    "msg": "Error in request - Request failed with status code 401",
    "details": {
      "request": {
        "url": "https://developer.hdfcsky.com/oapi/v1/holdings?api_key=1bc928ff1ce54970b0a2f2ae4740dc77&client_id=S10272",
        "method": "GET",
        "headers": {
          "Authorization": "REDACTED",
          "Content-Type": "application/json"
        },
        "timeout": 20000
      },
      "userId": "S10272",
      "accessToken": "REDACTED",
      "response": {
        "error": "invalid credentials"
      }
    },
    "userId": "69044940460b987a8555aba0",
    "brokerFunctionLogId": "57e8da32-4773-4ff8-ab81-9e8a328829f4",
    "functionName": "Portfolio.liveHoldings",
    "brokerName": "hdfcsky"
  },
  "reqId": "d8904230-c5e9-11f0-91ef-b7bae078c130",
  "msg": "",
  "time": "2025-11-20T08:21:00.021Z",
  "v": 0
},
{
  "name": "sc.service.sc-integrations-brokers-api",
  "version": "3.8.9",
  "hostname": "ip-10-137-0-149",
  "pid": 2795,
  "type": "SC_BROKER",
  "level": 30,
  "context": {
    "options": {
      "apiKey": "REDACTED",
      "accessToken": "REDACTED",
      "apiSecret": "REDACTED",
      "ipAddress": "REDACTED"
    },
    "response": {
      "error": {
        "code": false,
        "reason": "failure",
        "statusCode": 500,
        "message": "Session check failed"
      },
      "response": {
        "code": false,
        "reason": "failure",
        "statusCode": 500,
        "message": "Session check failed"
      }
    },
    "userId": "69044940460b987a8555aba0",
    "brokerFunctionLogId": "5bbcf137-2fcd-4fcb-b528-eeeaca492445",
    "brokerApi": {
      "functionName": "User.checkSession",
      "brokerName": "hdfcsky"
    }
  },
  "reqId": "d88dd130-c5e9-11f0-b207-ab18fd81b8ce",
  "msg": "broker lib function response recieved",
  "time": "2025-11-20T08:20:59.996Z",
  "v": 0
},
{
  "name": "sc.service.sc-integrations-brokers-api",
  "version": "3.8.9",
  "hostname": "ip-10-137-0-149",
  "pid": 2795,
  "type": "SC_BROKER",
  "level": 50,
  "err": {
    "message": "Request failed with status code 401",
    "name": "AxiosError",
    "stack": "AxiosError: Request failed with status code 401\n    at settle (/deployments/sc-integrations-broker-api/node_modules/axios/lib/core/settle.js:17:12)\n    at IncomingMessage.handleStreamEnd (/deployments/sc-integrations-broker-api/node_modules/axios/lib/adapters/http.js:382:11)\n    at IncomingMessage.emit (node:events:525:35)\n    at endReadableNT (node:internal/streams/readable:1359:12)\n    at processTicksAndRejections (node:internal/process/task_queues:82:21)"
  },
  "context": {
    "broker": "hdfcsky",
    "msg": "Error in request - Request failed with status code 401",
    "details": {
      "request": {
        "url": "https://developer.hdfcsky.com/oapi/v1/user/trading_info?client_id=S10272&api_key=1bc928ff1ce54970b0a2f2ae4740dc77",
        "method": "GET",
        "headers": {
          "Authorization": "REDACTED",
          "Content-Type": "application/json"
        },
        "timeout": 20000
      },
      "userId": "S10272",
      "accessToken": "REDACTED",
      "response": {
        "error": "invalid credentials"
      }
    },
    "userId": "69044940460b987a8555aba0",
    "brokerFunctionLogId": "5bbcf137-2fcd-4fcb-b528-eeeaca492445",
    "functionName": "User.checkSession",
    "brokerName": "hdfcsky"
  },
  "reqId": "d88dd130-c5e9-11f0-b207-ab18fd81b8ce",
  "msg": "",
  "time": "2025-11-20T08:20:59.995Z",
  "v": 0
},
{
  "name": "sc.service.sc-integrations-brokers-api",
  "version": "3.8.9",
  "hostname": "ip-10-137-0-149",
  "pid": 2795,
  "type": "SC_BROKER",
  "level": 40,
  "err": {},
  "context": {
    "broker": "hdfcsky",
    "msg": "Error in check session",
    "details": {
      "options": {
        "apiKey": "REDACTED",
        "accessToken": "REDACTED",
        "apiSecret": "REDACTED",
        "ipAddress": "REDACTED"
      }
    },
    "userId": "69044940460b987a8555aba0",
    "brokerFunctionLogId": "5bbcf137-2fcd-4fcb-b528-eeeaca492445",
    "functionName": "User.checkSession",
    "brokerName": "hdfcsky"
  },
  "reqId": "d88dd130-c5e9-11f0-b207-ab18fd81b8ce",
  "msg": "",
  "time": "2025-11-20T08:20:59.995Z",
  "v": 0
},
{
  "name": "sc.service.sc-integrations-brokers-api",
  "version": "3.8.9",
  "hostname": "ip-10-137-0-149",
  "pid": 2795,
  "type": "SC_BROKER",
  "level": 40,
  "err": {
    "message": "Failed to fetch holdings",
    "stack": "Error: HTTP 401: {\"error\":\"invalid credentials\"}\n    at requestBroker (/deployments/sc-integrations-broker-api/node_modules/@smallcase/sc-integrations-broker-lib/src/brokers/hdfcsky/services/request.js:82:32)\n    at processTicksAndRejections (node:internal/process/task_queues:95:5)\n    at holdings (/deployments/sc-integrations-broker-api/node_modules/@smallcase/sc-integrations-broker-lib/src/brokers/hdfcsky/services/portfolio.js:38:52)\n    at Object.liveHoldings (/deployments/sc-integrations-broker-api/node_modules/@smallcase/sc-integrations-broker-lib/src/brokers/hdfcsky/services/portfolio.js:133:72)\n    at Object.liveHoldings (/deployments/sc-integrations-broker-api/node_modules/@smallcase/sc-integrations-broker-lib/src/brokers/hdfcsky/api.js:125:60)"
  },
  "context": {
    "broker": "hdfcsky",
    "msg": "Error in fetching live holdings",
    "details": {
      "options": {
        "accessToken": "REDACTED",
        "brokeruserId": "S10272",
        "apiKey": "REDACTED",
        "apiSecret": "REDACTED"
      }
    },
    "userId": "69044940460b987a8555aba0",
    "brokerFunctionLogId": "69955095-f0d7-457e-be77-ded47d844684",
    "functionName": "Portfolio.liveHoldings",
    "brokerName": "hdfcsky"
  },
  "reqId": "d88cbfc0-c5e9-11f0-b207-ab18fd81b8ce",
  "msg": "",
  "time": "2025-11-20T08:20:59.991Z",
  "v": 0
},
{
  "name": "sc.service.sc-integrations-brokers-api",
  "version": "3.8.9",
  "hostname": "ip-10-137-0-149",
  "pid": 2795,
  "type": "SC_BROKER",
  "level": 30,
  "context": {
    "options": {
      "accessToken": "REDACTED",
      "brokeruserId": "S10272",
      "apiKey": "REDACTED",
      "apiSecret": "REDACTED"
    },
    "response": {
      "error": {
        "code": false,
        "reason": "error",
        "message": "Failed to fetch holdings",
        "stack": "Error: HTTP 401: {\"error\":\"invalid credentials\"}\n    at requestBroker (/deployments/sc-integrations-broker-api/node_modules/@smallcase/sc-integrations-broker-lib/src/brokers/hdfcsky/services/request.js:82:32)\n    at processTicksAndRejections (node:internal/process/task_queues:95:5)\n    at holdings (/deployments/sc-integrations-broker-api/node_modules/@smallcase/sc-integrations-broker-lib/src/brokers/hdfcsky/services/portfolio.js:38:52)\n    at Object.liveHoldings (/deployments/sc-integrations-broker-api/node_modules/@smallcase/sc-integrations-broker-lib/src/brokers/hdfcsky/services/portfolio.js:133:72)\n    at Object.liveHoldings (/deployments/sc-integrations-broker-api/node_modules/@smallcase/sc-integrations-broker-lib/src/brokers/hdfcsky/api.js:125:60)",
        "statusCode": 401,
        "body": {
          "error": "invalid credentials"
        }
      },
      "response": {
        "code": false,
        "reason": "error",
        "message": "Failed to fetch holdings",
        "stack": "Error: HTTP 401: {\"error\":\"invalid credentials\"}\n    at requestBroker (/deployments/sc-integrations-broker-api/node_modules/@smallcase/sc-integrations-broker-lib/src/brokers/hdfcsky/services/request.js:82:32)\n    at processTicksAndRejections (node:internal/process/task_queues:95:5)\n    at holdings (/deployments/sc-integrations-broker-api/node_modules/@smallcase/sc-integrations-broker-lib/src/brokers/hdfcsky/services/portfolio.js:38:52)\n    at Object.liveHoldings (/deployments/sc-integrations-broker-api/node_modules/@smallcase/sc-integrations-broker-lib/src/brokers/hdfcsky/services/portfolio.js:133:72)\n    at Object.liveHoldings (/deployments/sc-integrations-broker-api/node_modules/@smallcase/sc-integrations-broker-lib/src/brokers/hdfcsky/api.js:125:60)",
        "statusCode": 401,
        "body": {
          "error": "invalid credentials"
        }
      }
    },
    "userId": "69044940460b987a8555aba0",
    "brokerFunctionLogId": "69955095-f0d7-457e-be77-ded47d844684",
    "brokerApi": {
      "functionName": "Portfolio.liveHoldings",
      "brokerName": "hdfcsky"
    }
  },
  "reqId": "d88cbfc0-c5e9-11f0-b207-ab18fd81b8ce",
  "msg": "broker lib function response recieved",
  "time": "2025-11-20T08:20:59.991Z",
  "v": 0
},
{
  "name": "sc.service.sc-integrations-brokers-api",
  "version": "3.8.9",
  "hostname": "ip-10-137-0-149",
  "pid": 2795,
  "type": "SC_BROKER",
  "level": 50,
  "err": {
    "message": "Request failed with status code 401",
    "name": "AxiosError",
    "stack": "AxiosError: Request failed with status code 401\n    at settle (/deployments/sc-integrations-broker-api/node_modules/axios/lib/core/settle.js:17:12)\n    at IncomingMessage.handleStreamEnd (/deployments/sc-integrations-broker-api/node_modules/axios/lib/adapters/http.js:382:11)\n    at IncomingMessage.emit (node:events:525:35)\n    at endReadableNT (node:internal/streams/readable:1359:12)\n    at processTicksAndRejections (node:internal/process/task_queues:82:21)"
  },
  "context": {
    "broker": "hdfcsky",
    "msg": "Error in request - Request failed with status code 401",
    "details": {
      "request": {
        "url": "https://developer.hdfcsky.com/oapi/v1/holdings?api_key=1bc928ff1ce54970b0a2f2ae4740dc77&client_id=S10272",
        "method": "GET",
        "headers": {
          "Authorization": "REDACTED",
          "Content-Type": "application/json"
        },
        "timeout": 20000
      },
      "userId": "S10272",
      "accessToken": "REDACTED",
      "response": {
        "error": "invalid credentials"
      }
    },
    "userId": "69044940460b987a8555aba0",
    "brokerFunctionLogId": "69955095-f0d7-457e-be77-ded47d844684",
    "functionName": "Portfolio.liveHoldings",
    "brokerName": "hdfcsky"
  },
  "reqId": "d88cbfc0-c5e9-11f0-b207-ab18fd81b8ce",
  "msg": "",
  "time": "2025-11-20T08:20:59.990Z",
  "v": 0
},
{
  "name": "sc.service.sc-integrations-brokers-api",
  "version": "3.8.9",
  "hostname": "ip-10-137-0-149",
  "pid": 2788,
  "type": "SC_BROKER",
  "level": 40,
  "err": {},
  "context": {
    "broker": "hdfcsky",
    "msg": "Error in check session",
    "details": {
      "options": {
        "apiKey": "REDACTED",
        "accessToken": "REDACTED",
        "apiSecret": "REDACTED",
        "ipAddress": "REDACTED"
      }
    },
    "userId": "69044940460b987a8555aba0",
    "brokerFunctionLogId": "7dd29458-dc6e-41fe-9e7a-baf0b05afe25",
    "functionName": "User.checkSession",
    "brokerName": "hdfcsky"
  },
  "reqId": "d8817520-c5e9-11f0-91ef-b7bae078c130",
  "msg": "",
  "time": "2025-11-20T08:20:59.914Z",
  "v": 0
},
{
  "name": "sc.service.sc-integrations-brokers-api",
  "version": "3.8.9",
  "hostname": "ip-10-137-0-149",
  "pid": 2788,
  "type": "SC_BROKER",
  "level": 30,
  "context": {
    "options": {
      "apiKey": "REDACTED",
      "accessToken": "REDACTED",
      "apiSecret": "REDACTED",
      "ipAddress": "REDACTED"
    },
    "response": {
      "error": {
        "code": false,
        "reason": "failure",
        "statusCode": 500,
        "message": "Session check failed"
      },
      "response": {
        "code": false,
        "reason": "failure",
        "statusCode": 500,
        "message": "Session check failed"
      }
    },
    "userId": "69044940460b987a8555aba0",
    "brokerFunctionLogId": "7dd29458-dc6e-41fe-9e7a-baf0b05afe25",
    "brokerApi": {
      "functionName": "User.checkSession",
      "brokerName": "hdfcsky"
    }
  },
  "reqId": "d8817520-c5e9-11f0-91ef-b7bae078c130",
  "msg": "broker lib function response recieved",
  "time": "2025-11-20T08:20:59.914Z",
  "v": 0
},
{
  "name": "sc.service.sc-integrations-brokers-api",
  "version": "3.8.9",
  "hostname": "ip-10-137-0-149",
  "pid": 2788,
  "type": "SC_BROKER",
  "level": 50,
  "err": {
    "message": "Request failed with status code 401",
    "name": "AxiosError",
    "stack": "AxiosError: Request failed with status code 401\n    at settle (/deployments/sc-integrations-broker-api/node_modules/axios/lib/core/settle.js:17:12)\n    at IncomingMessage.handleStreamEnd (/deployments/sc-integrations-broker-api/node_modules/axios/lib/adapters/http.js:382:11)\n    at IncomingMessage.emit (node:events:525:35)\n    at endReadableNT (node:internal/streams/readable:1359:12)\n    at processTicksAndRejections (node:internal/process/task_queues:82:21)"
  },
  "context": {
    "broker": "hdfcsky",
    "msg": "Error in request - Request failed with status code 401",
    "details": {
      "request": {
        "url": "https://developer.hdfcsky.com/oapi/v1/user/trading_info?client_id=S10272&api_key=1bc928ff1ce54970b0a2f2ae4740dc77",
        "method": "GET",
        "headers": {
          "Authorization": "REDACTED",
          "Content-Type": "application/json"
        },
        "timeout": 20000
      },
      "userId": "S10272",
      "accessToken": "REDACTED",
      "response": {
        "error": "invalid credentials"
      }
    },
    "userId": "69044940460b987a8555aba0",
    "brokerFunctionLogId": "7dd29458-dc6e-41fe-9e7a-baf0b05afe25",
    "functionName": "User.checkSession",
    "brokerName": "hdfcsky"
  },
  "reqId": "d8817520-c5e9-11f0-91ef-b7bae078c130",
  "msg": "",
  "time": "2025-11-20T08:20:59.913Z",
  "v": 0
},
{
  "name": "sc.service.sc-integrations-brokers-api",
  "version": "3.8.9",
  "hostname": "ip-10-137-0-149",
  "pid": 2795,
  "type": "SC_BROKER",
  "level": 30,
  "context": {
    "options": {
      "segment": "equity",
      "accessToken": "REDACTED",
      "buyAmount": 399.18,
      "sellAmount": 0,
      "stocksCount": 2,
      "variety": "regular",
      "ipAddress": "REDACTED",
      "noErrorType": false,
      "rebalanceBasketFlag": false,
      "label": "INVESTMORE",
      "clientDetails": {
        "channel": "web",
        "channelIp": "2409:40c0:101f:93f6:5816:8748:2dc:c872",
        "appInstallId": "9941e26b-b33b-596d-af3c-03e53b504cc7",
        "appVersion": "1.0.0",
        "userAgent": "Mozilla/5.0 (Linux; Android 10; K) AppleWebKit/537.36 (KHTML, like Gecko) Chrome/135.0.0.0 Mobile Safari/537.36"
      },
      "apiKey": "REDACTED",
      "apiSecret": "REDACTED",
      "requiredFunds": 399.18
    },
    "response": {
      "error": null,
      "response": {
        "code": true,
        "reason": "success",
        "availableFunds": 2970.89,
        "sufficientFunds": true,
        "requiredFunds": 399.18,
        "allowedSellValues": {
          "T0": 0,
          "T1": 1
        },
        "buyValue": 399.18,
        "sellValue": 0,
        "bufferAdded": false
      }
    },
    "userId": "69044940460b987a8555aba0",
    "brokerFunctionLogId": "18174d42-8838-42f0-bbfe-acd02d97e944",
    "brokerApi": {
      "functionName": "Funds.check",
      "brokerName": "hdfcsky"
    }
  },
  "reqId": "c6f87970-c5e9-11f0-b207-ab18fd81b8ce",
  "msg": "broker lib function response recieved",
  "time": "2025-11-20T08:20:30.560Z",
  "v": 0
},
{
  "name": "sc.service.sc-integrations-brokers-api",
  "version": "3.8.9",
  "hostname": "ip-10-137-0-149",
  "pid": 2795,
  "type": "SC_BROKER",
  "level": 30,
  "context": {
    "broker": "hdfcsky",
    "msg": "Successful request",
    "details": {
      "request": {
        "url": "https://developer.hdfcsky.com/oapi/v1/funds/view?api_key=1bc928ff1ce54970b0a2f2ae4740dc77&client_id=S10272&type=all",
        "method": "GET",
        "headers": {
          "Authorization": "REDACTED",
          "Content-Type": "application/json"
        },
        "timeout": 20000
      },
      "userId": "S10272",
      "accessToken": "REDACTED",
      "response": {
        "statusCode": 200,
        "body": {
          "data": {
            "client_id": "REDACTED",
            "headers": [
              "Description",
              "all"
            ],
            "realized_mtm": "-69.86",
            "unrealized_mtm": "0.00",
            "values": [
              [
                "Available Margin",
                "2970.89"
              ],
              [
                "Opening Balance",
                "3085.29"
              ],
              [
                "Margin Used",
                "44.54"
              ],
              [
                "Pay In",
                "0.00"
              ],
              [
                "Pay Out",
                "0.00"
              ],
              [
                "Withdrawable Funds",
                "3015.43"
              ],
              [
                "Pledge Benefit",
                "0.00"
              ],
              [
                "Equity Credit Sell",
                "0.00"
              ],
              [
                "Option Credit For Sell",
                "0.00"
              ],
              [
                "Realized MTM",
                "-69.86"
              ],
              [
                "Unrealized MTM",
                "0.00"
              ],
              [
                "MTM",
                "-69.86"
              ],
              [
                "MTF Available Limit",
                "8438.30"
              ],
              [
                "MTF Opening Balance",
                "12893.30"
              ],
              [
                "MTF Withdrawal Limit",
                "8438.30"
              ],
              [
                "MTF Margin Blocked",
                "2919.69"
              ],
              [
                "CTD MTF Margin Blocked",
                "0.00"
              ],
              [
                "MTF Used Pledge Benefit",
                "0.00"
              ],
              [
                "MTF PNL",
                "-11.10"
              ],
              [
                "MTF Equity Credit For Sell",
                "0.00"
              ],
              [
                "MTF Day Margin",
                "1524.21"
              ],
              [
                "MTF Payout",
                "0.00"
              ],
              [
                "Day txn charges",
                "1525.54"
              ]
            ]
          },
          "message": "",
          "status": "success"
        }
      },
      "responseString": {
        "data": {
          "client_id": "REDACTED",
          "headers": [
            "Description",
            "all"
          ],
          "realized_mtm": "-69.86",
          "unrealized_mtm": "0.00",
          "values": [
            [
              "Available Margin",
              "2970.89"
            ],
            [
              "Opening Balance",
              "3085.29"
            ],
            [
              "Margin Used",
              "44.54"
            ],
            [
              "Pay In",
              "0.00"
            ],
            [
              "Pay Out",
              "0.00"
            ],
            [
              "Withdrawable Funds",
              "3015.43"
            ],
            [
              "Pledge Benefit",
              "0.00"
            ],
            [
              "Equity Credit Sell",
              "0.00"
            ],
            [
              "Option Credit For Sell",
              "0.00"
            ],
            [
              "Realized MTM",
              "-69.86"
            ],
            [
              "Unrealized MTM",
              "0.00"
            ],
            [
              "MTM",
              "-69.86"
            ],
            [
              "MTF Available Limit",
              "8438.30"
            ],
            [
              "MTF Opening Balance",
              "12893.30"
            ],
            [
              "MTF Withdrawal Limit",
              "8438.30"
            ],
            [
              "MTF Margin Blocked",
              "2919.69"
            ],
            [
              "CTD MTF Margin Blocked",
              "0.00"
            ],
            [
              "MTF Used Pledge Benefit",
              "0.00"
            ],
            [
              "MTF PNL",
              "-11.10"
            ],
            [
              "MTF Equity Credit For Sell",
              "0.00"
            ],
            [
              "MTF Day Margin",
              "1524.21"
            ],
            [
              "MTF Payout",
              "0.00"
            ],
            [
              "Day txn charges",
              "1525.54"
            ]
          ]
        },
        "message": "",
        "status": "success"
      }
    },
    "userId": "69044940460b987a8555aba0",
    "brokerFunctionLogId": "18174d42-8838-42f0-bbfe-acd02d97e944",
    "functionName": "Funds.check",
    "brokerName": "hdfcsky"
  },
  "reqId": "c6f87970-c5e9-11f0-b207-ab18fd81b8ce",
  "msg": "",
  "time": "2025-11-20T08:20:30.558Z",
  "v": 0
},
{
  "name": "sc.service.sc-integrations-brokers-api",
  "version": "3.8.9",
  "hostname": "ip-10-137-0-149",
  "pid": 2795,
  "type": "SC_BROKER",
  "level": 40,
  "err": {
    "message": "Failed to fetch holdings",
    "stack": "Error: HTTP 401: {\"error\":\"invalid credentials\"}\n    at requestBroker (/deployments/sc-integrations-broker-api/node_modules/@smallcase/sc-integrations-broker-lib/src/brokers/hdfcsky/services/request.js:82:32)\n    at processTicksAndRejections (node:internal/process/task_queues:95:5)\n    at holdings (/deployments/sc-integrations-broker-api/node_modules/@smallcase/sc-integrations-broker-lib/src/brokers/hdfcsky/services/portfolio.js:38:52)\n    at Object.liveHoldings (/deployments/sc-integrations-broker-api/node_modules/@smallcase/sc-integrations-broker-lib/src/brokers/hdfcsky/services/portfolio.js:133:72)\n    at Object.liveHoldings (/deployments/sc-integrations-broker-api/node_modules/@smallcase/sc-integrations-broker-lib/src/brokers/hdfcsky/api.js:125:60)"
  },
  "context": {
    "broker": "hdfcsky",
    "msg": "Error in fetching live holdings",
    "details": {
      "options": {
        "accessToken": "REDACTED",
        "brokeruserId": "S10272",
        "apiKey": "REDACTED",
        "apiSecret": "REDACTED"
      }
    },
    "userId": "69044940460b987a8555aba0",
    "brokerFunctionLogId": "9caa39c1-80a5-40cc-b1f6-b34bb5182cc2",
    "functionName": "Portfolio.liveHoldings",
    "brokerName": "hdfcsky"
  },
  "reqId": "b3ae45c0-c5e9-11f0-b207-ab18fd81b8ce",
  "msg": "",
  "time": "2025-11-20T08:19:58.124Z",
  "v": 0
},
{
  "name": "sc.service.sc-integrations-brokers-api",
  "version": "3.8.9",
  "hostname": "ip-10-137-0-149",
  "pid": 2795,
  "type": "SC_BROKER",
  "level": 30,
  "context": {
    "options": {
      "accessToken": "REDACTED",
      "brokeruserId": "S10272",
      "apiKey": "REDACTED",
      "apiSecret": "REDACTED"
    },
    "response": {
      "error": {
        "code": false,
        "reason": "error",
        "message": "Failed to fetch holdings",
        "stack": "Error: HTTP 401: {\"error\":\"invalid credentials\"}\n    at requestBroker (/deployments/sc-integrations-broker-api/node_modules/@smallcase/sc-integrations-broker-lib/src/brokers/hdfcsky/services/request.js:82:32)\n    at processTicksAndRejections (node:internal/process/task_queues:95:5)\n    at holdings (/deployments/sc-integrations-broker-api/node_modules/@smallcase/sc-integrations-broker-lib/src/brokers/hdfcsky/services/portfolio.js:38:52)\n    at Object.liveHoldings (/deployments/sc-integrations-broker-api/node_modules/@smallcase/sc-integrations-broker-lib/src/brokers/hdfcsky/services/portfolio.js:133:72)\n    at Object.liveHoldings (/deployments/sc-integrations-broker-api/node_modules/@smallcase/sc-integrations-broker-lib/src/brokers/hdfcsky/api.js:125:60)",
        "statusCode": 401,
        "body": {
          "error": "invalid credentials"
        }
      },
      "response": {
        "code": false,
        "reason": "error",
        "message": "Failed to fetch holdings",
        "stack": "Error: HTTP 401: {\"error\":\"invalid credentials\"}\n    at requestBroker (/deployments/sc-integrations-broker-api/node_modules/@smallcase/sc-integrations-broker-lib/src/brokers/hdfcsky/services/request.js:82:32)\n    at processTicksAndRejections (node:internal/process/task_queues:95:5)\n    at holdings (/deployments/sc-integrations-broker-api/node_modules/@smallcase/sc-integrations-broker-lib/src/brokers/hdfcsky/services/portfolio.js:38:52)\n    at Object.liveHoldings (/deployments/sc-integrations-broker-api/node_modules/@smallcase/sc-integrations-broker-lib/src/brokers/hdfcsky/services/portfolio.js:133:72)\n    at Object.liveHoldings (/deployments/sc-integrations-broker-api/node_modules/@smallcase/sc-integrations-broker-lib/src/brokers/hdfcsky/api.js:125:60)",
        "statusCode": 401,
        "body": {
          "error": "invalid credentials"
        }
      }
    },
    "userId": "69044940460b987a8555aba0",
    "brokerFunctionLogId": "9caa39c1-80a5-40cc-b1f6-b34bb5182cc2",
    "brokerApi": {
      "functionName": "Portfolio.liveHoldings",
      "brokerName": "hdfcsky"
    }
  },
  "reqId": "b3ae45c0-c5e9-11f0-b207-ab18fd81b8ce",
  "msg": "broker lib function response recieved",
  "time": "2025-11-20T08:19:58.124Z",
  "v": 0
},
{
  "name": "sc.service.sc-integrations-brokers-api",
  "version": "3.8.9",
  "hostname": "ip-10-137-0-149",
  "pid": 2795,
  "type": "SC_BROKER",
  "level": 50,
  "err": {
    "message": "Request failed with status code 401",
    "name": "AxiosError",
    "stack": "AxiosError: Request failed with status code 401\n    at settle (/deployments/sc-integrations-broker-api/node_modules/axios/lib/core/settle.js:17:12)\n    at IncomingMessage.handleStreamEnd (/deployments/sc-integrations-broker-api/node_modules/axios/lib/adapters/http.js:382:11)\n    at IncomingMessage.emit (node:events:525:35)\n    at endReadableNT (node:internal/streams/readable:1359:12)\n    at processTicksAndRejections (node:internal/process/task_queues:82:21)"
  },
  "context": {
    "broker": "hdfcsky",
    "msg": "Error in request - Request failed with status code 401",
    "details": {
      "request": {
        "url": "https://developer.hdfcsky.com/oapi/v1/holdings?api_key=1bc928ff1ce54970b0a2f2ae4740dc77&client_id=S10272",
        "method": "GET",
        "headers": {
          "Authorization": "REDACTED",
          "Content-Type": "application/json"
        },
        "timeout": 20000
      },
      "userId": "S10272",
      "accessToken": "REDACTED",
      "response": {
        "error": "invalid credentials"
      }
    },
    "userId": "69044940460b987a8555aba0",
    "brokerFunctionLogId": "9caa39c1-80a5-40cc-b1f6-b34bb5182cc2",
    "functionName": "Portfolio.liveHoldings",
    "brokerName": "hdfcsky"
  },
  "reqId": "b3ae45c0-c5e9-11f0-b207-ab18fd81b8ce",
  "msg": "",
  "time": "2025-11-20T08:19:58.123Z",
  "v": 0
},
{
  "name": "sc.service.sc-integrations-brokers-api",
  "version": "3.8.9",
  "hostname": "ip-10-137-0-149",
  "pid": 2788,
  "type": "SC_BROKER",
  "level": 30,
  "context": {
    "options": {
      "apiKey": "REDACTED",
      "accessToken": "REDACTED",
      "apiSecret": "REDACTED",
      "ipAddress": "REDACTED"
    },
    "response": {
      "error": {
        "code": false,
        "reason": "failure",
        "statusCode": 500,
        "message": "Session check failed"
      },
      "response": {
        "code": false,
        "reason": "failure",
        "statusCode": 500,
        "message": "Session check failed"
      }
    },
    "userId": "69044940460b987a8555aba0",
    "brokerFunctionLogId": "b7475648-0425-4a4c-8c53-e5f87dc3a004",
    "brokerApi": {
      "functionName": "User.checkSession",
      "brokerName": "hdfcsky"
    }
  },
  "reqId": "b39d07b0-c5e9-11f0-91ef-b7bae078c130",
  "msg": "broker lib function response recieved",
  "time": "2025-11-20T08:19:58.016Z",
  "v": 0
},
{
  "name": "sc.service.sc-integrations-brokers-api",
  "version": "3.8.9",
  "hostname": "ip-10-137-0-149",
  "pid": 2788,
  "type": "SC_BROKER",
  "level": 50,
  "err": {
    "message": "Request failed with status code 401",
    "name": "AxiosError",
    "stack": "AxiosError: Request failed with status code 401\n    at settle (/deployments/sc-integrations-broker-api/node_modules/axios/lib/core/settle.js:17:12)\n    at IncomingMessage.handleStreamEnd (/deployments/sc-integrations-broker-api/node_modules/axios/lib/adapters/http.js:382:11)\n    at IncomingMessage.emit (node:events:525:35)\n    at endReadableNT (node:internal/streams/readable:1359:12)\n    at processTicksAndRejections (node:internal/process/task_queues:82:21)"
  },
  "context": {
    "broker": "hdfcsky",
    "msg": "Error in request - Request failed with status code 401",
    "details": {
      "request": {
        "url": "https://developer.hdfcsky.com/oapi/v1/user/trading_info?client_id=S10272&api_key=1bc928ff1ce54970b0a2f2ae4740dc77",
        "method": "GET",
        "headers": {
          "Authorization": "REDACTED",
          "Content-Type": "application/json"
        },
        "timeout": 20000
      },
      "userId": "S10272",
      "accessToken": "REDACTED",
      "response": {
        "error": "invalid credentials"
      }
    },
    "userId": "69044940460b987a8555aba0",
    "brokerFunctionLogId": "b7475648-0425-4a4c-8c53-e5f87dc3a004",
    "functionName": "User.checkSession",
    "brokerName": "hdfcsky"
  },
  "reqId": "b39d07b0-c5e9-11f0-91ef-b7bae078c130",
  "msg": "",
  "time": "2025-11-20T08:19:58.015Z",
  "v": 0
},
{
  "name": "sc.service.sc-integrations-brokers-api",
  "version": "3.8.9",
  "hostname": "ip-10-137-0-149",
  "pid": 2788,
  "type": "SC_BROKER",
  "level": 40,
  "err": {},
  "context": {
    "broker": "hdfcsky",
    "msg": "Error in check session",
    "details": {
      "options": {
        "apiKey": "REDACTED",
        "accessToken": "REDACTED",
        "apiSecret": "REDACTED",
        "ipAddress": "REDACTED"
      }
    },
    "userId": "69044940460b987a8555aba0",
    "brokerFunctionLogId": "b7475648-0425-4a4c-8c53-e5f87dc3a004",
    "functionName": "User.checkSession",
    "brokerName": "hdfcsky"
  },
  "reqId": "b39d07b0-c5e9-11f0-91ef-b7bae078c130",
  "msg": "",
  "time": "2025-11-20T08:19:58.015Z",
  "v": 0
},
{
  "name": "sc.service.sc-integrations-brokers-api",
  "version": "3.8.9",
  "hostname": "ip-10-137-0-149",
  "pid": 2795,
  "type": "SC_BROKER",
  "level": 30,
  "context": {
    "options": {
      "accessToken": "REDACTED",
      "apiKey": "REDACTED",
      "apiSecret": "REDACTED",
      "buyAmount": 0,
      "sellAmount": 0,
      "stocksCount": 0
    },
    "response": {
      "error": null,
      "response": {
        "code": true,
        "reason": "success",
        "sufficientFunds": true,
        "requiredFunds": 0,
        "allowedSellValues": {
          "T0": 0,
          "T1": 1
        }
      }
    },
    "user": {
      "id": "69044940460b987a8555aba0"
    },
    "brokerFunctionLogId": "4f8e9662-d8a7-4545-ba61-6fb987dda3eb",
    "brokerApi": {
      "functionName": "Funds.check",
      "brokerName": "hdfcsky"
    }
  },
  "reqId": "b394f160-c5e9-11f0-b207-ab18fd81b8ce",
  "msg": "broker lib function response recieved",
  "time": "2025-11-20T08:19:57.944Z",
  "v": 0
},
{
  "name": "sc.service.sc-integrations-brokers-api",
  "version": "3.8.9",
  "hostname": "ip-10-137-0-149",
  "pid": 2795,
  "type": "SERVER_LOG",
  "level": 30,
  "context": {
    "userId": "69044940460b987a8555aba0",
    "options": {
      "brokerName": "hdfcsky",
      "userId": "69044940460b987a8555aba0",
      "brokerId": "S10272",
      "accessToken": "REDACTED",
      "orders": [
        {
          "sid": "YESB",
          "quantity": 1,
          "transactionType": "BUY",
          "orderType": "MARKET",
          "exchange": "NSE"
        },
        {
          "sid": "SHRI",
          "quantity": 2,
          "transactionType": "BUY",
          "orderType": "MARKET",
          "exchange": "NSE"
        }
      ],
      "clientDetails": {
        "channel": "web",
        "channelIp": "2409:40c0:101f:93f6:5816:8748:2dc:c872",
        "appInstallId": "9941e26b-b33b-596d-af3c-03e53b504cc7",
        "appVersion": "1.0.0",
        "userAgent": "Mozilla/5.0 (Linux; Android 10; K) AppleWebKit/537.36 (KHTML, like Gecko) Chrome/135.0.0.0 Mobile Safari/537.36"
      },
      "ipAddress": "REDACTED"
    },
    "charges": {
      "type": "CHARGES",
      "data": {
        "brokerage": 4,
        "stt": 0.0432,
        "transactionCharge": 0.0014903999999999998,
        "sebiTurnoverCharge": 0.0000432,
        "stampDuty": 0.00648,
        "gst": 0.7202760479999999,
        "dpCharges": 0,
        "clearingCharges": 0
      }
    }
  },
  "reqId": "ad1d5d40-c5e9-11f0-b207-ab18fd81b8ce",
  "msg": "calculated charges",
  "time": "2025-11-20T08:19:47.105Z",
  "v": 0
},
{
  "name": "sc.service.sc-integrations-brokers-api",
  "version": "3.8.9",
  "hostname": "ip-10-137-0-149",
  "pid": 2795,
  "type": "SERVER_LOG",
  "level": 30,
  "context": {
    "userId": "69044940460b987a8555aba0",
    "brokerId": "S10272",
    "brokerName": "hdfcsky",
    "requestBody": {
      "brokerName": "hdfcsky",
      "options": {
        "userId": "69044940460b987a8555aba0",
        "brokerId": "S10272",
        "accessToken": "REDACTED",
        "orders": [
          {
            "sid": "YESB",
            "quantity": 1,
            "transactionType": "BUY",
            "orderType": "MARKET"
          },
          {
            "sid": "SHRI",
            "quantity": 2,
            "transactionType": "BUY",
            "orderType": "MARKET"
          }
        ],
        "clientDetails": {
          "channel": "web",
          "channelIp": "2409:40c0:101f:93f6:5816:8748:2dc:c872",
          "appInstallId": "9941e26b-b33b-596d-af3c-03e53b504cc7",
          "appVersion": "1.0.0",
          "userAgent": "Mozilla/5.0 (Linux; Android 10; K) AppleWebKit/537.36 (KHTML, like Gecko) Chrome/135.0.0.0 Mobile Safari/537.36"
        }
      }
    }
  },
  "reqId": "ad1d5d40-c5e9-11f0-b207-ab18fd81b8ce",
  "msg": "get brokerage request received",
  "time": "2025-11-20T08:19:47.097Z",
  "v": 0
},
{
  "name": "sc.service.sc-integrations-brokers-api",
  "version": "3.8.9",
  "hostname": "ip-10-137-0-149",
  "pid": 2795,
  "type": "SC_BROKER",
  "level": 30,
  "context": {
    "options": {
      "segment": "equity",
      "accessToken": "REDACTED",
      "ipAddress": "REDACTED",
      "clientDetails": {
        "channel": "web",
        "channelIp": "2409:40c0:101f:93f6:5816:8748:2dc:c872",
        "appInstallId": "9941e26b-b33b-596d-af3c-03e53b504cc7",
        "appVersion": "1.0.0",
        "userAgent": "Mozilla/5.0 (Linux; Android 10; K) AppleWebKit/537.36 (KHTML, like Gecko) Chrome/135.0.0.0 Mobile Safari/537.36"
      },
      "apiKey": "REDACTED",
      "apiSecret": "REDACTED"
    },
    "response": {
      "error": null,
      "response": {
        "code": true,
        "reason": "success",
        "message": "Session check successful"
      }
    },
    "userId": "69044940460b987a8555aba0",
    "brokerFunctionLogId": "e19470e9-1981-4dc3-bab2-9dff67ae5df4",
    "brokerApi": {
      "functionName": "User.checkSession",
      "brokerName": "hdfcsky"
    }
  },
  "reqId": "acdea690-c5e9-11f0-b207-ab18fd81b8ce",
  "msg": "broker lib function response recieved",
  "time": "2025-11-20T08:19:46.745Z",
  "v": 0
},
{
  "name": "sc.service.sc-integrations-brokers-api",
  "version": "3.8.9",
  "hostname": "ip-10-137-0-149",
  "pid": 2795,
  "type": "SC_BROKER",
  "level": 30,
  "context": {
    "broker": "hdfcsky",
    "msg": "Successful request",
    "details": {
      "request": {
        "url": "https://developer.hdfcsky.com/oapi/v1/user/trading_info?client_id=S10272&api_key=1bc928ff1ce54970b0a2f2ae4740dc77",
        "method": "GET",
        "headers": {
          "Authorization": "REDACTED",
          "Content-Type": "application/json"
        },
        "timeout": 20000
      },
      "userId": "S10272",
      "accessToken": "REDACTED",
      "response": {
        "statusCode": 200,
        "body": {
          "data": {
            "client_id": "REDACTED",
            "ddpi": true,
            "exchanges_subscribed": [
              ""
            ],
            "name": "REDACTED",
            "poa_enabled": false,
            "products_enabled": [
              "CNC",
              "MIS",
              "NRML",
              "MTF"
            ],
            "status": "active"
          },
          "message": "",
          "status": "success"
        }
      },
      "responseString": {
        "data": {
          "client_id": "REDACTED",
          "ddpi": true,
          "exchanges_subscribed": [
            ""
          ],
          "name": "REDACTED",
          "poa_enabled": false,
          "products_enabled": [
            "CNC",
            "MIS",
            "NRML",
            "MTF"
          ],
          "status": "active"
        },
        "message": "",
        "status": "success"
      }
    },
    "userId": "69044940460b987a8555aba0",
    "brokerFunctionLogId": "e19470e9-1981-4dc3-bab2-9dff67ae5df4",
    "functionName": "User.checkSession",
    "brokerName": "hdfcsky"
  },
  "reqId": "acdea690-c5e9-11f0-b207-ab18fd81b8ce",
  "msg": "",
  "time": "2025-11-20T08:19:46.742Z",
  "v": 0
},
{
  "name": "sc.service.sc-integrations-brokers-api",
  "version": "3.8.9",
  "hostname": "ip-10-137-0-149",
  "pid": 2795,
  "type": "SC_BROKER",
  "level": 30,
  "context": {
    "options": {
      "accessToken": "REDACTED",
      "apiKey": "REDACTED",
      "apiSecret": "REDACTED",
      "buyAmount": 0,
      "sellAmount": 0,
      "stocksCount": 0
    },
    "response": {
      "error": null,
      "response": {
        "code": true,
        "reason": "success",
        "sufficientFunds": true,
        "requiredFunds": 0,
        "allowedSellValues": {
          "T0": 0,
          "T1": 1
        }
      }
    },
    "user": {
      "id": "69044940460b987a8555aba0"
    },
    "brokerFunctionLogId": "b4aa6587-b378-442d-a974-5dda1dc13c2e",
    "brokerApi": {
      "functionName": "Funds.check",
      "brokerName": "hdfcsky"
    }
  },
  "reqId": "2f513b70-c5e9-11f0-b207-ab18fd81b8ce",
  "msg": "broker lib function response recieved",
  "time": "2025-11-20T08:16:16.041Z",
  "v": 0
},
{
  "name": "sc.service.sc-integrations-brokers-api",
  "version": "3.8.9",
  "hostname": "ip-10-137-0-149",
  "pid": 2795,
  "type": "SC_BROKER",
  "level": 30,
  "context": {
    "options": {
      "accessToken": "REDACTED",
      "apiKey": "REDACTED",
      "apiSecret": "REDACTED",
      "buyAmount": 0,
      "sellAmount": 0,
      "stocksCount": 0
    },
    "response": {
      "error": null,
      "response": {
        "code": true,
        "reason": "success",
        "sufficientFunds": true,
        "requiredFunds": 0,
        "allowedSellValues": {
          "T0": 0,
          "T1": 1
        }
      }
    },
    "user": {
      "id": "69044940460b987a8555aba0"
    },
    "brokerFunctionLogId": "10a57769-5e68-4a41-af89-6590e41ef0a8",
    "brokerApi": {
      "functionName": "Funds.check",
      "brokerName": "hdfcsky"
    }
  },
  "reqId": "2f468d10-c5e9-11f0-b207-ab18fd81b8ce",
  "msg": "broker lib function response recieved",
  "time": "2025-11-20T08:16:15.971Z",
  "v": 0
},
{
  "name": "sc.service.sc-integrations-brokers-api",
  "version": "3.8.9",
  "hostname": "ip-10-137-0-149",
  "pid": 2795,
  "type": "SC_BROKER",
  "level": 30,
  "context": {
    "options": {
      "accessToken": "REDACTED",
      "apiKey": "REDACTED",
      "apiSecret": "REDACTED",
      "buyAmount": 0,
      "sellAmount": 0,
      "stocksCount": 0
    },
    "response": {
      "error": null,
      "response": {
        "code": true,
        "reason": "success",
        "sufficientFunds": true,
        "requiredFunds": 0,
        "allowedSellValues": {
          "T0": 0,
          "T1": 1
        }
      }
    },
    "user": {
      "id": "69044940460b987a8555aba0"
    },
    "brokerFunctionLogId": "0783626e-2a09-46b1-ac9c-15c8d9c9d5c5",
    "brokerApi": {
      "functionName": "Funds.check",
      "brokerName": "hdfcsky"
    }
  },
  "reqId": "2f2f3480-c5e9-11f0-b207-ab18fd81b8ce",
  "msg": "broker lib function response recieved",
  "time": "2025-11-20T08:16:15.818Z",
  "v": 0
},
{
  "name": "sc.service.sc-integrations-brokers-api",
  "version": "3.8.9",
  "hostname": "ip-10-137-0-149",
  "pid": 2795,
  "type": "SC_BROKER",
  "level": 40,
  "err": {
    "message": "Failed to fetch holdings",
    "stack": "Error: HTTP 401: {\"error\":\"invalid credentials\"}\n    at requestBroker (/deployments/sc-integrations-broker-api/node_modules/@smallcase/sc-integrations-broker-lib/src/brokers/hdfcsky/services/request.js:82:32)\n    at processTicksAndRejections (node:internal/process/task_queues:95:5)\n    at holdings (/deployments/sc-integrations-broker-api/node_modules/@smallcase/sc-integrations-broker-lib/src/brokers/hdfcsky/services/portfolio.js:38:52)\n    at Object.liveHoldings (/deployments/sc-integrations-broker-api/node_modules/@smallcase/sc-integrations-broker-lib/src/brokers/hdfcsky/services/portfolio.js:133:72)\n    at Object.liveHoldings (/deployments/sc-integrations-broker-api/node_modules/@smallcase/sc-integrations-broker-lib/src/brokers/hdfcsky/api.js:125:60)"
  },
  "context": {
    "broker": "hdfcsky",
    "msg": "Error in fetching live holdings",
    "details": {
      "options": {
        "accessToken": "REDACTED",
        "brokeruserId": "S10272",
        "apiKey": "REDACTED",
        "apiSecret": "REDACTED"
      }
    },
    "userId": "69044940460b987a8555aba0",
    "brokerFunctionLogId": "bb628b2c-b50a-457d-8573-483f1000b290",
    "functionName": "Portfolio.liveHoldings",
    "brokerName": "hdfcsky"
  },
  "reqId": "2f26f720-c5e9-11f0-b207-ab18fd81b8ce",
  "msg": "",
  "time": "2025-11-20T08:16:15.779Z",
  "v": 0
},
{
  "name": "sc.service.sc-integrations-brokers-api",
  "version": "3.8.9",
  "hostname": "ip-10-137-0-149",
  "pid": 2795,
  "type": "SC_BROKER",
  "level": 30,
  "context": {
    "options": {
      "accessToken": "REDACTED",
      "brokeruserId": "S10272",
      "apiKey": "REDACTED",
      "apiSecret": "REDACTED"
    },
    "response": {
      "error": {
        "code": false,
        "reason": "error",
        "message": "Failed to fetch holdings",
        "stack": "Error: HTTP 401: {\"error\":\"invalid credentials\"}\n    at requestBroker (/deployments/sc-integrations-broker-api/node_modules/@smallcase/sc-integrations-broker-lib/src/brokers/hdfcsky/services/request.js:82:32)\n    at processTicksAndRejections (node:internal/process/task_queues:95:5)\n    at holdings (/deployments/sc-integrations-broker-api/node_modules/@smallcase/sc-integrations-broker-lib/src/brokers/hdfcsky/services/portfolio.js:38:52)\n    at Object.liveHoldings (/deployments/sc-integrations-broker-api/node_modules/@smallcase/sc-integrations-broker-lib/src/brokers/hdfcsky/services/portfolio.js:133:72)\n    at Object.liveHoldings (/deployments/sc-integrations-broker-api/node_modules/@smallcase/sc-integrations-broker-lib/src/brokers/hdfcsky/api.js:125:60)",
        "statusCode": 401,
        "body": {
          "error": "invalid credentials"
        }
      },
      "response": {
        "code": false,
        "reason": "error",
        "message": "Failed to fetch holdings",
        "stack": "Error: HTTP 401: {\"error\":\"invalid credentials\"}\n    at requestBroker (/deployments/sc-integrations-broker-api/node_modules/@smallcase/sc-integrations-broker-lib/src/brokers/hdfcsky/services/request.js:82:32)\n    at processTicksAndRejections (node:internal/process/task_queues:95:5)\n    at holdings (/deployments/sc-integrations-broker-api/node_modules/@smallcase/sc-integrations-broker-lib/src/brokers/hdfcsky/services/portfolio.js:38:52)\n    at Object.liveHoldings (/deployments/sc-integrations-broker-api/node_modules/@smallcase/sc-integrations-broker-lib/src/brokers/hdfcsky/services/portfolio.js:133:72)\n    at Object.liveHoldings (/deployments/sc-integrations-broker-api/node_modules/@smallcase/sc-integrations-broker-lib/src/brokers/hdfcsky/api.js:125:60)",
        "statusCode": 401,
        "body": {
          "error": "invalid credentials"
        }
      }
    },
    "userId": "69044940460b987a8555aba0",
    "brokerFunctionLogId": "bb628b2c-b50a-457d-8573-483f1000b290",
    "brokerApi": {
      "functionName": "Portfolio.liveHoldings",
      "brokerName": "hdfcsky"
    }
  },
  "reqId": "2f26f720-c5e9-11f0-b207-ab18fd81b8ce",
  "msg": "broker lib function response recieved",
  "time": "2025-11-20T08:16:15.779Z",
  "v": 0
},
{
  "name": "sc.service.sc-integrations-brokers-api",
  "version": "3.8.9",
  "hostname": "ip-10-137-0-149",
  "pid": 2795,
  "type": "SC_BROKER",
  "level": 50,
  "err": {
    "message": "Request failed with status code 401",
    "name": "AxiosError",
    "stack": "AxiosError: Request failed with status code 401\n    at settle (/deployments/sc-integrations-broker-api/node_modules/axios/lib/core/settle.js:17:12)\n    at IncomingMessage.handleStreamEnd (/deployments/sc-integrations-broker-api/node_modules/axios/lib/adapters/http.js:382:11)\n    at IncomingMessage.emit (node:events:525:35)\n    at endReadableNT (node:internal/streams/readable:1359:12)\n    at processTicksAndRejections (node:internal/process/task_queues:82:21)"
  },
  "context": {
    "broker": "hdfcsky",
    "msg": "Error in request - Request failed with status code 401",
    "details": {
      "request": {
        "url": "https://developer.hdfcsky.com/oapi/v1/holdings?api_key=1bc928ff1ce54970b0a2f2ae4740dc77&client_id=S10272",
        "method": "GET",
        "headers": {
          "Authorization": "REDACTED",
          "Content-Type": "application/json"
        },
        "timeout": 20000
      },
      "userId": "S10272",
      "accessToken": "REDACTED",
      "response": {
        "error": "invalid credentials"
      }
    },
    "userId": "69044940460b987a8555aba0",
    "brokerFunctionLogId": "bb628b2c-b50a-457d-8573-483f1000b290",
    "functionName": "Portfolio.liveHoldings",
    "brokerName": "hdfcsky"
  },
  "reqId": "2f26f720-c5e9-11f0-b207-ab18fd81b8ce",
  "msg": "",
  "time": "2025-11-20T08:16:15.778Z",
  "v": 0
},
{
  "name": "sc.service.sc-integrations-brokers-api",
  "version": "3.8.9",
  "hostname": "ip-10-137-0-149",
  "pid": 2795,
  "type": "SC_BROKER",
  "level": 30,
  "context": {
    "options": {
      "accessToken": "REDACTED",
      "apiKey": "REDACTED",
      "apiSecret": "REDACTED",
      "buyAmount": 0,
      "sellAmount": 0,
      "stocksCount": 0
    },
    "response": {
      "error": null,
      "response": {
        "code": true,
        "reason": "success",
        "sufficientFunds": true,
        "requiredFunds": 0,
        "allowedSellValues": {
          "T0": 0,
          "T1": 1
        }
      }
    },
    "user": {
      "id": "69044940460b987a8555aba0"
    },
    "brokerFunctionLogId": "7667991d-26fa-4e2c-bfeb-500d07394ef9",
    "brokerApi": {
      "functionName": "Funds.check",
      "brokerName": "hdfcsky"
    }
  },
  "reqId": "2f10d710-c5e9-11f0-b207-ab18fd81b8ce",
  "msg": "broker lib function response recieved",
  "time": "2025-11-20T08:16:15.619Z",
  "v": 0
},
{
  "name": "sc.service.sc-integrations-brokers-api",
  "version": "3.8.9",
  "hostname": "ip-10-137-0-149",
  "pid": 2788,
  "type": "SC_BROKER",
  "level": 30,
  "context": {
    "options": {
      "accessToken": "REDACTED",
      "segment": "equity",
      "apiKey": "REDACTED",
      "apiSecret": "REDACTED"
    },
    "response": {
      "error": null,
      "response": {
        "code": false,
        "reason": "failure",
        "statusCode": 501
      }
    },
    "userId": "69044940460b987a8555aba0",
    "brokerFunctionLogId": "742f2958-d17f-4d81-8f57-09284c715041",
    "brokerApi": {
      "functionName": "Funds.get",
      "brokerName": "hdfcsky"
    }
  },
  "reqId": "2f071310-c5e9-11f0-91ef-b7bae078c130",
  "msg": "broker lib function response recieved",
  "time": "2025-11-20T08:16:15.555Z",
  "v": 0
},
{
  "name": "sc.service.sc-integrations-brokers-api",
  "version": "3.8.9",
  "hostname": "ip-10-137-0-149",
  "pid": 2795,
  "type": "SC_BROKER",
  "level": 30,
  "context": {
    "options": {
      "accessToken": "REDACTED",
      "brokeruserId": "S10272",
      "gateway": true,
      "apiKey": "REDACTED",
      "apiSecret": "REDACTED"
    },
    "response": {
      "error": null,
      "response": {
        "code": true,
        "reason": "success",
        "payload": [
          {
            "isin": "INE528G01035",
            "tradingsymbol": "YESBANK",
            "brokersymbol": "11915",
            "quantity": 7,
            "averagePrice": 22.93,
            "exchange": "NSE",
            "authorisedQuantity": 7
          },
          {
            "isin": "INE092T01019",
            "tradingsymbol": "IDFCFIRSTB-EQ",
            "brokersymbol": "11184",
            "quantity": 0,
            "averagePrice": null,
            "exchange": "NSE"
          },
          {
            "isin": "INE330T01021",
            "tradingsymbol": "HAPPYFORGE-EQ",
            "brokersymbol": "20854",
            "quantity": 0,
            "averagePrice": null,
            "exchange": "NSE"
          },
          {
            "isin": "INE018A01030",
            "tradingsymbol": "LT-EQ",
            "brokersymbol": "11483",
            "quantity": 0,
            "averagePrice": null,
            "exchange": "NSE"
          },
          {
            "isin": "INE255X01014",
            "tradingsymbol": "MSTCLTD-EQ",
            "brokersymbol": "9356",
            "quantity": 0,
            "averagePrice": null,
            "exchange": "NSE"
          },
          {
            "isin": "INE318A01026",
            "tradingsymbol": "PIDILITIND-EQ",
            "brokersymbol": "2664",
            "quantity": 0,
            "averagePrice": null,
            "exchange": "NSE"
          },
          {
            "isin": "INE916U01025",
            "tradingsymbol": "SFL-EQ",
            "brokersymbol": "19184",
            "quantity": 0,
            "averagePrice": null,
            "exchange": "NSE"
          },
          {
            "isin": "INE397D01024",
            "tradingsymbol": "BHARTIARTL-EQ",
            "brokersymbol": "10604",
            "quantity": 0,
            "averagePrice": null,
            "exchange": "NSE"
          },
          {
            "isin": "INE850M01015",
            "tradingsymbol": "NORTHARC-EQ",
            "brokersymbol": "25426",
            "quantity": 0,
            "averagePrice": null,
            "exchange": "NSE"
          },
          {
            "isin": "INE121E01018",
            "tradingsymbol": "JSWENERGY-EQ",
            "brokersymbol": "17869",
            "quantity": 0,
            "averagePrice": null,
            "exchange": "NSE"
          }
        ]
      }
    },
    "userId": "69044940460b987a8555aba0",
    "brokerFunctionLogId": "a6525a9e-83fa-4779-b98e-b5af73b01f1e",
    "brokerApi": {
      "functionName": "Portfolio.liveHoldings",
      "brokerName": "hdfcsky"
    }
  },
  "reqId": "2ee6b9d0-c5e9-11f0-b207-ab18fd81b8ce",
  "msg": "broker lib function response recieved",
  "time": "2025-11-20T08:16:15.506Z",
  "v": 0
},
{
  "name": "sc.service.sc-integrations-brokers-api",
  "version": "3.8.9",
  "hostname": "ip-10-137-0-149",
  "pid": 2795,
  "type": "SC_BROKER",
  "level": 30,
  "context": {
    "broker": "hdfcsky",
    "msg": "Successful request",
    "details": {
      "request": {
        "url": "https://developer.hdfcsky.com/oapi/v1/positions?api_key=1bc928ff1ce54970b0a2f2ae4740dc77&client_id=S10272&type=historical",
        "method": "GET",
        "headers": {
          "Authorization": "REDACTED",
          "Content-Type": "application/json"
        },
        "timeout": 20000
      },
      "userId": "S10272",
      "accessToken": "REDACTED",
      "response": {
        "statusCode": 200,
        "body": {
          "data": [
            {
              "ltp": 79.13,
              "other_margin": null,
              "sell_amount": 12824.1,
              "exchange": "NSE",
              "net_quantity": 0,
              "token": "REDACTED",
              "average_price": 0,
              "client_id": "REDACTED",
              "cf_sell_average_price": 0,
              "cf_sell_quantity": 0,
              "pledged_quantity": 0,
              "cf_buy_quantity": 0,
              "cf_sell_amount": 0,
              "instrument_token": 11184,
              "previous_close": 79.61,
              "trading_symbol": "IDFCFIRSTB-EQ",
              "v_login_id": "S10272",
              "pro_cli": "CLIENT",
              "display_symbol": "IDFCFIRSTB",
              "user_name": "REDACTED",
              "rmtm_sell_average_price": 79.6528,
              "close_price": 0,
              "prod_type": 16,
              "multiplier": 1,
              "symbol": "IDFCFIRSTB",
              "sell_quantity": 161,
              "segment": "Capital",
              "buy_quantity": 161,
              "cf_buy_amount": 0,
              "cf_buy_average_price": 0,
              "net_amount": -10.510000000000218,
              "series": "EQ",
              "average_sell_price": 79.6527950310559,
              "xe_uuid": "INE092T01019",
              "product": "MTF",
              "rmtm_buy_average_price": 79.7181,
              "buy_amount": 12834.61,
              "average_buy_price": 79.71807453416149,
              "realized_mtm": -1
            },
            {
              "ltp": 1039.9,
              "other_margin": null,
              "sell_amount": 11381.7,
              "exchange": "NSE",
              "net_quantity": 0,
              "token": "REDACTED",
              "average_price": 0,
              "client_id": "REDACTED",
              "cf_sell_average_price": 0,
              "cf_sell_quantity": 0,
              "pledged_quantity": 0,
              "cf_buy_quantity": 0,
              "cf_sell_amount": 0,
              "instrument_token": 20854,
              "previous_close": 1033.5,
              "trading_symbol": "HAPPYFORGE-EQ",
              "v_login_id": "S10272",
              "pro_cli": "CLIENT",
              "display_symbol": "HAPPYFORGE",
              "user_name": "REDACTED",
              "rmtm_sell_average_price": 1034.7,
              "close_price": 0,
              "prod_type": 16,
              "multiplier": 1,
              "symbol": "HAPPYFORGE",
              "sell_quantity": 11,
              "segment": "Capital",
              "buy_quantity": 11,
              "cf_buy_amount": 0,
              "cf_buy_average_price": 0,
              "net_amount": -16.099999999998545,
              "series": "EQ",
              "average_sell_price": 1034.7,
              "xe_uuid": "INE330T01021",
              "product": "MTF",
              "rmtm_buy_average_price": 1036.1636,
              "buy_amount": 11397.8,
              "average_buy_price": 1036.1636363636362,
              "realized_mtm": -1
            },
            {
              "ltp": 4032.3,
              "other_margin": null,
              "sell_amount": 12070.9,
              "exchange": "NSE",
              "net_quantity": 0,
              "token": "REDACTED",
              "average_price": 0,
              "client_id": "REDACTED",
              "cf_sell_average_price": 0,
              "cf_sell_quantity": 0,
              "pledged_quantity": 0,
              "cf_buy_quantity": 0,
              "cf_sell_amount": 0,
              "instrument_token": 11483,
              "previous_close": 4019.6,
              "trading_symbol": "LT-EQ",
              "v_login_id": "S10272",
              "pro_cli": "CLIENT",
              "display_symbol": "LT",
              "user_name": "REDACTED",
              "rmtm_sell_average_price": 4023.6333,
              "close_price": 0,
              "prod_type": 16,
              "multiplier": 1,
              "symbol": "LT",
              "sell_quantity": 3,
              "segment": "Capital",
              "buy_quantity": 3,
              "cf_buy_amount": 0,
              "cf_buy_average_price": 0,
              "net_amount": -7.5,
              "series": "EQ",
              "average_sell_price": 4023.633333333333,
              "xe_uuid": "INE018A01030",
              "product": "MTF",
              "rmtm_buy_average_price": 4026.1333,
              "buy_amount": 12078.4,
              "average_buy_price": 4026.133333333333,
              "realized_mtm": -1
            },
            {
              "ltp": 504.5,
              "other_margin": null,
              "sell_amount": 12092.849999999999,
              "exchange": "NSE",
              "net_quantity": 0,
              "token": "REDACTED",
              "average_price": 0,
              "client_id": "REDACTED",
              "cf_sell_average_price": 0,
              "cf_sell_quantity": 0,
              "pledged_quantity": 0,
              "cf_buy_quantity": 0,
              "cf_sell_amount": 0,
              "instrument_token": 9356,
              "previous_close": 500.95,
              "trading_symbol": "MSTCLTD-EQ",
              "v_login_id": "S10272",
              "pro_cli": "CLIENT",
              "display_symbol": "MSTCLTD",
              "user_name": "REDACTED",
              "rmtm_sell_average_price": 503.8687,
              "close_price": 0,
              "prod_type": 16,
              "multiplier": 1,
              "symbol": "MSTCLTD",
              "sell_quantity": 24,
              "segment": "Capital",
              "buy_quantity": 24,
              "cf_buy_amount": 0,
              "cf_buy_average_price": 0,
              "net_amount": -10.350000000002183,
              "series": "EQ",
              "average_sell_price": 503.8687499999999,
              "xe_uuid": "INE255X01014",
              "product": "MTF",
              "rmtm_buy_average_price": 504.3,
              "buy_amount": 12103.2,
              "average_buy_price": 504.3,
              "realized_mtm": -1
            },
            {
              "ltp": 1492,
              "other_margin": null,
              "sell_amount": 8925.800000000001,
              "exchange": "NSE",
              "net_quantity": 0,
              "token": "REDACTED",
              "average_price": 0,
              "client_id": "REDACTED",
              "cf_sell_average_price": 0,
              "cf_sell_quantity": 0,
              "pledged_quantity": 0,
              "cf_buy_quantity": 0,
              "cf_sell_amount": 0,
              "instrument_token": 2664,
              "previous_close": 1476.7,
              "trading_symbol": "PIDILITIND-EQ",
              "v_login_id": "S10272",
              "pro_cli": "CLIENT",
              "display_symbol": "PIDILITIND",
              "user_name": "REDACTED",
              "rmtm_sell_average_price": 1487.6333,
              "close_price": 0,
              "prod_type": 16,
              "multiplier": 1,
              "symbol": "PIDILITIND",
              "sell_quantity": 6,
              "segment": "Capital",
              "buy_quantity": 6,
              "cf_buy_amount": 0,
              "cf_buy_average_price": 0,
              "net_amount": 1.4000000000014552,
              "series": "EQ",
              "average_sell_price": 1487.6333333333334,
              "xe_uuid": "INE318A01026",
              "product": "MTF",
              "rmtm_buy_average_price": 1487.4,
              "buy_amount": 8924.4,
              "average_buy_price": 1487.3999999999999,
              "realized_mtm": 0
            },
            {
              "ltp": 613,
              "other_margin": null,
              "sell_amount": 12379.1,
              "exchange": "NSE",
              "net_quantity": 0,
              "token": "REDACTED",
              "average_price": 0,
              "client_id": "REDACTED",
              "cf_sell_average_price": 0,
              "cf_sell_quantity": 0,
              "pledged_quantity": 0,
              "cf_buy_quantity": 0,
              "cf_sell_amount": 0,
              "instrument_token": 19184,
              "previous_close": 616.35,
              "trading_symbol": "SFL-EQ",
              "v_login_id": "S10272",
              "pro_cli": "CLIENT",
              "display_symbol": "SFL",
              "user_name": "REDACTED",
              "rmtm_sell_average_price": 618.955,
              "close_price": 0,
              "prod_type": 16,
              "multiplier": 1,
              "symbol": "SFL",
              "sell_quantity": 20,
              "segment": "Capital",
              "buy_quantity": 20,
              "cf_buy_amount": 0,
              "cf_buy_average_price": 0,
              "net_amount": -12.099999999998545,
              "series": "EQ",
              "average_sell_price": 618.955,
              "xe_uuid": "INE916U01025",
              "product": "MTF",
              "rmtm_buy_average_price": 619.56,
              "buy_amount": 12391.199999999999,
              "average_buy_price": 619.56,
              "realized_mtm": -1
            },
            {
              "ltp": 2159.6,
              "other_margin": null,
              "sell_amount": 10772.8,
              "exchange": "NSE",
              "net_quantity": 0,
              "token": "REDACTED",
              "average_price": 0,
              "client_id": "REDACTED",
              "cf_sell_average_price": 0,
              "cf_sell_quantity": 0,
              "pledged_quantity": 0,
              "cf_buy_quantity": 0,
              "cf_sell_amount": 0,
              "instrument_token": 10604,
              "previous_close": 2159.8,
              "trading_symbol": "BHARTIARTL-EQ",
              "v_login_id": "S10272",
              "pro_cli": "CLIENT",
              "display_symbol": "BHARTIARTL",
              "user_name": "REDACTED",
              "rmtm_sell_average_price": 2154.56,
              "close_price": 0,
              "prod_type": 16,
              "multiplier": 1,
              "symbol": "BHARTIARTL",
              "sell_quantity": 5,
              "segment": "Capital",
              "buy_quantity": 5,
              "cf_buy_amount": 0,
              "cf_buy_average_price": 0,
              "net_amount": -0.4000000000014552,
              "series": "EQ",
              "average_sell_price": 2154.56,
              "xe_uuid": "INE397D01024",
              "product": "MTF",
              "rmtm_buy_average_price": 2154.64,
              "buy_amount": 10773.2,
              "average_buy_price": 2154.6400000000003,
              "realized_mtm": 0
            },
            {
              "ltp": 256.1,
              "other_margin": null,
              "sell_amount": 12558.95,
              "exchange": "NSE",
              "net_quantity": 0,
              "token": "REDACTED",
              "average_price": 0,
              "client_id": "REDACTED",
              "cf_sell_average_price": 0,
              "cf_sell_quantity": 0,
              "pledged_quantity": 0,
              "cf_buy_quantity": 0,
              "cf_sell_amount": 0,
              "instrument_token": 25426,
              "previous_close": 256.4,
              "trading_symbol": "NORTHARC-EQ",
              "v_login_id": "S10272",
              "pro_cli": "CLIENT",
              "display_symbol": "NORTHARC",
              "user_name": "REDACTED",
              "rmtm_sell_average_price": 256.3051,
              "close_price": 0,
              "prod_type": 16,
              "multiplier": 1,
              "symbol": "NORTHARC",
              "sell_quantity": 49,
              "segment": "Capital",
              "buy_quantity": 49,
              "cf_buy_amount": 0,
              "cf_buy_average_price": 0,
              "net_amount": -7.099999999998545,
              "series": "EQ",
              "average_sell_price": 256.30510204081634,
              "xe_uuid": "INE850M01015",
              "product": "MTF",
              "rmtm_buy_average_price": 256.45,
              "buy_amount": 12566.05,
              "average_buy_price": 256.45,
              "realized_mtm": 0
            },
            {
              "ltp": 507.9,
              "other_margin": null,
              "sell_amount": 12255.6,
              "exchange": "NSE",
              "net_quantity": 0,
              "token": "REDACTED",
              "average_price": 0,
              "client_id": "REDACTED",
              "cf_sell_average_price": 0,
              "cf_sell_quantity": 0,
              "pledged_quantity": 0,
              "cf_buy_quantity": 0,
              "cf_sell_amount": 0,
              "instrument_token": 17869,
              "previous_close": 513.65,
              "trading_symbol": "JSWENERGY-EQ",
              "v_login_id": "S10272",
              "pro_cli": "CLIENT",
              "display_symbol": "JSWENERGY",
              "user_name": "REDACTED",
              "rmtm_sell_average_price": 510.65,
              "close_price": 0,
              "prod_type": 16,
              "multiplier": 1,
              "symbol": "JSWENERGY",
              "sell_quantity": 24,
              "segment": "Capital",
              "buy_quantity": 24,
              "cf_buy_amount": 0,
              "cf_buy_average_price": 0,
              "net_amount": -7.199999999998909,
              "series": "EQ",
              "average_sell_price": 510.65000000000003,
              "xe_uuid": "INE121E01018",
              "product": "MTF",
              "rmtm_buy_average_price": 510.95,
              "buy_amount": 12262.8,
              "average_buy_price": 510.95,
              "realized_mtm": 0
            }
          ],
          "message": "",
          "status": "success"
        }
      },
      "responseString": {
        "data": [
          {
            "ltp": 79.13,
            "other_margin": null,
            "sell_amount": 12824.1,
            "exchange": "NSE",
            "net_quantity": 0,
            "token": "REDACTED",
            "average_price": 0,
            "client_id": "REDACTED",
            "cf_sell_average_price": 0,
            "cf_sell_quantity": 0,
            "pledged_quantity": 0,
            "cf_buy_quantity": 0,
            "cf_sell_amount": 0,
            "instrument_token": 11184,
            "previous_close": 79.61,
            "trading_symbol": "IDFCFIRSTB-EQ",
            "v_login_id": "S10272",
            "pro_cli": "CLIENT",
            "display_symbol": "IDFCFIRSTB",
            "user_name": "REDACTED",
            "rmtm_sell_average_price": 79.6528,
            "close_price": 0,
            "prod_type": 16,
            "multiplier": 1,
            "symbol": "IDFCFIRSTB",
            "sell_quantity": 161,
            "segment": "Capital",
            "buy_quantity": 161,
            "cf_buy_amount": 0,
            "cf_buy_average_price": 0,
            "net_amount": -10.510000000000218,
            "series": "EQ",
            "average_sell_price": 79.6527950310559,
            "xe_uuid": "INE092T01019",
            "product": "MTF",
            "rmtm_buy_average_price": 79.7181,
            "buy_amount": 12834.61,
            "average_buy_price": 79.71807453416149,
            "realized_mtm": -1
          },
          {
            "ltp": 1039.9,
            "other_margin": null,
            "sell_amount": 11381.7,
            "exchange": "NSE",
            "net_quantity": 0,
            "token": "REDACTED",
            "average_price": 0,
            "client_id": "REDACTED",
            "cf_sell_average_price": 0,
            "cf_sell_quantity": 0,
            "pledged_quantity": 0,
            "cf_buy_quantity": 0,
            "cf_sell_amount": 0,
            "instrument_token": 20854,
            "previous_close": 1033.5,
            "trading_symbol": "HAPPYFORGE-EQ",
            "v_login_id": "S10272",
            "pro_cli": "CLIENT",
            "display_symbol": "HAPPYFORGE",
            "user_name": "REDACTED",
            "rmtm_sell_average_price": 1034.7,
            "close_price": 0,
            "prod_type": 16,
            "multiplier": 1,
            "symbol": "HAPPYFORGE",
            "sell_quantity": 11,
            "segment": "Capital",
            "buy_quantity": 11,
            "cf_buy_amount": 0,
            "cf_buy_average_price": 0,
            "net_amount": -16.099999999998545,
            "series": "EQ",
            "average_sell_price": 1034.7,
            "xe_uuid": "INE330T01021",
            "product": "MTF",
            "rmtm_buy_average_price": 1036.1636,
            "buy_amount": 11397.8,
            "average_buy_price": 1036.1636363636362,
            "realized_mtm": -1
          },
          {
            "ltp": 4032.3,
            "other_margin": null,
            "sell_amount": 12070.9,
            "exchange": "NSE",
            "net_quantity": 0,
            "token": "REDACTED",
            "average_price": 0,
            "client_id": "REDACTED",
            "cf_sell_average_price": 0,
            "cf_sell_quantity": 0,
            "pledged_quantity": 0,
            "cf_buy_quantity": 0,
            "cf_sell_amount": 0,
            "instrument_token": 11483,
            "previous_close": 4019.6,
            "trading_symbol": "LT-EQ",
            "v_login_id": "S10272",
            "pro_cli": "CLIENT",
            "display_symbol": "LT",
            "user_name": "REDACTED",
            "rmtm_sell_average_price": 4023.6333,
            "close_price": 0,
            "prod_type": 16,
            "multiplier": 1,
            "symbol": "LT",
            "sell_quantity": 3,
            "segment": "Capital",
            "buy_quantity": 3,
            "cf_buy_amount": 0,
            "cf_buy_average_price": 0,
            "net_amount": -7.5,
            "series": "EQ",
            "average_sell_price": 4023.633333333333,
            "xe_uuid": "INE018A01030",
            "product": "MTF",
            "rmtm_buy_average_price": 4026.1333,
            "buy_amount": 12078.4,
            "average_buy_price": 4026.133333333333,
            "realized_mtm": -1
          },
          {
            "ltp": 504.5,
            "other_margin": null,
            "sell_amount": 12092.849999999999,
            "exchange": "NSE",
            "net_quantity": 0,
            "token": "REDACTED",
            "average_price": 0,
            "client_id": "REDACTED",
            "cf_sell_average_price": 0,
            "cf_sell_quantity": 0,
            "pledged_quantity": 0,
            "cf_buy_quantity": 0,
            "cf_sell_amount": 0,
            "instrument_token": 9356,
            "previous_close": 500.95,
            "trading_symbol": "MSTCLTD-EQ",
            "v_login_id": "S10272",
            "pro_cli": "CLIENT",
            "display_symbol": "MSTCLTD",
            "user_name": "REDACTED",
            "rmtm_sell_average_price": 503.8687,
            "close_price": 0,
            "prod_type": 16,
            "multiplier": 1,
            "symbol": "MSTCLTD",
            "sell_quantity": 24,
            "segment": "Capital",
            "buy_quantity": 24,
            "cf_buy_amount": 0,
            "cf_buy_average_price": 0,
            "net_amount": -10.350000000002183,
            "series": "EQ",
            "average_sell_price": 503.8687499999999,
            "xe_uuid": "INE255X01014",
            "product": "MTF",
            "rmtm_buy_average_price": 504.3,
            "buy_amount": 12103.2,
            "average_buy_price": 504.3,
            "realized_mtm": -1
          },
          {
            "ltp": 1492,
            "other_margin": null,
            "sell_amount": 8925.800000000001,
            "exchange": "NSE",
            "net_quantity": 0,
            "token": "REDACTED",
            "average_price": 0,
            "client_id": "REDACTED",
            "cf_sell_average_price": 0,
            "cf_sell_quantity": 0,
            "pledged_quantity": 0,
            "cf_buy_quantity": 0,
            "cf_sell_amount": 0,
            "instrument_token": 2664,
            "previous_close": 1476.7,
            "trading_symbol": "PIDILITIND-EQ",
            "v_login_id": "S10272",
            "pro_cli": "CLIENT",
            "display_symbol": "PIDILITIND",
            "user_name": "REDACTED",
            "rmtm_sell_average_price": 1487.6333,
            "close_price": 0,
            "prod_type": 16,
            "multiplier": 1,
            "symbol": "PIDILITIND",
            "sell_quantity": 6,
            "segment": "Capital",
            "buy_quantity": 6,
            "cf_buy_amount": 0,
            "cf_buy_average_price": 0,
            "net_amount": 1.4000000000014552,
            "series": "EQ",
            "average_sell_price": 1487.6333333333334,
            "xe_uuid": "INE318A01026",
            "product": "MTF",
            "rmtm_buy_average_price": 1487.4,
            "buy_amount": 8924.4,
            "average_buy_price": 1487.3999999999999,
            "realized_mtm": 0
          },
          {
            "ltp": 613,
            "other_margin": null,
            "sell_amount": 12379.1,
            "exchange": "NSE",
            "net_quantity": 0,
            "token": "REDACTED",
            "average_price": 0,
            "client_id": "REDACTED",
            "cf_sell_average_price": 0,
            "cf_sell_quantity": 0,
            "pledged_quantity": 0,
            "cf_buy_quantity": 0,
            "cf_sell_amount": 0,
            "instrument_token": 19184,
            "previous_close": 616.35,
            "trading_symbol": "SFL-EQ",
            "v_login_id": "S10272",
            "pro_cli": "CLIENT",
            "display_symbol": "SFL",
            "user_name": "REDACTED",
            "rmtm_sell_average_price": 618.955,
            "close_price": 0,
            "prod_type": 16,
            "multiplier": 1,
            "symbol": "SFL",
            "sell_quantity": 20,
            "segment": "Capital",
            "buy_quantity": 20,
            "cf_buy_amount": 0,
            "cf_buy_average_price": 0,
            "net_amount": -12.099999999998545,
            "series": "EQ",
            "average_sell_price": 618.955,
            "xe_uuid": "INE916U01025",
            "product": "MTF",
            "rmtm_buy_average_price": 619.56,
            "buy_amount": 12391.199999999999,
            "average_buy_price": 619.56,
            "realized_mtm": -1
          },
          {
            "ltp": 2159.6,
            "other_margin": null,
            "sell_amount": 10772.8,
            "exchange": "NSE",
            "net_quantity": 0,
            "token": "REDACTED",
            "average_price": 0,
            "client_id": "REDACTED",
            "cf_sell_average_price": 0,
            "cf_sell_quantity": 0,
            "pledged_quantity": 0,
            "cf_buy_quantity": 0,
            "cf_sell_amount": 0,
            "instrument_token": 10604,
            "previous_close": 2159.8,
            "trading_symbol": "BHARTIARTL-EQ",
            "v_login_id": "S10272",
            "pro_cli": "CLIENT",
            "display_symbol": "BHARTIARTL",
            "user_name": "REDACTED",
            "rmtm_sell_average_price": 2154.56,
            "close_price": 0,
            "prod_type": 16,
            "multiplier": 1,
            "symbol": "BHARTIARTL",
            "sell_quantity": 5,
            "segment": "Capital",
            "buy_quantity": 5,
            "cf_buy_amount": 0,
            "cf_buy_average_price": 0,
            "net_amount": -0.4000000000014552,
            "series": "EQ",
            "average_sell_price": 2154.56,
            "xe_uuid": "INE397D01024",
            "product": "MTF",
            "rmtm_buy_average_price": 2154.64,
            "buy_amount": 10773.2,
            "average_buy_price": 2154.6400000000003,
            "realized_mtm": 0
          },
          {
            "ltp": 256.1,
            "other_margin": null,
            "sell_amount": 12558.95,
            "exchange": "NSE",
            "net_quantity": 0,
            "token": "REDACTED",
            "average_price": 0,
            "client_id": "REDACTED",
            "cf_sell_average_price": 0,
            "cf_sell_quantity": 0,
            "pledged_quantity": 0,
            "cf_buy_quantity": 0,
            "cf_sell_amount": 0,
            "instrument_token": 25426,
            "previous_close": 256.4,
            "trading_symbol": "NORTHARC-EQ",
            "v_login_id": "S10272",
            "pro_cli": "CLIENT",
            "display_symbol": "NORTHARC",
            "user_name": "REDACTED",
            "rmtm_sell_average_price": 256.3051,
            "close_price": 0,
            "prod_type": 16,
            "multiplier": 1,
            "symbol": "NORTHARC",
            "sell_quantity": 49,
            "segment": "Capital",
            "buy_quantity": 49,
            "cf_buy_amount": 0,
            "cf_buy_average_price": 0,
            "net_amount": -7.099999999998545,
            "series": "EQ",
            "average_sell_price": 256.30510204081634,
            "xe_uuid": "INE850M01015",
            "product": "MTF",
            "rmtm_buy_average_price": 256.45,
            "buy_amount": 12566.05,
            "average_buy_price": 256.45,
            "realized_mtm": 0
          },
          {
            "ltp": 507.9,
            "other_margin": null,
            "sell_amount": 12255.6,
            "exchange": "NSE",
            "net_quantity": 0,
            "token": "REDACTED",
            "average_price": 0,
            "client_id": "REDACTED",
            "cf_sell_average_price": 0,
            "cf_sell_quantity": 0,
            "pledged_quantity": 0,
            "cf_buy_quantity": 0,
            "cf_sell_amount": 0,
            "instrument_token": 17869,
            "previous_close": 513.65,
            "trading_symbol": "JSWENERGY-EQ",
            "v_login_id": "S10272",
            "pro_cli": "CLIENT",
            "display_symbol": "JSWENERGY",
            "user_name": "REDACTED",
            "rmtm_sell_average_price": 510.65,
            "close_price": 0,
            "prod_type": 16,
            "multiplier": 1,
            "symbol": "JSWENERGY",
            "sell_quantity": 24,
            "segment": "Capital",
            "buy_quantity": 24,
            "cf_buy_amount": 0,
            "cf_buy_average_price": 0,
            "net_amount": -7.199999999998909,
            "series": "EQ",
            "average_sell_price": 510.65000000000003,
            "xe_uuid": "INE121E01018",
            "product": "MTF",
            "rmtm_buy_average_price": 510.95,
            "buy_amount": 12262.8,
            "average_buy_price": 510.95,
            "realized_mtm": 0
          }
        ],
        "message": "",
        "status": "success"
      }
    },
    "userId": "69044940460b987a8555aba0",
    "brokerFunctionLogId": "a6525a9e-83fa-4779-b98e-b5af73b01f1e",
    "functionName": "Portfolio.liveHoldings",
    "brokerName": "hdfcsky"
  },
  "reqId": "2ee6b9d0-c5e9-11f0-b207-ab18fd81b8ce",
  "msg": "",
  "time": "2025-11-20T08:16:15.502Z",
  "v": 0
},
{
  "name": "sc.service.sc-integrations-brokers-api",
  "version": "3.8.9",
  "hostname": "ip-10-137-0-149",
  "pid": 2795,
  "type": "SC_BROKER",
  "level": 30,
  "context": {
    "broker": "hdfcsky",
    "msg": "Successful request",
    "details": {
      "request": {
        "url": "https://developer.hdfcsky.com/oapi/v1/holdings?api_key=1bc928ff1ce54970b0a2f2ae4740dc77&client_id=S10272",
        "method": "GET",
        "headers": {
          "Authorization": "REDACTED",
          "Content-Type": "application/json"
        },
        "timeout": 20000
      },
      "userId": "S10272",
      "accessToken": "REDACTED",
      "response": {
        "statusCode": 200,
        "body": {
          "data": {
            "holdings": [
              {
                "symbol": "YESBANK",
                "quantity": 7,
                "isin": "INE528G01035",
                "exchange": "NSE",
                "previous_close": 22.93,
                "today_unpledge_quantity": 0,
                "t0_price": 0,
                "pledge_percentage": 70,
                "ltp": 22.73,
                "t1_price": 0,
                "pledge_allow": true,
                "branch_code": "",
                "token": "REDACTED",
                "pending_quantity": 4,
                "today_pledge_quantity": 0,
                "buy_avg_mtm": -1.399999999999995,
                "trading_symbol": "YESBANK",
                "net_holding_quantity": 7,
                "client_id": "REDACTED",
                "buy_avg": 22.93,
                "t2_quantity": 0,
                "actual_buy_avg": 22.93,
                "transaction_type": "",
                "t1_quantity": 0,
                "squared_off_free_quantity": 0,
                "pledge_value": 0,
                "pledge_quantity": 0,
                "used_quantity": 0,
                "pms_quantity": 7,
                "free_quantity": 3,
                "t2_price": 0,
                "instrument_details": {
                  "exchange": 1,
                  "instrument_name": "EQ",
                  "instrument_token": 11915,
                  "trading_symbol": "YESBANK-EQ"
                },
                "squared_off_pledge_quantity": 0,
                "t0_quantity": 0
              }
            ]
          },
          "message": "",
          "status": "success"
        }
      },
      "responseString": {
        "data": {
          "holdings": [
            {
              "symbol": "YESBANK",
              "quantity": 7,
              "isin": "INE528G01035",
              "exchange": "NSE",
              "previous_close": 22.93,
              "today_unpledge_quantity": 0,
              "t0_price": 0,
              "pledge_percentage": 70,
              "ltp": 22.73,
              "t1_price": 0,
              "pledge_allow": true,
              "branch_code": "",
              "token": "REDACTED",
              "pending_quantity": 4,
              "today_pledge_quantity": 0,
              "buy_avg_mtm": -1.399999999999995,
              "trading_symbol": "YESBANK",
              "net_holding_quantity": 7,
              "client_id": "REDACTED",
              "buy_avg": 22.93,
              "t2_quantity": 0,
              "actual_buy_avg": 22.93,
              "transaction_type": "",
              "t1_quantity": 0,
              "squared_off_free_quantity": 0,
              "pledge_value": 0,
              "pledge_quantity": 0,
              "used_quantity": 0,
              "pms_quantity": 7,
              "free_quantity": 3,
              "t2_price": 0,
              "instrument_details": {
                "exchange": 1,
                "instrument_name": "EQ",
                "instrument_token": 11915,
                "trading_symbol": "YESBANK-EQ"
              },
              "squared_off_pledge_quantity": 0,
              "t0_quantity": 0
            }
          ]
        },
        "message": "",
        "status": "success"
      }
    },
    "userId": "69044940460b987a8555aba0",
    "brokerFunctionLogId": "a6525a9e-83fa-4779-b98e-b5af73b01f1e",
    "functionName": "Portfolio.liveHoldings",
    "brokerName": "hdfcsky"
  },
  "reqId": "2ee6b9d0-c5e9-11f0-b207-ab18fd81b8ce",
  "msg": "",
  "time": "2025-11-20T08:16:15.392Z",
  "v": 0
},
{
  "name": "sc.service.sc-integrations-brokers-api",
  "version": "3.8.9",
  "hostname": "ip-10-137-0-149",
  "pid": 2795,
  "type": "SC_BROKER",
  "level": 30,
  "context": {
    "options": {
      "apiKey": "REDACTED",
      "accessToken": "REDACTED",
      "apiSecret": "REDACTED",
      "ipAddress": "REDACTED"
    },
    "response": {
      "error": null,
      "response": {
        "code": true,
        "reason": "success",
        "message": "Session check successful"
      }
    },
    "userId": "69044940460b987a8555aba0",
    "brokerFunctionLogId": "585e56d2-fc36-48c0-98fe-fa5f0c88c597",
    "brokerApi": {
      "functionName": "User.checkSession",
      "brokerName": "hdfcsky"
    }
  },
  "reqId": "2ec946c0-c5e9-11f0-b207-ab18fd81b8ce",
  "msg": "broker lib function response recieved",
  "time": "2025-11-20T08:16:15.307Z",
  "v": 0
},
{
  "name": "sc.service.sc-integrations-brokers-api",
  "version": "3.8.9",
  "hostname": "ip-10-137-0-149",
  "pid": 2795,
  "type": "SC_BROKER",
  "level": 30,
  "context": {
    "broker": "hdfcsky",
    "msg": "Successful request",
    "details": {
      "request": {
        "url": "https://developer.hdfcsky.com/oapi/v1/user/trading_info?client_id=S10272&api_key=1bc928ff1ce54970b0a2f2ae4740dc77",
        "method": "GET",
        "headers": {
          "Authorization": "REDACTED",
          "Content-Type": "application/json"
        },
        "timeout": 20000
      },
      "userId": "S10272",
      "accessToken": "REDACTED",
      "response": {
        "statusCode": 200,
        "body": {
          "data": {
            "client_id": "REDACTED",
            "ddpi": true,
            "exchanges_subscribed": [
              ""
            ],
            "name": "REDACTED",
            "poa_enabled": false,
            "products_enabled": [
              "CNC",
              "MIS",
              "NRML",
              "MTF"
            ],
            "status": "active"
          },
          "message": "",
          "status": "success"
        }
      },
      "responseString": {
        "data": {
          "client_id": "REDACTED",
          "ddpi": true,
          "exchanges_subscribed": [
            ""
          ],
          "name": "REDACTED",
          "poa_enabled": false,
          "products_enabled": [
            "CNC",
            "MIS",
            "NRML",
            "MTF"
          ],
          "status": "active"
        },
        "message": "",
        "status": "success"
      }
    },
    "userId": "69044940460b987a8555aba0",
    "brokerFunctionLogId": "585e56d2-fc36-48c0-98fe-fa5f0c88c597",
    "functionName": "User.checkSession",
    "brokerName": "hdfcsky"
  },
  "reqId": "2ec946c0-c5e9-11f0-b207-ab18fd81b8ce",
  "msg": "",
  "time": "2025-11-20T08:16:15.306Z",
  "v": 0
},
{
  "name": "sc.service.sc-integrations-brokers-api",
  "version": "3.8.9",
  "hostname": "ip-10-137-0-149",
  "pid": 2795,
  "type": "SC_BROKER",
  "level": 30,
  "context": {
    "options": {
      "accessToken": "REDACTED",
      "apiKey": "REDACTED",
      "apiSecret": "REDACTED",
      "buyAmount": 0,
      "sellAmount": 0,
      "stocksCount": 0
    },
    "response": {
      "error": null,
      "response": {
        "code": true,
        "reason": "success",
        "sufficientFunds": true,
        "requiredFunds": 0,
        "allowedSellValues": {
          "T0": 0,
          "T1": 1
        }
      }
    },
    "user": {
      "id": "69045647228214990ee7483a"
    },
    "brokerFunctionLogId": "266b8ee7-1055-4f5d-93a5-2d89a42b5982",
    "brokerApi": {
      "functionName": "Funds.check",
      "brokerName": "hdfcsky"
    }
  },
  "reqId": "e393ce70-c5e6-11f0-b207-ab18fd81b8ce",
  "msg": "broker lib function response recieved",
  "time": "2025-11-20T07:59:49.978Z",
  "v": 0
},
{
  "name": "sc.service.sc-integrations-brokers-api",
  "version": "3.8.9",
  "hostname": "ip-10-137-0-149",
  "pid": 2795,
  "type": "SC_BROKER",
  "level": 30,
  "context": {
    "options": {
      "apiKey": "REDACTED",
      "accessToken": "REDACTED",
      "apiSecret": "REDACTED",
      "ipAddress": "REDACTED"
    },
    "response": {
      "error": null,
      "response": {
        "code": true,
        "reason": "success",
        "message": "Session check successful"
      }
    },
    "userId": "69045647228214990ee7483a",
    "brokerFunctionLogId": "52dc8b99-994b-4d0e-9028-b86c2b1c03b3",
    "brokerApi": {
      "functionName": "User.checkSession",
      "brokerName": "hdfcsky"
    }
  },
  "reqId": "e34b53c0-c5e6-11f0-b207-ab18fd81b8ce",
  "msg": "broker lib function response recieved",
  "time": "2025-11-20T07:59:49.551Z",
  "v": 0
},
{
  "name": "sc.service.sc-integrations-brokers-api",
  "version": "3.8.9",
  "hostname": "ip-10-137-0-149",
  "pid": 2795,
  "type": "SC_BROKER",
  "level": 30,
  "context": {
    "broker": "hdfcsky",
    "msg": "Successful request",
    "details": {
      "request": {
        "url": "https://developer.hdfcsky.com/oapi/v1/user/trading_info?client_id=S2338362&api_key=1bc928ff1ce54970b0a2f2ae4740dc77",
        "method": "GET",
        "headers": {
          "Authorization": "REDACTED",
          "Content-Type": "application/json"
        },
        "timeout": 20000
      },
      "userId": "S2338362",
      "accessToken": "REDACTED",
      "response": {
        "statusCode": 200,
        "body": {
          "data": {
            "client_id": "REDACTED",
            "ddpi": false,
            "exchanges_subscribed": [
              ""
            ],
            "name": "REDACTED",
            "poa_enabled": false,
            "products_enabled": [
              "CNC",
              "MIS",
              "NRML",
              "MTF"
            ],
            "status": "active"
          },
          "message": "",
          "status": "success"
        }
      },
      "responseString": {
        "data": {
          "client_id": "REDACTED",
          "ddpi": false,
          "exchanges_subscribed": [
            ""
          ],
          "name": "REDACTED",
          "poa_enabled": false,
          "products_enabled": [
            "CNC",
            "MIS",
            "NRML",
            "MTF"
          ],
          "status": "active"
        },
        "message": "",
        "status": "success"
      }
    },
    "userId": "69045647228214990ee7483a",
    "brokerFunctionLogId": "52dc8b99-994b-4d0e-9028-b86c2b1c03b3",
    "functionName": "User.checkSession",
    "brokerName": "hdfcsky"
  },
  "reqId": "e34b53c0-c5e6-11f0-b207-ab18fd81b8ce",
  "msg": "",
  "time": "2025-11-20T07:59:49.550Z",
  "v": 0
},
{
  "name": "sc.service.sc-integrations-brokers-api",
  "version": "3.8.9",
  "hostname": "ip-10-137-0-149",
  "pid": 2795,
  "type": "SC_BROKER",
  "level": 30,
  "context": {
    "options": {
      "accessToken": "REDACTED",
      "apiKey": "REDACTED",
      "apiSecret": "REDACTED",
      "buyAmount": 0,
      "sellAmount": 0,
      "stocksCount": 0
    },
    "response": {
      "error": null,
      "response": {
        "code": true,
        "reason": "success",
        "sufficientFunds": true,
        "requiredFunds": 0,
        "allowedSellValues": {
          "T0": 0,
          "T1": 1
        }
      }
    },
    "user": {
      "id": "69045647228214990ee7483a"
    },
    "brokerFunctionLogId": "536eaf24-88e8-4f73-8fac-081266c442a6",
    "brokerApi": {
      "functionName": "Funds.check",
      "brokerName": "hdfcsky"
    }
  },
  "reqId": "4832c420-c5e3-11f0-b207-ab18fd81b8ce",
  "msg": "broker lib function response recieved",
  "time": "2025-11-20T07:34:00.804Z",
  "v": 0
},
